2026-08-31 21:04:14,862 - agentgate.server.application - INFO - 日志系统初始化完成
2026-08-31 21:04:14,862 - agentgate.server.application - INFO - 使用数据库: agentgate.db
2026-08-31 21:04:14,910 - agentgate.server.application - INFO - 调度器任务已创建
2026-08-31 21:04:14,913 - agentgate.task.scheduler - INFO - 任务调度器已启动，扫描间隔: 10秒
2026-08-31 21:04:14,913 - agentgate.task.service - INFO - 调度器已启动，间隔: 10秒
2026-08-31 21:04:14,913 - agentgate.task.scheduler - INFO - 开始扫描 PENDING 状态任务...
2026-08-31 21:04:14,918 - agentgate.task.scheduler - INFO - 找到 0 个待执行任务
2026-08-31 21:04:14,919 - agentgate.task.scheduler - INFO - 任务调度器已停止
2026-08-31 21:04:14,919 - agentgate.task.service - INFO - 调度器已停止
2026-08-31 21:19:40,159 - agentgate.server.application - INFO - 日志系统初始化完成
2026-08-31 21:19:40,159 - agentgate.server.application - INFO - 使用数据库: agentgate.db
2026-08-31 21:19:40,208 - agentgate.server.application - INFO - 调度器任务已创建
2026-08-31 21:19:40,209 - agentgate.task.scheduler - INFO - 任务调度器已启动，扫描间隔: 10秒
2026-08-31 21:19:40,209 - agentgate.task.service - INFO - 调度器已启动，间隔: 10秒
2026-08-31 21:19:40,209 - agentgate.task.scheduler - INFO - 开始扫描 PENDING 状态任务...
2026-08-31 21:19:40,215 - agentgate.task.scheduler - INFO - 找到 0 个待执行任务
2026-08-31 21:19:50,227 - agentgate.task.scheduler - INFO - 开始扫描 PENDING 状态任务...
2026-08-31 21:19:50,229 - agentgate.task.scheduler - INFO - 找到 0 个待执行任务
2026-08-31 21:19:55,956 - agentgate.task.service - INFO - Created task: a153ea8f-cc0f-441a-8bce-a55680b22d7f, name: complete-test
2026-08-31 21:20:00,233 - agentgate.task.scheduler - INFO - 开始扫描 PENDING 状态任务...
2026-08-31 21:20:00,234 - agentgate.task.scheduler - INFO - 找到 0 个待执行任务
2026-08-31 21:20:05,402 - agentgate.task.service - INFO - Task a153ea8f-cc0f-441a-8bce-a55680b22d7f started, status changed to PENDING
2026-08-31 21:20:10,236 - agentgate.task.scheduler - INFO - 开始扫描 PENDING 状态任务...
2026-08-31 21:20:10,237 - agentgate.task.scheduler - INFO - 找到 1 个待执行任务
2026-08-31 21:20:10,237 - agentgate.task.scheduler - INFO - 开始执行任务: a153ea8f-cc0f-441a-8bce-a55680b22d7f, 名称: complete-test
2026-08-31 21:20:10,237 - agentgate.task.scheduler - ERROR - 执行任务 a153ea8f-cc0f-441a-8bce-a55680b22d7f 失败: name 'TaskRun' is not defined
Traceback (most recent call last):
  File "D:\hw\pythonwork\xql\agentgate\src\agentgate\task\scheduler.py", line 76, in _scan_and_execute
    await self._execute_task(task)
  File "D:\hw\pythonwork\xql\agentgate\src\agentgate\task\scheduler.py", line 96, in _execute_task
    existing_runs = self.scheduler_service.repository.list_runs(task.id)
  File "D:\hw\pythonwork\xql\agentgate\src\agentgate\task\repository.py", line 326, in list_runs
    return [self._to_run_entity(m) for m in models]
            ~~~~~~~~~~~~~~~~~~~^^^
  File "D:\hw\pythonwork\xql\agentgate\src\agentgate\task\repository.py", line 392, in _to_run_entity
    return TaskRun(
           ^^^^^^^
NameError: name 'TaskRun' is not defined
2026-08-31 21:20:20,259 - agentgate.task.scheduler - INFO - 开始扫描 PENDING 状态任务...
2026-08-31 21:20:20,260 - agentgate.task.scheduler - INFO - 找到 0 个待执行任务
2026-08-31 21:20:30,271 - agentgate.task.scheduler - INFO - 开始扫描 PENDING 状态任务...
2026-08-31 21:20:30,272 - agentgate.task.scheduler - INFO - 找到 0 个待执行任务
2026-08-31 21:20:40,278 - agentgate.task.scheduler - INFO - 开始扫描 PENDING 状态任务...
2026-08-31 21:20:40,279 - agentgate.task.scheduler - INFO - 找到 0 个待执行任务
2026-08-31 21:20:50,293 - agentgate.task.scheduler - INFO - 开始扫描 PENDING 状态任务...
2026-08-31 21:20:50,294 - agentgate.task.scheduler - INFO - 找到 0 个待执行任务
2026-08-31 21:21:00,301 - agentgate.task.scheduler - INFO - 开始扫描 PENDING 状态任务...
2026-08-31 21:21:00,303 - agentgate.task.scheduler - INFO - 找到 0 个待执行任务
2026-08-31 21:21:10,307 - agentgate.task.scheduler - INFO - 开始扫描 PENDING 状态任务...
2026-08-31 21:21:10,308 - agentgate.task.scheduler - INFO - 找到 0 个待执行任务
2026-08-31 21:21:20,322 - agentgate.task.scheduler - INFO - 开始扫描 PENDING 状态任务...
2026-08-31 21:21:20,323 - agentgate.task.scheduler - INFO - 找到 0 个待执行任务
2026-08-31 21:21:30,332 - agentgate.task.scheduler - INFO - 开始扫描 PENDING 状态任务...
2026-08-31 21:21:30,334 - agentgate.task.scheduler - INFO - 找到 0 个待执行任务
2026-08-31 21:21:40,341 - agentgate.task.scheduler - INFO - 开始扫描 PENDING 状态任务...
2026-08-31 21:21:40,342 - agentgate.task.scheduler - INFO - 找到 0 个待执行任务
2026-08-31 21:21:50,350 - agentgate.task.scheduler - INFO - 开始扫描 PENDING 状态任务...
2026-08-31 21:21:50,351 - agentgate.task.scheduler - INFO - 找到 0 个待执行任务
2026-08-31 21:22:00,366 - agentgate.task.scheduler - INFO - 开始扫描 PENDING 状态任务...
2026-08-31 21:22:00,367 - agentgate.task.scheduler - INFO - 找到 0 个待执行任务
2026-08-31 21:22:10,374 - agentgate.task.scheduler - INFO - 开始扫描 PENDING 状态任务...
2026-08-31 21:22:10,375 - agentgate.task.scheduler - INFO - 找到 0 个待执行任务
2026-08-31 21:22:20,391 - agentgate.task.scheduler - INFO - 开始扫描 PENDING 状态任务...
2026-08-31 21:22:20,392 - agentgate.task.scheduler - INFO - 找到 0 个待执行任务
2026-08-31 21:22:27,851 - agentgate.server.application - INFO - 日志系统初始化完成
2026-08-31 21:22:27,851 - agentgate.server.application - INFO - 使用数据库: agentgate.db
2026-08-31 21:22:27,900 - agentgate.server.application - INFO - 调度器任务已创建
2026-08-31 21:22:27,901 - agentgate.task.scheduler - INFO - 任务调度器已启动，扫描间隔: 10秒
2026-08-31 21:22:27,901 - agentgate.task.service - INFO - 调度器已启动，间隔: 10秒
2026-08-31 21:22:27,902 - agentgate.task.scheduler - INFO - 开始扫描 PENDING 状态任务...
2026-08-31 21:22:27,907 - agentgate.task.scheduler - INFO - 找到 0 个待执行任务
2026-08-31 21:22:37,909 - agentgate.task.scheduler - INFO - 开始扫描 PENDING 状态任务...
2026-08-31 21:22:37,910 - agentgate.task.scheduler - INFO - 找到 0 个待执行任务
2026-08-31 21:22:38,690 - agentgate.task.service - INFO - Created task: 77746daa-7879-449e-897a-48e96774e298, name: final-test
2026-08-31 21:22:47,920 - agentgate.task.scheduler - INFO - 开始扫描 PENDING 状态任务...
2026-08-31 21:22:47,922 - agentgate.task.scheduler - INFO - 找到 0 个待执行任务
2026-08-31 21:22:57,929 - agentgate.task.scheduler - INFO - 开始扫描 PENDING 状态任务...
2026-08-31 21:22:57,930 - agentgate.task.scheduler - INFO - 找到 0 个待执行任务
2026-08-31 21:23:07,941 - agentgate.task.scheduler - INFO - 开始扫描 PENDING 状态任务...
2026-08-31 21:23:07,942 - agentgate.task.scheduler - INFO - 找到 0 个待执行任务
2026-08-31 21:23:16,908 - agentgate.task.service - INFO - Task 77746daa-7879-449e-897a-48e96774e298 started, status changed to PENDING
2026-08-31 21:23:17,955 - agentgate.task.scheduler - INFO - 开始扫描 PENDING 状态任务...
2026-08-31 21:23:17,957 - agentgate.task.scheduler - INFO - 找到 1 个待执行任务
2026-08-31 21:23:17,957 - agentgate.task.scheduler - INFO - 开始执行任务: 77746daa-7879-449e-897a-48e96774e298, 名称: final-test
2026-08-31 21:23:17,958 - agentgate.task.scheduler - INFO - 使用已有执行记录: run_id=e33aeb6e-9ef5-49e7-b20f-9b00fb9cf6df, run_no=1
2026-08-31 21:23:17,980 - agentgate.task.scheduler - INFO - 任务状态变更为 RUNNING: 77746daa-7879-449e-897a-48e96774e298
2026-08-31 21:23:17,983 - agentgate.task.scheduler - INFO - 用例执行完成: case_id=case_001, score=85.0
2026-08-31 21:23:17,989 - agentgate.task.scheduler - INFO - 任务执行完成: 77746daa-7879-449e-897a-48e96774e298, 状态: SUCCESS
2026-08-31 21:23:28,005 - agentgate.task.scheduler - INFO - 开始扫描 PENDING 状态任务...
2026-08-31 21:23:28,006 - agentgate.task.scheduler - INFO - 找到 0 个待执行任务
2026-08-31 21:23:38,009 - agentgate.task.scheduler - INFO - 开始扫描 PENDING 状态任务...
2026-08-31 21:23:38,011 - agentgate.task.scheduler - INFO - 找到 0 个待执行任务
2026-08-31 21:23:48,026 - agentgate.task.scheduler - INFO - 开始扫描 PENDING 状态任务...
2026-08-31 21:23:48,028 - agentgate.task.scheduler - INFO - 找到 0 个待执行任务
2026-08-31 21:23:58,030 - agentgate.task.scheduler - INFO - 开始扫描 PENDING 状态任务...
2026-08-31 21:23:58,031 - agentgate.task.scheduler - INFO - 找到 0 个待执行任务
2026-08-31 21:24:08,036 - agentgate.task.scheduler - INFO - 开始扫描 PENDING 状态任务...
2026-08-31 21:24:08,037 - agentgate.task.scheduler - INFO - 找到 0 个待执行任务
2026-08-31 21:24:18,042 - agentgate.task.scheduler - INFO - 开始扫描 PENDING 状态任务...
2026-08-31 21:24:18,043 - agentgate.task.scheduler - INFO - 找到 0 个待执行任务
2026-08-31 21:24:28,054 - agentgate.task.scheduler - INFO - 开始扫描 PENDING 状态任务...
2026-08-31 21:24:28,055 - agentgate.task.scheduler - INFO - 找到 0 个待执行任务
2026-08-31 21:24:38,062 - agentgate.task.scheduler - INFO - 开始扫描 PENDING 状态任务...
2026-08-31 21:24:38,063 - agentgate.task.scheduler - INFO - 找到 0 个待执行任务
2026-08-31 21:24:48,064 - agentgate.task.scheduler - INFO - 开始扫描 PENDING 状态任务...
2026-08-31 21:24:48,066 - agentgate.task.scheduler - INFO - 找到 0 个待执行任务
2026-08-31 21:24:58,071 - agentgate.task.scheduler - INFO - 开始扫描 PENDING 状态任务...
2026-08-31 21:24:58,072 - agentgate.task.scheduler - INFO - 找到 0 个待执行任务
2026-08-31 21:25:08,079 - agentgate.task.scheduler - INFO - 开始扫描 PENDING 状态任务...
2026-08-31 21:25:08,080 - agentgate.task.scheduler - INFO - 找到 0 个待执行任务
2026-08-31 21:25:18,091 - agentgate.task.scheduler - INFO - 开始扫描 PENDING 状态任务...
2026-08-31 21:25:18,092 - agentgate.task.scheduler - INFO - 找到 0 个待执行任务
2026-08-31 21:25:28,107 - agentgate.task.scheduler - INFO - 开始扫描 PENDING 状态任务...
2026-08-31 21:25:28,108 - agentgate.task.scheduler - INFO - 找到 0 个待执行任务
2026-08-31 21:25:38,115 - agentgate.task.scheduler - INFO - 开始扫描 PENDING 状态任务...
2026-08-31 21:25:38,117 - agentgate.task.scheduler - INFO - 找到 0 个待执行任务
2026-08-31 21:25:48,118 - agentgate.task.scheduler - INFO - 开始扫描 PENDING 状态任务...
2026-08-31 21:25:48,119 - agentgate.task.scheduler - INFO - 找到 0 个待执行任务
2026-08-31 21:25:58,128 - agentgate.task.scheduler - INFO - 开始扫描 PENDING 状态任务...
2026-08-31 21:25:58,129 - agentgate.task.scheduler - INFO - 找到 0 个待执行任务
2026-08-31 21:26:08,142 - agentgate.task.scheduler - INFO - 开始扫描 PENDING 状态任务...
2026-08-31 21:26:08,143 - agentgate.task.scheduler - INFO - 找到 0 个待执行任务
2026-08-31 21:26:18,157 - agentgate.task.scheduler - INFO - 开始扫描 PENDING 状态任务...
2026-08-31 21:26:18,159 - agentgate.task.scheduler - INFO - 找到 0 个待执行任务
2026-08-31 21:26:28,170 - agentgate.task.scheduler - INFO - 开始扫描 PENDING 状态任务...
2026-08-31 21:26:28,171 - agentgate.task.scheduler - INFO - 找到 0 个待执行任务
2026-08-31 21:26:38,173 - agentgate.task.scheduler - INFO - 开始扫描 PENDING 状态任务...
2026-08-31 21:26:38,174 - agentgate.task.scheduler - INFO - 找到 0 个待执行任务
2026-08-31 21:26:48,177 - agentgate.task.scheduler - INFO - 开始扫描 PENDING 状态任务...
2026-08-31 21:26:48,178 - agentgate.task.scheduler - INFO - 找到 0 个待执行任务
2026-08-31 21:26:58,181 - agentgate.task.scheduler - INFO - 开始扫描 PENDING 状态任务...
2026-08-31 21:26:58,183 - agentgate.task.scheduler - INFO - 找到 0 个待执行任务
2026-08-31 21:27:08,190 - agentgate.task.scheduler - INFO - 开始扫描 PENDING 状态任务...
2026-08-31 21:27:08,192 - agentgate.task.scheduler - INFO - 找到 0 个待执行任务
2026-08-31 21:27:18,203 - agentgate.task.scheduler - INFO - 开始扫描 PENDING 状态任务...
2026-08-31 21:27:18,204 - agentgate.task.scheduler - INFO - 找到 0 个待执行任务
2026-08-31 21:27:28,210 - agentgate.task.scheduler - INFO - 开始扫描 PENDING 状态任务...
2026-08-31 21:27:28,212 - agentgate.task.scheduler - INFO - 找到 0 个待执行任务
2026-08-31 21:27:38,221 - agentgate.task.scheduler - INFO - 开始扫描 PENDING 状态任务...
2026-08-31 21:27:38,222 - agentgate.task.scheduler - INFO - 找到 0 个待执行任务
2026-08-31 21:27:48,230 - agentgate.task.scheduler - INFO - 开始扫描 PENDING 状态任务...
2026-08-31 21:27:48,231 - agentgate.task.scheduler - INFO - 找到 0 个待执行任务
2026-08-31 21:27:58,236 - agentgate.task.scheduler - INFO - 开始扫描 PENDING 状态任务...
2026-08-31 21:27:58,238 - agentgate.task.scheduler - INFO - 找到 0 个待执行任务
2026-08-31 21:28:08,248 - agentgate.task.scheduler - INFO - 开始扫描 PENDING 状态任务...
2026-08-31 21:28:08,249 - agentgate.task.scheduler - INFO - 找到 0 个待执行任务
2026-08-31 21:28:18,251 - agentgate.task.scheduler - INFO - 开始扫描 PENDING 状态任务...
2026-08-31 21:28:18,252 - agentgate.task.scheduler - INFO - 找到 0 个待执行任务
2026-08-31 21:28:28,255 - agentgate.task.scheduler - INFO - 开始扫描 PENDING 状态任务...
2026-08-31 21:28:28,256 - agentgate.task.scheduler - INFO - 找到 0 个待执行任务
2026-08-31 21:28:38,266 - agentgate.task.scheduler - INFO - 开始扫描 PENDING 状态任务...
2026-08-31 21:28:38,267 - agentgate.task.scheduler - INFO - 找到 0 个待执行任务
2026-08-31 21:28:48,271 - agentgate.task.scheduler - INFO - 开始扫描 PENDING 状态任务...
2026-08-31 21:28:48,272 - agentgate.task.scheduler - INFO - 找到 0 个待执行任务
2026-08-31 21:28:58,287 - agentgate.task.scheduler - INFO - 开始扫描 PENDING 状态任务...
2026-08-31 21:28:58,288 - agentgate.task.scheduler - INFO - 找到 0 个待执行任务
2026-08-31 21:29:08,300 - agentgate.task.scheduler - INFO - 开始扫描 PENDING 状态任务...
2026-08-31 21:29:08,301 - agentgate.task.scheduler - INFO - 找到 0 个待执行任务
2026-08-31 21:29:18,307 - agentgate.task.scheduler - INFO - 开始扫描 PENDING 状态任务...
2026-08-31 21:29:18,309 - agentgate.task.scheduler - INFO - 找到 0 个待执行任务
2026-08-31 21:29:28,313 - agentgate.task.scheduler - INFO - 开始扫描 PENDING 状态任务...
2026-08-31 21:29:28,315 - agentgate.task.scheduler - INFO - 找到 0 个待执行任务
2026-08-31 21:29:38,324 - agentgate.task.scheduler - INFO - 开始扫描 PENDING 状态任务...
2026-08-31 21:29:38,325 - agentgate.task.scheduler - INFO - 找到 0 个待执行任务
2026-08-31 21:29:48,328 - agentgate.task.scheduler - INFO - 开始扫描 PENDING 状态任务...
2026-08-31 21:29:48,330 - agentgate.task.scheduler - INFO - 找到 0 个待执行任务
2026-08-31 21:29:58,335 - agentgate.task.scheduler - INFO - 开始扫描 PENDING 状态任务...
2026-08-31 21:29:58,336 - agentgate.task.scheduler - INFO - 找到 0 个待执行任务
2026-08-31 21:30:08,346 - agentgate.task.scheduler - INFO - 开始扫描 PENDING 状态任务...
2026-08-31 21:30:08,347 - agentgate.task.scheduler - INFO - 找到 0 个待执行任务
2026-08-31 21:30:18,357 - agentgate.task.scheduler - INFO - 开始扫描 PENDING 状态任务...
2026-08-31 21:30:18,358 - agentgate.task.scheduler - INFO - 找到 0 个待执行任务
2026-08-31 21:30:28,374 - agentgate.task.scheduler - INFO - 开始扫描 PENDING 状态任务...
2026-08-31 21:30:28,375 - agentgate.task.scheduler - INFO - 找到 0 个待执行任务
2026-08-31 21:30:38,391 - agentgate.task.scheduler - INFO - 开始扫描 PENDING 状态任务...
2026-08-31 21:30:38,393 - agentgate.task.scheduler - INFO - 找到 0 个待执行任务
2026-08-31 21:30:48,402 - agentgate.task.scheduler - INFO - 开始扫描 PENDING 状态任务...
2026-08-31 21:30:48,403 - agentgate.task.scheduler - INFO - 找到 0 个待执行任务
2026-08-31 21:30:58,413 - agentgate.task.scheduler - INFO - 开始扫描 PENDING 状态任务...
2026-08-31 21:30:58,415 - agentgate.task.scheduler - INFO - 找到 0 个待执行任务
2026-08-31 21:31:08,426 - agentgate.task.scheduler - INFO - 开始扫描 PENDING 状态任务...
2026-08-31 21:31:08,427 - agentgate.task.scheduler - INFO - 找到 0 个待执行任务
2026-08-31 21:31:18,434 - agentgate.task.scheduler - INFO - 开始扫描 PENDING 状态任务...
2026-08-31 21:31:18,436 - agentgate.task.scheduler - INFO - 找到 0 个待执行任务
2026-08-31 21:31:28,450 - agentgate.task.scheduler - INFO - 开始扫描 PENDING 状态任务...
2026-08-31 21:31:28,452 - agentgate.task.scheduler - INFO - 找到 0 个待执行任务
2026-08-31 21:31:38,453 - agentgate.task.scheduler - INFO - 开始扫描 PENDING 状态任务...
2026-08-31 21:31:38,454 - agentgate.task.scheduler - INFO - 找到 0 个待执行任务
2026-08-31 21:31:48,470 - agentgate.task.scheduler - INFO - 开始扫描 PENDING 状态任务...
2026-08-31 21:31:48,472 - agentgate.task.scheduler - INFO - 找到 0 个待执行任务
2026-08-31 21:31:58,473 - agentgate.task.scheduler - INFO - 开始扫描 PENDING 状态任务...
2026-08-31 21:31:58,474 - agentgate.task.scheduler - INFO - 找到 0 个待执行任务
2026-08-31 21:32:08,481 - agentgate.task.scheduler - INFO - 开始扫描 PENDING 状态任务...
2026-08-31 21:32:08,482 - agentgate.task.scheduler - INFO - 找到 0 个待执行任务
2026-08-31 21:32:18,485 - agentgate.task.scheduler - INFO - 开始扫描 PENDING 状态任务...
2026-08-31 21:32:18,486 - agentgate.task.scheduler - INFO - 找到 0 个待执行任务
2026-08-31 21:32:28,498 - agentgate.task.scheduler - INFO - 开始扫描 PENDING 状态任务...
2026-08-31 21:32:28,500 - agentgate.task.scheduler - INFO - 找到 0 个待执行任务
2026-08-31 21:32:38,506 - agentgate.task.scheduler - INFO - 开始扫描 PENDING 状态任务...
2026-08-31 21:32:38,507 - agentgate.task.scheduler - INFO - 找到 0 个待执行任务
2026-08-31 21:32:48,518 - agentgate.task.scheduler - INFO - 开始扫描 PENDING 状态任务...
2026-08-31 21:32:48,519 - agentgate.task.scheduler - INFO - 找到 0 个待执行任务
2026-08-31 21:32:58,528 - agentgate.task.scheduler - INFO - 开始扫描 PENDING 状态任务...
2026-08-31 21:32:58,529 - agentgate.task.scheduler - INFO - 找到 0 个待执行任务
2026-08-31 21:33:08,532 - agentgate.task.scheduler - INFO - 开始扫描 PENDING 状态任务...
2026-08-31 21:33:08,533 - agentgate.task.scheduler - INFO - 找到 0 个待执行任务
2026-08-31 21:33:18,542 - agentgate.task.scheduler - INFO - 开始扫描 PENDING 状态任务...
2026-08-31 21:33:18,544 - agentgate.task.scheduler - INFO - 找到 0 个待执行任务
2026-08-31 21:33:28,554 - agentgate.task.scheduler - INFO - 开始扫描 PENDING 状态任务...
2026-08-31 21:33:28,555 - agentgate.task.scheduler - INFO - 找到 0 个待执行任务
2026-08-31 21:33:38,569 - agentgate.task.scheduler - INFO - 开始扫描 PENDING 状态任务...
2026-08-31 21:33:38,571 - agentgate.task.scheduler - INFO - 找到 0 个待执行任务
2026-08-31 21:33:48,585 - agentgate.task.scheduler - INFO - 开始扫描 PENDING 状态任务...
2026-08-31 21:33:48,586 - agentgate.task.scheduler - INFO - 找到 0 个待执行任务
2026-08-31 21:33:58,590 - agentgate.task.scheduler - INFO - 开始扫描 PENDING 状态任务...
2026-08-31 21:33:58,592 - agentgate.task.scheduler - INFO - 找到 0 个待执行任务
2026-08-31 21:34:08,596 - agentgate.task.scheduler - INFO - 开始扫描 PENDING 状态任务...
2026-08-31 21:34:08,598 - agentgate.task.scheduler - INFO - 找到 0 个待执行任务
2026-08-31 21:34:18,605 - agentgate.task.scheduler - INFO - 开始扫描 PENDING 状态任务...
2026-08-31 21:34:18,606 - agentgate.task.scheduler - INFO - 找到 0 个待执行任务
2026-08-31 21:34:28,622 - agentgate.task.scheduler - INFO - 开始扫描 PENDING 状态任务...
2026-08-31 21:34:28,623 - agentgate.task.scheduler - INFO - 找到 0 个待执行任务
2026-08-31 21:34:38,631 - agentgate.task.scheduler - INFO - 开始扫描 PENDING 状态任务...
2026-08-31 21:34:38,633 - agentgate.task.scheduler - INFO - 找到 0 个待执行任务
2026-08-31 21:34:48,645 - agentgate.task.scheduler - INFO - 开始扫描 PENDING 状态任务...
2026-08-31 21:34:48,646 - agentgate.task.scheduler - INFO - 找到 0 个待执行任务
2026-08-31 21:34:58,650 - agentgate.task.scheduler - INFO - 开始扫描 PENDING 状态任务...
2026-08-31 21:34:58,651 - agentgate.task.scheduler - INFO - 找到 0 个待执行任务
2026-08-31 21:35:08,664 - agentgate.task.scheduler - INFO - 开始扫描 PENDING 状态任务...
2026-08-31 21:35:08,665 - agentgate.task.scheduler - INFO - 找到 0 个待执行任务
2026-08-31 21:35:18,674 - agentgate.task.scheduler - INFO - 开始扫描 PENDING 状态任务...
2026-08-31 21:35:18,675 - agentgate.task.scheduler - INFO - 找到 0 个待执行任务
2026-08-31 21:35:28,679 - agentgate.task.scheduler - INFO - 开始扫描 PENDING 状态任务...
2026-08-31 21:35:28,681 - agentgate.task.scheduler - INFO - 找到 0 个待执行任务
2026-08-31 21:35:38,691 - agentgate.task.scheduler - INFO - 开始扫描 PENDING 状态任务...
2026-08-31 21:35:38,693 - agentgate.task.scheduler - INFO - 找到 0 个待执行任务
2026-08-31 21:35:48,698 - agentgate.task.scheduler - INFO - 开始扫描 PENDING 状态任务...
2026-08-31 21:35:48,699 - agentgate.task.scheduler - INFO - 找到 0 个待执行任务
2026-08-31 21:35:58,700 - agentgate.task.scheduler - INFO - 开始扫描 PENDING 状态任务...
2026-08-31 21:35:58,702 - agentgate.task.scheduler - INFO - 找到 0 个待执行任务
2026-08-31 21:36:08,717 - agentgate.task.scheduler - INFO - 开始扫描 PENDING 状态任务...
2026-08-31 21:36:08,718 - agentgate.task.scheduler - INFO - 找到 0 个待执行任务
2026-08-31 21:36:18,723 - agentgate.task.scheduler - INFO - 开始扫描 PENDING 状态任务...
2026-08-31 21:36:18,724 - agentgate.task.scheduler - INFO - 找到 0 个待执行任务
2026-08-31 21:36:28,740 - agentgate.task.scheduler - INFO - 开始扫描 PENDING 状态任务...
2026-08-31 21:36:28,741 - agentgate.task.scheduler - INFO - 找到 0 个待执行任务
2026-08-31 21:36:38,754 - agentgate.task.scheduler - INFO - 开始扫描 PENDING 状态任务...
2026-08-31 21:36:38,755 - agentgate.task.scheduler - INFO - 找到 0 个待执行任务
2026-08-31 21:36:48,756 - agentgate.task.scheduler - INFO - 开始扫描 PENDING 状态任务...
2026-08-31 21:36:48,758 - agentgate.task.scheduler - INFO - 找到 0 个待执行任务
2026-08-31 21:36:58,764 - agentgate.task.scheduler - INFO - 开始扫描 PENDING 状态任务...
2026-08-31 21:36:58,766 - agentgate.task.scheduler - INFO - 找到 0 个待执行任务
2026-08-31 21:37:08,777 - agentgate.task.scheduler - INFO - 开始扫描 PENDING 状态任务...
2026-08-31 21:37:08,779 - agentgate.task.scheduler - INFO - 找到 0 个待执行任务
2026-08-31 21:37:18,795 - agentgate.task.scheduler - INFO - 开始扫描 PENDING 状态任务...
2026-08-31 21:37:18,796 - agentgate.task.scheduler - INFO - 找到 0 个待执行任务
2026-08-31 21:37:28,812 - agentgate.task.scheduler - INFO - 开始扫描 PENDING 状态任务...
2026-08-31 21:37:28,813 - agentgate.task.scheduler - INFO - 找到 0 个待执行任务
2026-08-31 21:37:38,818 - agentgate.task.scheduler - INFO - 开始扫描 PENDING 状态任务...
2026-08-31 21:37:38,819 - agentgate.task.scheduler - INFO - 找到 0 个待执行任务
2026-08-31 21:37:48,826 - agentgate.task.scheduler - INFO - 开始扫描 PENDING 状态任务...
2026-08-31 21:37:48,827 - agentgate.task.scheduler - INFO - 找到 0 个待执行任务
2026-08-31 21:37:58,830 - agentgate.task.scheduler - INFO - 开始扫描 PENDING 状态任务...
2026-08-31 21:37:58,831 - agentgate.task.scheduler - INFO - 找到 0 个待执行任务
2026-08-31 21:38:08,844 - agentgate.task.scheduler - INFO - 开始扫描 PENDING 状态任务...
2026-08-31 21:38:08,846 - agentgate.task.scheduler - INFO - 找到 0 个待执行任务
2026-08-31 21:38:18,849 - agentgate.task.scheduler - INFO - 开始扫描 PENDING 状态任务...
2026-08-31 21:38:18,850 - agentgate.task.scheduler - INFO - 找到 0 个待执行任务
2026-08-31 21:38:28,851 - agentgate.task.scheduler - INFO - 开始扫描 PENDING 状态任务...
2026-08-31 21:38:28,852 - agentgate.task.scheduler - INFO - 找到 0 个待执行任务
2026-08-31 21:38:38,855 - agentgate.task.scheduler - INFO - 开始扫描 PENDING 状态任务...
2026-08-31 21:38:38,856 - agentgate.task.scheduler - INFO - 找到 0 个待执行任务
2026-08-31 21:38:48,872 - agentgate.task.scheduler - INFO - 开始扫描 PENDING 状态任务...
2026-08-31 21:38:48,873 - agentgate.task.scheduler - INFO - 找到 0 个待执行任务
2026-08-31 21:38:58,877 - agentgate.task.scheduler - INFO - 开始扫描 PENDING 状态任务...
2026-08-31 21:38:58,879 - agentgate.task.scheduler - INFO - 找到 0 个待执行任务
2026-08-31 21:39:08,891 - agentgate.task.scheduler - INFO - 开始扫描 PENDING 状态任务...
2026-08-31 21:39:08,892 - agentgate.task.scheduler - INFO - 找到 0 个待执行任务
2026-08-31 21:39:18,902 - agentgate.task.scheduler - INFO - 开始扫描 PENDING 状态任务...
2026-08-31 21:39:18,903 - agentgate.task.scheduler - INFO - 找到 0 个待执行任务
2026-08-31 21:39:28,912 - agentgate.task.scheduler - INFO - 开始扫描 PENDING 状态任务...
2026-08-31 21:39:28,913 - agentgate.task.scheduler - INFO - 找到 0 个待执行任务
2026-08-31 21:39:38,928 - agentgate.task.scheduler - INFO - 开始扫描 PENDING 状态任务...
2026-08-31 21:39:38,929 - agentgate.task.scheduler - INFO - 找到 0 个待执行任务
2026-08-31 21:39:48,940 - agentgate.task.scheduler - INFO - 开始扫描 PENDING 状态任务...
2026-08-31 21:39:48,941 - agentgate.task.scheduler - INFO - 找到 0 个待执行任务
2026-08-31 21:39:58,956 - agentgate.task.scheduler - INFO - 开始扫描 PENDING 状态任务...
2026-08-31 21:39:58,958 - agentgate.task.scheduler - INFO - 找到 0 个待执行任务
2026-08-31 21:40:08,960 - agentgate.task.scheduler - INFO - 开始扫描 PENDING 状态任务...
2026-08-31 21:40:08,961 - agentgate.task.scheduler - INFO - 找到 0 个待执行任务
2026-08-31 21:40:18,972 - agentgate.task.scheduler - INFO - 开始扫描 PENDING 状态任务...
2026-08-31 21:40:18,973 - agentgate.task.scheduler - INFO - 找到 0 个待执行任务
2026-08-31 21:40:28,980 - agentgate.task.scheduler - INFO - 开始扫描 PENDING 状态任务...
2026-08-31 21:40:28,982 - agentgate.task.scheduler - INFO - 找到 0 个待执行任务
2026-08-31 21:40:38,991 - agentgate.task.scheduler - INFO - 开始扫描 PENDING 状态任务...
2026-08-31 21:40:38,992 - agentgate.task.scheduler - INFO - 找到 0 个待执行任务
2026-08-31 21:40:49,000 - agentgate.task.scheduler - INFO - 开始扫描 PENDING 状态任务...
2026-08-31 21:40:49,001 - agentgate.task.scheduler - INFO - 找到 0 个待执行任务
2026-08-31 21:40:59,013 - agentgate.task.scheduler - INFO - 开始扫描 PENDING 状态任务...
2026-08-31 21:40:59,014 - agentgate.task.scheduler - INFO - 找到 0 个待执行任务
2026-08-31 21:41:09,021 - agentgate.task.scheduler - INFO - 开始扫描 PENDING 状态任务...
2026-08-31 21:41:09,022 - agentgate.task.scheduler - INFO - 找到 0 个待执行任务
2026-08-31 21:41:19,028 - agentgate.task.scheduler - INFO - 开始扫描 PENDING 状态任务...
2026-08-31 21:41:19,029 - agentgate.task.scheduler - INFO - 找到 0 个待执行任务
2026-08-31 21:41:29,042 - agentgate.task.scheduler - INFO - 开始扫描 PENDING 状态任务...
2026-08-31 21:41:29,043 - agentgate.task.scheduler - INFO - 找到 0 个待执行任务
2026-08-31 21:41:39,053 - agentgate.task.scheduler - INFO - 开始扫描 PENDING 状态任务...
2026-08-31 21:41:39,054 - agentgate.task.scheduler - INFO - 找到 0 个待执行任务
2026-08-31 21:41:49,056 - agentgate.task.scheduler - INFO - 开始扫描 PENDING 状态任务...
2026-08-31 21:41:49,058 - agentgate.task.scheduler - INFO - 找到 0 个待执行任务
2026-08-31 21:41:59,063 - agentgate.task.scheduler - INFO - 开始扫描 PENDING 状态任务...
2026-08-31 21:41:59,064 - agentgate.task.scheduler - INFO - 找到 0 个待执行任务
2026-08-31 21:42:09,071 - agentgate.task.scheduler - INFO - 开始扫描 PENDING 状态任务...
2026-08-31 21:42:09,072 - agentgate.task.scheduler - INFO - 找到 0 个待执行任务
2026-08-31 21:42:19,082 - agentgate.task.scheduler - INFO - 开始扫描 PENDING 状态任务...
2026-08-31 21:42:19,084 - agentgate.task.scheduler - INFO - 找到 0 个待执行任务
2026-08-31 21:42:29,085 - agentgate.task.scheduler - INFO - 开始扫描 PENDING 状态任务...
2026-08-31 21:42:29,086 - agentgate.task.scheduler - INFO - 找到 0 个待执行任务
2026-08-31 21:42:39,091 - agentgate.task.scheduler - INFO - 开始扫描 PENDING 状态任务...
2026-08-31 21:42:39,093 - agentgate.task.scheduler - INFO - 找到 0 个待执行任务
2026-08-31 21:42:49,102 - agentgate.task.scheduler - INFO - 开始扫描 PENDING 状态任务...
2026-08-31 21:42:49,104 - agentgate.task.scheduler - INFO - 找到 0 个待执行任务
2026-08-31 21:42:59,112 - agentgate.task.scheduler - INFO - 开始扫描 PENDING 状态任务...
2026-08-31 21:42:59,113 - agentgate.task.scheduler - INFO - 找到 0 个待执行任务
2026-08-31 21:43:09,121 - agentgate.task.scheduler - INFO - 开始扫描 PENDING 状态任务...
2026-08-31 21:43:09,122 - agentgate.task.scheduler - INFO - 找到 0 个待执行任务
2026-08-31 21:43:19,132 - agentgate.task.scheduler - INFO - 开始扫描 PENDING 状态任务...
2026-08-31 21:43:19,133 - agentgate.task.scheduler - INFO - 找到 0 个待执行任务
2026-08-31 21:43:29,148 - agentgate.task.scheduler - INFO - 开始扫描 PENDING 状态任务...
2026-08-31 21:43:29,149 - agentgate.task.scheduler - INFO - 找到 0 个待执行任务
2026-08-31 21:43:39,150 - agentgate.task.scheduler - INFO - 开始扫描 PENDING 状态任务...
2026-08-31 21:43:39,153 - agentgate.task.scheduler - INFO - 找到 0 个待执行任务
2026-08-31 21:43:49,169 - agentgate.task.scheduler - INFO - 开始扫描 PENDING 状态任务...
2026-08-31 21:43:49,170 - agentgate.task.scheduler - INFO - 找到 0 个待执行任务
2026-08-31 21:43:59,185 - agentgate.task.scheduler - INFO - 开始扫描 PENDING 状态任务...
2026-08-31 21:43:59,186 - agentgate.task.scheduler - INFO - 找到 0 个待执行任务
2026-09-01 08:59:24,292 - agentgate.task.scheduler - INFO - 开始扫描 PENDING 状态任务...
2026-09-01 08:59:24,310 - agentgate.task.scheduler - INFO - 找到 0 个待执行任务
2026-09-01 08:59:34,319 - agentgate.task.scheduler - INFO - 开始扫描 PENDING 状态任务...
2026-09-01 08:59:34,320 - agentgate.task.scheduler - INFO - 找到 0 个待执行任务
2026-09-01 08:59:44,327 - agentgate.task.scheduler - INFO - 开始扫描 PENDING 状态任务...
2026-09-01 08:59:44,328 - agentgate.task.scheduler - INFO - 找到 0 个待执行任务
2026-09-01 08:59:54,341 - agentgate.task.scheduler - INFO - 开始扫描 PENDING 状态任务...
2026-09-01 08:59:54,342 - agentgate.task.scheduler - INFO - 找到 0 个待执行任务
2026-09-01 09:00:04,350 - agentgate.task.scheduler - INFO - 开始扫描 PENDING 状态任务...
2026-09-01 09:00:04,350 - agentgate.task.scheduler - INFO - 找到 0 个待执行任务
2026-09-01 09:00:14,358 - agentgate.task.scheduler - INFO - 开始扫描 PENDING 状态任务...
2026-09-01 09:00:14,359 - agentgate.task.scheduler - INFO - 找到 0 个待执行任务
2026-09-01 09:00:24,366 - agentgate.task.scheduler - INFO - 开始扫描 PENDING 状态任务...
2026-09-01 09:00:24,367 - agentgate.task.scheduler - INFO - 找到 0 个待执行任务
2026-09-01 09:00:34,370 - agentgate.task.scheduler - INFO - 开始扫描 PENDING 状态任务...
2026-09-01 09:00:34,371 - agentgate.task.scheduler - INFO - 找到 0 个待执行任务
2026-09-01 09:00:44,381 - agentgate.task.scheduler - INFO - 开始扫描 PENDING 状态任务...
2026-09-01 09:00:44,382 - agentgate.task.scheduler - INFO - 找到 0 个待执行任务
2026-09-01 09:00:54,392 - agentgate.task.scheduler - INFO - 开始扫描 PENDING 状态任务...
2026-09-01 09:00:54,393 - agentgate.task.scheduler - INFO - 找到 0 个待执行任务
2026-09-01 09:01:04,400 - agentgate.task.scheduler - INFO - 开始扫描 PENDING 状态任务...
2026-09-01 09:01:04,402 - agentgate.task.scheduler - INFO - 找到 0 个待执行任务
2026-09-01 09:01:14,412 - agentgate.task.scheduler - INFO - 开始扫描 PENDING 状态任务...
2026-09-01 09:01:14,413 - agentgate.task.scheduler - INFO - 找到 0 个待执行任务
2026-09-01 09:01:24,416 - agentgate.task.scheduler - INFO - 开始扫描 PENDING 状态任务...
2026-09-01 09:01:24,417 - agentgate.task.scheduler - INFO - 找到 0 个待执行任务
2026-09-01 09:01:34,432 - agentgate.task.scheduler - INFO - 开始扫描 PENDING 状态任务...
2026-09-01 09:01:34,433 - agentgate.task.scheduler - INFO - 找到 0 个待执行任务
2026-09-01 09:01:44,437 - agentgate.task.scheduler - INFO - 开始扫描 PENDING 状态任务...
2026-09-01 09:01:44,439 - agentgate.task.scheduler - INFO - 找到 0 个待执行任务
2026-09-01 09:01:54,454 - agentgate.task.scheduler - INFO - 开始扫描 PENDING 状态任务...
2026-09-01 09:01:54,455 - agentgate.task.scheduler - INFO - 找到 0 个待执行任务
2026-09-01 09:02:04,459 - agentgate.task.scheduler - INFO - 开始扫描 PENDING 状态任务...
2026-09-01 09:02:04,461 - agentgate.task.scheduler - INFO - 找到 0 个待执行任务
2026-09-01 09:02:14,464 - agentgate.task.scheduler - INFO - 开始扫描 PENDING 状态任务...
2026-09-01 09:02:14,465 - agentgate.task.scheduler - INFO - 找到 0 个待执行任务
2026-09-01 09:02:24,474 - agentgate.task.scheduler - INFO - 开始扫描 PENDING 状态任务...
2026-09-01 09:02:24,476 - agentgate.task.scheduler - INFO - 找到 0 个待执行任务
2026-09-01 09:02:34,491 - agentgate.task.scheduler - INFO - 开始扫描 PENDING 状态任务...
2026-09-01 09:02:34,492 - agentgate.task.scheduler - INFO - 找到 0 个待执行任务
2026-09-01 09:02:44,498 - agentgate.task.scheduler - INFO - 开始扫描 PENDING 状态任务...
2026-09-01 09:02:44,500 - agentgate.task.scheduler - INFO - 找到 0 个待执行任务
2026-09-01 09:02:54,510 - agentgate.task.scheduler - INFO - 开始扫描 PENDING 状态任务...
2026-09-01 09:02:54,511 - agentgate.task.scheduler - INFO - 找到 0 个待执行任务
2026-09-01 09:03:04,520 - agentgate.task.scheduler - INFO - 开始扫描 PENDING 状态任务...
2026-09-01 09:03:04,521 - agentgate.task.scheduler - INFO - 找到 0 个待执行任务
2026-09-01 09:03:14,526 - agentgate.task.scheduler - INFO - 开始扫描 PENDING 状态任务...
2026-09-01 09:03:14,527 - agentgate.task.scheduler - INFO - 找到 0 个待执行任务
2026-09-01 09:03:24,538 - agentgate.task.scheduler - INFO - 开始扫描 PENDING 状态任务...
2026-09-01 09:03:24,540 - agentgate.task.scheduler - INFO - 找到 0 个待执行任务
2026-09-01 09:03:34,543 - agentgate.task.scheduler - INFO - 开始扫描 PENDING 状态任务...
2026-09-01 09:03:34,545 - agentgate.task.scheduler - INFO - 找到 0 个待执行任务
2026-09-01 09:03:44,557 - agentgate.task.scheduler - INFO - 开始扫描 PENDING 状态任务...
2026-09-01 09:03:44,558 - agentgate.task.scheduler - INFO - 找到 0 个待执行任务
2026-09-01 09:03:54,566 - agentgate.task.scheduler - INFO - 开始扫描 PENDING 状态任务...
2026-09-01 09:03:54,567 - agentgate.task.scheduler - INFO - 找到 0 个待执行任务
2026-09-01 09:04:04,571 - agentgate.task.scheduler - INFO - 开始扫描 PENDING 状态任务...
2026-09-01 09:04:04,573 - agentgate.task.scheduler - INFO - 找到 0 个待执行任务
2026-09-01 09:04:14,579 - agentgate.task.scheduler - INFO - 开始扫描 PENDING 状态任务...
2026-09-01 09:04:14,580 - agentgate.task.scheduler - INFO - 找到 0 个待执行任务
2026-09-01 09:04:24,589 - agentgate.task.scheduler - INFO - 开始扫描 PENDING 状态任务...
2026-09-01 09:04:24,590 - agentgate.task.scheduler - INFO - 找到 0 个待执行任务
2026-09-01 09:04:34,592 - agentgate.task.scheduler - INFO - 开始扫描 PENDING 状态任务...
2026-09-01 09:04:34,593 - agentgate.task.scheduler - INFO - 找到 0 个待执行任务
2026-09-01 09:04:44,599 - agentgate.task.scheduler - INFO - 开始扫描 PENDING 状态任务...
2026-09-01 09:04:44,600 - agentgate.task.scheduler - INFO - 找到 0 个待执行任务
2026-09-01 09:04:54,604 - agentgate.task.scheduler - INFO - 开始扫描 PENDING 状态任务...
2026-09-01 09:04:54,605 - agentgate.task.scheduler - INFO - 找到 0 个待执行任务
2026-09-01 09:05:04,606 - agentgate.task.scheduler - INFO - 开始扫描 PENDING 状态任务...
2026-09-01 09:05:04,607 - agentgate.task.scheduler - INFO - 找到 0 个待执行任务
2026-09-01 09:05:14,617 - agentgate.task.scheduler - INFO - 开始扫描 PENDING 状态任务...
2026-09-01 09:05:14,619 - agentgate.task.scheduler - INFO - 找到 0 个待执行任务
2026-09-01 09:05:24,632 - agentgate.task.scheduler - INFO - 开始扫描 PENDING 状态任务...
2026-09-01 09:05:24,633 - agentgate.task.scheduler - INFO - 找到 0 个待执行任务
2026-09-01 09:05:34,647 - agentgate.task.scheduler - INFO - 开始扫描 PENDING 状态任务...
2026-09-01 09:05:34,648 - agentgate.task.scheduler - INFO - 找到 0 个待执行任务
2026-09-01 09:05:44,650 - agentgate.task.scheduler - INFO - 开始扫描 PENDING 状态任务...
2026-09-01 09:05:44,652 - agentgate.task.scheduler - INFO - 找到 0 个待执行任务
2026-09-01 09:05:54,663 - agentgate.task.scheduler - INFO - 开始扫描 PENDING 状态任务...
2026-09-01 09:05:54,664 - agentgate.task.scheduler - INFO - 找到 0 个待执行任务
2026-09-01 09:06:04,669 - agentgate.task.scheduler - INFO - 开始扫描 PENDING 状态任务...
2026-09-01 09:06:04,670 - agentgate.task.scheduler - INFO - 找到 0 个待执行任务
2026-09-01 09:06:14,677 - agentgate.task.scheduler - INFO - 开始扫描 PENDING 状态任务...
2026-09-01 09:06:14,679 - agentgate.task.scheduler - INFO - 找到 0 个待执行任务
2026-09-01 09:06:24,687 - agentgate.task.scheduler - INFO - 开始扫描 PENDING 状态任务...
2026-09-01 09:06:24,689 - agentgate.task.scheduler - INFO - 找到 0 个待执行任务
2026-09-01 09:06:34,705 - agentgate.task.scheduler - INFO - 开始扫描 PENDING 状态任务...
2026-09-01 09:06:34,706 - agentgate.task.scheduler - INFO - 找到 0 个待执行任务
2026-09-01 09:06:44,710 - agentgate.task.scheduler - INFO - 开始扫描 PENDING 状态任务...
2026-09-01 09:06:44,711 - agentgate.task.scheduler - INFO - 找到 0 个待执行任务
2026-09-01 09:06:54,723 - agentgate.task.scheduler - INFO - 开始扫描 PENDING 状态任务...
2026-09-01 09:06:54,725 - agentgate.task.scheduler - INFO - 找到 0 个待执行任务
2026-09-01 09:07:04,726 - agentgate.task.scheduler - INFO - 开始扫描 PENDING 状态任务...
2026-09-01 09:07:04,727 - agentgate.task.scheduler - INFO - 找到 0 个待执行任务
2026-09-01 09:07:14,740 - agentgate.task.scheduler - INFO - 开始扫描 PENDING 状态任务...
2026-09-01 09:07:14,741 - agentgate.task.scheduler - INFO - 找到 0 个待执行任务
2026-09-01 09:07:24,753 - agentgate.task.scheduler - INFO - 开始扫描 PENDING 状态任务...
2026-09-01 09:07:24,754 - agentgate.task.scheduler - INFO - 找到 0 个待执行任务
2026-09-01 09:07:34,760 - agentgate.task.scheduler - INFO - 开始扫描 PENDING 状态任务...
2026-09-01 09:07:34,761 - agentgate.task.scheduler - INFO - 找到 0 个待执行任务
2026-09-01 09:07:44,776 - agentgate.task.scheduler - INFO - 开始扫描 PENDING 状态任务...
2026-09-01 09:07:44,778 - agentgate.task.scheduler - INFO - 找到 0 个待执行任务
2026-09-01 09:07:54,787 - agentgate.task.scheduler - INFO - 开始扫描 PENDING 状态任务...
2026-09-01 09:07:54,789 - agentgate.task.scheduler - INFO - 找到 0 个待执行任务
2026-09-01 09:08:04,797 - agentgate.task.scheduler - INFO - 开始扫描 PENDING 状态任务...
2026-09-01 09:08:04,798 - agentgate.task.scheduler - INFO - 找到 0 个待执行任务
2026-09-01 09:08:14,805 - agentgate.task.scheduler - INFO - 开始扫描 PENDING 状态任务...
2026-09-01 09:08:14,807 - agentgate.task.scheduler - INFO - 找到 0 个待执行任务
2026-09-01 09:08:24,809 - agentgate.task.scheduler - INFO - 开始扫描 PENDING 状态任务...
2026-09-01 09:08:24,811 - agentgate.task.scheduler - INFO - 找到 0 个待执行任务
2026-09-01 09:08:34,816 - agentgate.task.scheduler - INFO - 开始扫描 PENDING 状态任务...
2026-09-01 09:08:34,818 - agentgate.task.scheduler - INFO - 找到 0 个待执行任务
2026-09-01 09:08:44,827 - agentgate.task.scheduler - INFO - 开始扫描 PENDING 状态任务...
2026-09-01 09:08:44,828 - agentgate.task.scheduler - INFO - 找到 0 个待执行任务
2026-09-01 09:08:54,835 - agentgate.task.scheduler - INFO - 开始扫描 PENDING 状态任务...
2026-09-01 09:08:54,836 - agentgate.task.scheduler - INFO - 找到 0 个待执行任务
2026-09-01 09:09:04,846 - agentgate.task.scheduler - INFO - 开始扫描 PENDING 状态任务...
2026-09-01 09:09:04,848 - agentgate.task.scheduler - INFO - 找到 0 个待执行任务
2026-09-01 09:09:14,851 - agentgate.task.scheduler - INFO - 开始扫描 PENDING 状态任务...
2026-09-01 09:09:14,852 - agentgate.task.scheduler - INFO - 找到 0 个待执行任务
2026-09-01 09:09:24,865 - agentgate.task.scheduler - INFO - 开始扫描 PENDING 状态任务...
2026-09-01 09:09:24,866 - agentgate.task.scheduler - INFO - 找到 0 个待执行任务
2026-09-01 09:09:34,876 - agentgate.task.scheduler - INFO - 开始扫描 PENDING 状态任务...
2026-09-01 09:09:34,878 - agentgate.task.scheduler - INFO - 找到 0 个待执行任务
2026-09-01 09:09:44,886 - agentgate.task.scheduler - INFO - 开始扫描 PENDING 状态任务...
2026-09-01 09:09:44,887 - agentgate.task.scheduler - INFO - 找到 0 个待执行任务
2026-09-01 09:09:54,895 - agentgate.task.scheduler - INFO - 开始扫描 PENDING 状态任务...
2026-09-01 09:09:54,896 - agentgate.task.scheduler - INFO - 找到 0 个待执行任务
2026-09-01 09:10:04,902 - agentgate.task.scheduler - INFO - 开始扫描 PENDING 状态任务...
2026-09-01 09:10:04,903 - agentgate.task.scheduler - INFO - 找到 0 个待执行任务
2026-09-01 09:10:14,908 - agentgate.task.scheduler - INFO - 开始扫描 PENDING 状态任务...
2026-09-01 09:10:14,910 - agentgate.task.scheduler - INFO - 找到 0 个待执行任务
2026-09-01 09:10:24,924 - agentgate.task.scheduler - INFO - 开始扫描 PENDING 状态任务...
2026-09-01 09:10:24,926 - agentgate.task.scheduler - INFO - 找到 0 个待执行任务
2026-09-01 09:10:34,930 - agentgate.task.scheduler - INFO - 开始扫描 PENDING 状态任务...
2026-09-01 09:10:34,931 - agentgate.task.scheduler - INFO - 找到 0 个待执行任务
2026-09-01 09:10:44,935 - agentgate.task.scheduler - INFO - 开始扫描 PENDING 状态任务...
2026-09-01 09:10:44,936 - agentgate.task.scheduler - INFO - 找到 0 个待执行任务
2026-09-01 09:10:54,946 - agentgate.task.scheduler - INFO - 开始扫描 PENDING 状态任务...
2026-09-01 09:10:54,947 - agentgate.task.scheduler - INFO - 找到 0 个待执行任务
2026-09-01 09:11:04,954 - agentgate.task.scheduler - INFO - 开始扫描 PENDING 状态任务...
2026-09-01 09:11:04,956 - agentgate.task.scheduler - INFO - 找到 0 个待执行任务
2026-09-01 09:11:14,972 - agentgate.task.scheduler - INFO - 开始扫描 PENDING 状态任务...
2026-09-01 09:11:14,974 - agentgate.task.scheduler - INFO - 找到 0 个待执行任务
2026-09-01 09:11:24,986 - agentgate.task.scheduler - INFO - 开始扫描 PENDING 状态任务...
2026-09-01 09:11:24,987 - agentgate.task.scheduler - INFO - 找到 0 个待执行任务
2026-09-01 09:11:35,003 - agentgate.task.scheduler - INFO - 开始扫描 PENDING 状态任务...
2026-09-01 09:11:35,005 - agentgate.task.scheduler - INFO - 找到 0 个待执行任务
2026-09-01 09:11:45,008 - agentgate.task.scheduler - INFO - 开始扫描 PENDING 状态任务...
2026-09-01 09:11:45,009 - agentgate.task.scheduler - INFO - 找到 0 个待执行任务
2026-09-01 09:11:55,019 - agentgate.task.scheduler - INFO - 开始扫描 PENDING 状态任务...
2026-09-01 09:11:55,021 - agentgate.task.scheduler - INFO - 找到 0 个待执行任务
2026-09-01 09:12:05,022 - agentgate.task.scheduler - INFO - 开始扫描 PENDING 状态任务...
2026-09-01 09:12:05,023 - agentgate.task.scheduler - INFO - 找到 0 个待执行任务
2026-09-01 09:12:15,039 - agentgate.task.scheduler - INFO - 开始扫描 PENDING 状态任务...
2026-09-01 09:12:15,040 - agentgate.task.scheduler - INFO - 找到 0 个待执行任务
2026-09-01 09:12:25,055 - agentgate.task.scheduler - INFO - 开始扫描 PENDING 状态任务...
2026-09-01 09:12:25,056 - agentgate.task.scheduler - INFO - 找到 0 个待执行任务
2026-09-01 09:12:35,062 - agentgate.task.scheduler - INFO - 开始扫描 PENDING 状态任务...
2026-09-01 09:12:35,063 - agentgate.task.scheduler - INFO - 找到 0 个待执行任务
2026-09-01 09:12:45,079 - agentgate.task.scheduler - INFO - 开始扫描 PENDING 状态任务...
2026-09-01 09:12:45,080 - agentgate.task.scheduler - INFO - 找到 0 个待执行任务
2026-09-01 09:12:55,092 - agentgate.task.scheduler - INFO - 开始扫描 PENDING 状态任务...
2026-09-01 09:12:55,093 - agentgate.task.scheduler - INFO - 找到 0 个待执行任务
2026-09-01 09:13:05,096 - agentgate.task.scheduler - INFO - 开始扫描 PENDING 状态任务...
2026-09-01 09:13:05,097 - agentgate.task.scheduler - INFO - 找到 0 个待执行任务
2026-09-01 09:13:15,113 - agentgate.task.scheduler - INFO - 开始扫描 PENDING 状态任务...
2026-09-01 09:13:15,114 - agentgate.task.scheduler - INFO - 找到 0 个待执行任务
2026-09-01 09:13:25,120 - agentgate.task.scheduler - INFO - 开始扫描 PENDING 状态任务...
2026-09-01 09:13:25,121 - agentgate.task.scheduler - INFO - 找到 0 个待执行任务
2026-09-01 09:13:35,134 - agentgate.task.scheduler - INFO - 开始扫描 PENDING 状态任务...
2026-09-01 09:13:35,136 - agentgate.task.scheduler - INFO - 找到 0 个待执行任务
2026-09-01 09:13:45,140 - agentgate.task.scheduler - INFO - 开始扫描 PENDING 状态任务...
2026-09-01 09:13:45,141 - agentgate.task.scheduler - INFO - 找到 0 个待执行任务
2026-09-01 09:13:55,143 - agentgate.task.scheduler - INFO - 开始扫描 PENDING 状态任务...
2026-09-01 09:13:55,144 - agentgate.task.scheduler - INFO - 找到 0 个待执行任务
2026-09-01 09:14:05,153 - agentgate.task.scheduler - INFO - 开始扫描 PENDING 状态任务...
2026-09-01 09:14:05,153 - agentgate.task.scheduler - INFO - 找到 0 个待执行任务
2026-09-01 09:14:15,158 - agentgate.task.scheduler - INFO - 开始扫描 PENDING 状态任务...
2026-09-01 09:14:15,159 - agentgate.task.scheduler - INFO - 找到 0 个待执行任务
2026-09-01 09:14:25,174 - agentgate.task.scheduler - INFO - 开始扫描 PENDING 状态任务...
2026-09-01 09:14:25,175 - agentgate.task.scheduler - INFO - 找到 0 个待执行任务
2026-09-01 09:14:35,188 - agentgate.task.scheduler - INFO - 开始扫描 PENDING 状态任务...
2026-09-01 09:14:35,189 - agentgate.task.scheduler - INFO - 找到 0 个待执行任务
2026-09-01 09:14:45,196 - agentgate.task.scheduler - INFO - 开始扫描 PENDING 状态任务...
2026-09-01 09:14:45,197 - agentgate.task.scheduler - INFO - 找到 0 个待执行任务
2026-09-01 09:14:55,206 - agentgate.task.scheduler - INFO - 开始扫描 PENDING 状态任务...
2026-09-01 09:14:55,207 - agentgate.task.scheduler - INFO - 找到 0 个待执行任务
2026-09-01 09:15:05,208 - agentgate.task.scheduler - INFO - 开始扫描 PENDING 状态任务...
2026-09-01 09:15:05,209 - agentgate.task.scheduler - INFO - 找到 0 个待执行任务
2026-09-01 09:15:15,223 - agentgate.task.scheduler - INFO - 开始扫描 PENDING 状态任务...
2026-09-01 09:15:15,223 - agentgate.task.scheduler - INFO - 找到 0 个待执行任务
2026-09-01 09:15:25,237 - agentgate.task.scheduler - INFO - 开始扫描 PENDING 状态任务...
2026-09-01 09:15:25,238 - agentgate.task.scheduler - INFO - 找到 0 个待执行任务
2026-09-01 09:15:35,243 - agentgate.task.scheduler - INFO - 开始扫描 PENDING 状态任务...
2026-09-01 09:15:35,245 - agentgate.task.scheduler - INFO - 找到 0 个待执行任务
2026-09-01 09:15:45,254 - agentgate.task.scheduler - INFO - 开始扫描 PENDING 状态任务...
2026-09-01 09:15:45,256 - agentgate.task.scheduler - INFO - 找到 0 个待执行任务
2026-09-01 09:15:55,261 - agentgate.task.scheduler - INFO - 开始扫描 PENDING 状态任务...
2026-09-01 09:15:55,262 - agentgate.task.scheduler - INFO - 找到 0 个待执行任务
2026-09-01 09:16:05,274 - agentgate.task.scheduler - INFO - 开始扫描 PENDING 状态任务...
2026-09-01 09:16:05,275 - agentgate.task.scheduler - INFO - 找到 0 个待执行任务
2026-09-01 09:16:15,278 - agentgate.task.scheduler - INFO - 开始扫描 PENDING 状态任务...
2026-09-01 09:16:15,279 - agentgate.task.scheduler - INFO - 找到 0 个待执行任务
2026-09-01 09:16:25,282 - agentgate.task.scheduler - INFO - 开始扫描 PENDING 状态任务...
2026-09-01 09:16:25,283 - agentgate.task.scheduler - INFO - 找到 0 个待执行任务
2026-09-01 09:16:35,286 - agentgate.task.scheduler - INFO - 开始扫描 PENDING 状态任务...
2026-09-01 09:16:35,288 - agentgate.task.scheduler - INFO - 找到 0 个待执行任务
2026-09-01 09:16:45,297 - agentgate.task.scheduler - INFO - 开始扫描 PENDING 状态任务...
2026-09-01 09:16:45,298 - agentgate.task.scheduler - INFO - 找到 0 个待执行任务
2026-09-01 09:16:55,303 - agentgate.task.scheduler - INFO - 开始扫描 PENDING 状态任务...
2026-09-01 09:16:55,304 - agentgate.task.scheduler - INFO - 找到 0 个待执行任务
2026-09-01 09:17:05,309 - agentgate.task.scheduler - INFO - 开始扫描 PENDING 状态任务...
2026-09-01 09:17:05,311 - agentgate.task.scheduler - INFO - 找到 0 个待执行任务
2026-09-01 09:17:15,326 - agentgate.task.scheduler - INFO - 开始扫描 PENDING 状态任务...
2026-09-01 09:17:15,328 - agentgate.task.scheduler - INFO - 找到 0 个待执行任务
2026-09-01 09:17:25,331 - agentgate.task.scheduler - INFO - 开始扫描 PENDING 状态任务...
2026-09-01 09:17:25,333 - agentgate.task.scheduler - INFO - 找到 0 个待执行任务
2026-09-01 09:17:35,348 - agentgate.task.scheduler - INFO - 开始扫描 PENDING 状态任务...
2026-09-01 09:17:35,349 - agentgate.task.scheduler - INFO - 找到 0 个待执行任务
2026-09-01 09:17:45,365 - agentgate.task.scheduler - INFO - 开始扫描 PENDING 状态任务...
2026-09-01 09:17:45,366 - agentgate.task.scheduler - INFO - 找到 0 个待执行任务
2026-09-01 09:17:55,370 - agentgate.task.scheduler - INFO - 开始扫描 PENDING 状态任务...
2026-09-01 09:17:55,372 - agentgate.task.scheduler - INFO - 找到 0 个待执行任务
2026-09-01 09:18:05,378 - agentgate.task.scheduler - INFO - 开始扫描 PENDING 状态任务...
2026-09-01 09:18:05,379 - agentgate.task.scheduler - INFO - 找到 0 个待执行任务
2026-09-01 09:18:15,389 - agentgate.task.scheduler - INFO - 开始扫描 PENDING 状态任务...
2026-09-01 09:18:15,390 - agentgate.task.scheduler - INFO - 找到 0 个待执行任务
2026-09-01 09:18:25,390 - agentgate.task.scheduler - INFO - 开始扫描 PENDING 状态任务...
2026-09-01 09:18:25,391 - agentgate.task.scheduler - INFO - 找到 0 个待执行任务
2026-09-01 09:18:35,403 - agentgate.task.scheduler - INFO - 开始扫描 PENDING 状态任务...
2026-09-01 09:18:35,405 - agentgate.task.scheduler - INFO - 找到 0 个待执行任务
2026-09-01 09:18:45,414 - agentgate.task.scheduler - INFO - 开始扫描 PENDING 状态任务...
2026-09-01 09:18:45,416 - agentgate.task.scheduler - INFO - 找到 0 个待执行任务
2026-09-01 09:18:55,430 - agentgate.task.scheduler - INFO - 开始扫描 PENDING 状态任务...
2026-09-01 09:18:55,432 - agentgate.task.scheduler - INFO - 找到 0 个待执行任务
2026-09-01 09:19:05,440 - agentgate.task.scheduler - INFO - 开始扫描 PENDING 状态任务...
2026-09-01 09:19:05,441 - agentgate.task.scheduler - INFO - 找到 0 个待执行任务
2026-09-01 09:19:15,455 - agentgate.task.scheduler - INFO - 开始扫描 PENDING 状态任务...
2026-09-01 09:19:15,457 - agentgate.task.scheduler - INFO - 找到 0 个待执行任务
2026-09-01 09:19:25,461 - agentgate.task.scheduler - INFO - 开始扫描 PENDING 状态任务...
2026-09-01 09:19:25,462 - agentgate.task.scheduler - INFO - 找到 0 个待执行任务
2026-09-01 09:19:35,471 - agentgate.task.scheduler - INFO - 开始扫描 PENDING 状态任务...
2026-09-01 09:19:35,472 - agentgate.task.scheduler - INFO - 找到 0 个待执行任务
2026-09-01 09:19:45,477 - agentgate.task.scheduler - INFO - 开始扫描 PENDING 状态任务...
2026-09-01 09:19:45,478 - agentgate.task.scheduler - INFO - 找到 0 个待执行任务
2026-09-01 09:19:55,492 - agentgate.task.scheduler - INFO - 开始扫描 PENDING 状态任务...
2026-09-01 09:19:55,493 - agentgate.task.scheduler - INFO - 找到 0 个待执行任务
2026-09-01 09:20:05,503 - agentgate.task.scheduler - INFO - 开始扫描 PENDING 状态任务...
2026-09-01 09:20:05,505 - agentgate.task.scheduler - INFO - 找到 0 个待执行任务
2026-09-01 09:20:15,513 - agentgate.task.scheduler - INFO - 开始扫描 PENDING 状态任务...
2026-09-01 09:20:15,515 - agentgate.task.scheduler - INFO - 找到 0 个待执行任务
2026-09-01 09:20:25,520 - agentgate.task.scheduler - INFO - 开始扫描 PENDING 状态任务...
2026-09-01 09:20:25,521 - agentgate.task.scheduler - INFO - 找到 0 个待执行任务
2026-09-01 09:20:35,532 - agentgate.task.scheduler - INFO - 开始扫描 PENDING 状态任务...
2026-09-01 09:20:35,533 - agentgate.task.scheduler - INFO - 找到 0 个待执行任务
2026-09-01 09:20:45,546 - agentgate.task.scheduler - INFO - 开始扫描 PENDING 状态任务...
2026-09-01 09:20:45,548 - agentgate.task.scheduler - INFO - 找到 0 个待执行任务
2026-09-01 09:20:55,563 - agentgate.task.scheduler - INFO - 开始扫描 PENDING 状态任务...
2026-09-01 09:20:55,565 - agentgate.task.scheduler - INFO - 找到 0 个待执行任务
2026-09-01 09:21:05,577 - agentgate.task.scheduler - INFO - 开始扫描 PENDING 状态任务...
2026-09-01 09:21:05,579 - agentgate.task.scheduler - INFO - 找到 0 个待执行任务
2026-09-01 09:21:15,585 - agentgate.task.scheduler - INFO - 开始扫描 PENDING 状态任务...
2026-09-01 09:21:15,586 - agentgate.task.scheduler - INFO - 找到 0 个待执行任务
2026-09-01 09:21:25,600 - agentgate.task.scheduler - INFO - 开始扫描 PENDING 状态任务...
2026-09-01 09:21:25,601 - agentgate.task.scheduler - INFO - 找到 0 个待执行任务
2026-09-01 09:21:35,612 - agentgate.task.scheduler - INFO - 开始扫描 PENDING 状态任务...
2026-09-01 09:21:35,613 - agentgate.task.scheduler - INFO - 找到 0 个待执行任务
2026-09-01 09:21:45,622 - agentgate.task.scheduler - INFO - 开始扫描 PENDING 状态任务...
2026-09-01 09:21:45,623 - agentgate.task.scheduler - INFO - 找到 0 个待执行任务
2026-09-01 09:21:55,628 - agentgate.task.scheduler - INFO - 开始扫描 PENDING 状态任务...
2026-09-01 09:21:55,630 - agentgate.task.scheduler - INFO - 找到 0 个待执行任务
2026-09-01 09:22:05,639 - agentgate.task.scheduler - INFO - 开始扫描 PENDING 状态任务...
2026-09-01 09:22:05,640 - agentgate.task.scheduler - INFO - 找到 0 个待执行任务
2026-09-01 09:22:15,646 - agentgate.task.scheduler - INFO - 开始扫描 PENDING 状态任务...
2026-09-01 09:22:15,647 - agentgate.task.scheduler - INFO - 找到 0 个待执行任务
2026-09-01 09:22:25,648 - agentgate.task.scheduler - INFO - 开始扫描 PENDING 状态任务...
2026-09-01 09:22:25,649 - agentgate.task.scheduler - INFO - 找到 0 个待执行任务
2026-09-01 09:22:35,664 - agentgate.task.scheduler - INFO - 开始扫描 PENDING 状态任务...
2026-09-01 09:22:35,665 - agentgate.task.scheduler - INFO - 找到 0 个待执行任务
2026-09-01 09:22:45,669 - agentgate.task.scheduler - INFO - 开始扫描 PENDING 状态任务...
2026-09-01 09:22:45,671 - agentgate.task.scheduler - INFO - 找到 0 个待执行任务
2026-09-01 09:22:55,683 - agentgate.task.scheduler - INFO - 开始扫描 PENDING 状态任务...
2026-09-01 09:22:55,684 - agentgate.task.scheduler - INFO - 找到 0 个待执行任务
2026-09-01 09:23:05,689 - agentgate.task.scheduler - INFO - 开始扫描 PENDING 状态任务...
2026-09-01 09:23:05,690 - agentgate.task.scheduler - INFO - 找到 0 个待执行任务
2026-09-01 09:23:15,705 - agentgate.task.scheduler - INFO - 开始扫描 PENDING 状态任务...
2026-09-01 09:23:15,706 - agentgate.task.scheduler - INFO - 找到 0 个待执行任务
2026-09-01 09:23:25,715 - agentgate.task.scheduler - INFO - 开始扫描 PENDING 状态任务...
2026-09-01 09:23:25,716 - agentgate.task.scheduler - INFO - 找到 0 个待执行任务
2026-09-01 09:23:35,729 - agentgate.task.scheduler - INFO - 开始扫描 PENDING 状态任务...
2026-09-01 09:23:35,730 - agentgate.task.scheduler - INFO - 找到 0 个待执行任务
2026-09-01 09:23:45,737 - agentgate.task.scheduler - INFO - 开始扫描 PENDING 状态任务...
2026-09-01 09:23:45,738 - agentgate.task.scheduler - INFO - 找到 0 个待执行任务
2026-09-01 09:23:55,742 - agentgate.task.scheduler - INFO - 开始扫描 PENDING 状态任务...
2026-09-01 09:23:55,744 - agentgate.task.scheduler - INFO - 找到 0 个待执行任务
2026-09-01 09:24:05,751 - agentgate.task.scheduler - INFO - 开始扫描 PENDING 状态任务...
2026-09-01 09:24:05,752 - agentgate.task.scheduler - INFO - 找到 0 个待执行任务
2026-09-01 09:24:15,765 - agentgate.task.scheduler - INFO - 开始扫描 PENDING 状态任务...
2026-09-01 09:24:15,767 - agentgate.task.scheduler - INFO - 找到 0 个待执行任务
2026-09-01 09:24:25,768 - agentgate.task.scheduler - INFO - 开始扫描 PENDING 状态任务...
2026-09-01 09:24:25,769 - agentgate.task.scheduler - INFO - 找到 0 个待执行任务
2026-09-01 09:24:35,783 - agentgate.task.scheduler - INFO - 开始扫描 PENDING 状态任务...
2026-09-01 09:24:35,784 - agentgate.task.scheduler - INFO - 找到 0 个待执行任务
2026-09-01 09:24:45,789 - agentgate.task.scheduler - INFO - 开始扫描 PENDING 状态任务...
2026-09-01 09:24:45,790 - agentgate.task.scheduler - INFO - 找到 0 个待执行任务
2026-09-01 09:24:55,798 - agentgate.task.scheduler - INFO - 开始扫描 PENDING 状态任务...
2026-09-01 09:24:55,800 - agentgate.task.scheduler - INFO - 找到 0 个待执行任务
2026-09-01 09:25:05,802 - agentgate.task.scheduler - INFO - 开始扫描 PENDING 状态任务...
2026-09-01 09:25:05,804 - agentgate.task.scheduler - INFO - 找到 0 个待执行任务
2026-09-01 09:25:15,808 - agentgate.task.scheduler - INFO - 开始扫描 PENDING 状态任务...
2026-09-01 09:25:15,809 - agentgate.task.scheduler - INFO - 找到 0 个待执行任务
2026-09-01 09:25:25,824 - agentgate.task.scheduler - INFO - 开始扫描 PENDING 状态任务...
2026-09-01 09:25:25,825 - agentgate.task.scheduler - INFO - 找到 0 个待执行任务
2026-09-01 09:25:35,825 - agentgate.task.scheduler - INFO - 开始扫描 PENDING 状态任务...
2026-09-01 09:25:35,827 - agentgate.task.scheduler - INFO - 找到 0 个待执行任务
2026-09-01 09:25:45,829 - agentgate.task.scheduler - INFO - 开始扫描 PENDING 状态任务...
2026-09-01 09:25:45,830 - agentgate.task.scheduler - INFO - 找到 0 个待执行任务
2026-09-01 09:25:55,837 - agentgate.task.scheduler - INFO - 开始扫描 PENDING 状态任务...
2026-09-01 09:25:55,838 - agentgate.task.scheduler - INFO - 找到 0 个待执行任务
2026-09-01 09:26:05,842 - agentgate.task.scheduler - INFO - 开始扫描 PENDING 状态任务...
2026-09-01 09:26:05,843 - agentgate.task.scheduler - INFO - 找到 0 个待执行任务
2026-09-01 09:26:15,853 - agentgate.task.scheduler - INFO - 开始扫描 PENDING 状态任务...
2026-09-01 09:26:15,854 - agentgate.task.scheduler - INFO - 找到 0 个待执行任务
2026-09-01 09:26:25,854 - agentgate.task.scheduler - INFO - 开始扫描 PENDING 状态任务...
2026-09-01 09:26:25,856 - agentgate.task.scheduler - INFO - 找到 0 个待执行任务
2026-09-01 09:26:35,870 - agentgate.task.scheduler - INFO - 开始扫描 PENDING 状态任务...
2026-09-01 09:26:35,872 - agentgate.task.scheduler - INFO - 找到 0 个待执行任务
2026-09-01 09:26:45,883 - agentgate.task.scheduler - INFO - 开始扫描 PENDING 状态任务...
2026-09-01 09:26:45,884 - agentgate.task.scheduler - INFO - 找到 0 个待执行任务
2026-09-01 09:26:55,887 - agentgate.task.scheduler - INFO - 开始扫描 PENDING 状态任务...
2026-09-01 09:26:55,888 - agentgate.task.scheduler - INFO - 找到 0 个待执行任务
2026-09-01 09:27:05,901 - agentgate.task.scheduler - INFO - 开始扫描 PENDING 状态任务...
2026-09-01 09:27:05,902 - agentgate.task.scheduler - INFO - 找到 0 个待执行任务
2026-09-01 09:27:15,916 - agentgate.task.scheduler - INFO - 开始扫描 PENDING 状态任务...
2026-09-01 09:27:15,918 - agentgate.task.scheduler - INFO - 找到 0 个待执行任务
2026-09-01 09:27:18,134 - agentgate.task.service - INFO - Created task: b03387ba-5853-46d7-a63f-1e65d5c59bc1, name: test
2026-09-01 09:27:25,921 - agentgate.task.scheduler - INFO - 开始扫描 PENDING 状态任务...
2026-09-01 09:27:25,923 - agentgate.task.scheduler - INFO - 找到 0 个待执行任务
2026-09-01 09:27:35,937 - agentgate.task.scheduler - INFO - 开始扫描 PENDING 状态任务...
2026-09-01 09:27:35,938 - agentgate.task.scheduler - INFO - 找到 0 个待执行任务
2026-09-01 09:27:45,945 - agentgate.task.scheduler - INFO - 开始扫描 PENDING 状态任务...
2026-09-01 09:27:45,947 - agentgate.task.scheduler - INFO - 找到 0 个待执行任务
2026-09-01 09:27:55,951 - agentgate.task.scheduler - INFO - 开始扫描 PENDING 状态任务...
2026-09-01 09:27:55,952 - agentgate.task.scheduler - INFO - 找到 0 个待执行任务
2026-09-01 09:28:05,955 - agentgate.task.scheduler - INFO - 开始扫描 PENDING 状态任务...
2026-09-01 09:28:05,956 - agentgate.task.scheduler - INFO - 找到 0 个待执行任务
2026-09-01 09:28:15,966 - agentgate.task.scheduler - INFO - 开始扫描 PENDING 状态任务...
2026-09-01 09:28:15,967 - agentgate.task.scheduler - INFO - 找到 0 个待执行任务
2026-09-01 09:28:25,967 - agentgate.task.scheduler - INFO - 开始扫描 PENDING 状态任务...
2026-09-01 09:28:25,968 - agentgate.task.scheduler - INFO - 找到 0 个待执行任务
2026-09-01 09:28:29,393 - agentgate.task.service - INFO - Task b03387ba-5853-46d7-a63f-1e65d5c59bc1 started, status changed to PENDING
2026-09-01 09:28:35,969 - agentgate.task.scheduler - INFO - 开始扫描 PENDING 状态任务...
2026-09-01 09:28:35,970 - agentgate.task.scheduler - INFO - 找到 1 个待执行任务
2026-09-01 09:28:35,970 - agentgate.task.scheduler - INFO - 开始执行任务: b03387ba-5853-46d7-a63f-1e65d5c59bc1, 名称: test
2026-09-01 09:28:35,971 - agentgate.task.scheduler - INFO - 使用已有执行记录: run_id=ce1384be-44a9-407a-96ec-ecabc4fc9406, run_no=1
2026-09-01 09:28:35,978 - agentgate.task.scheduler - INFO - 任务状态变更为 RUNNING: b03387ba-5853-46d7-a63f-1e65d5c59bc1
2026-09-01 09:28:35,981 - agentgate.task.scheduler - INFO - 用例执行完成: case_id=case_001, score=85.0
2026-09-01 09:28:35,987 - agentgate.task.scheduler - INFO - 任务执行完成: b03387ba-5853-46d7-a63f-1e65d5c59bc1, 状态: SUCCESS
2026-09-01 09:28:45,992 - agentgate.task.scheduler - INFO - 开始扫描 PENDING 状态任务...
2026-09-01 09:28:45,993 - agentgate.task.scheduler - INFO - 找到 0 个待执行任务
2026-09-01 09:28:55,998 - agentgate.task.scheduler - INFO - 开始扫描 PENDING 状态任务...
2026-09-01 09:28:55,999 - agentgate.task.scheduler - INFO - 找到 0 个待执行任务
2026-09-01 09:29:06,001 - agentgate.task.scheduler - INFO - 开始扫描 PENDING 状态任务...
2026-09-01 09:29:06,003 - agentgate.task.scheduler - INFO - 找到 0 个待执行任务
2026-09-01 09:29:16,003 - agentgate.task.scheduler - INFO - 开始扫描 PENDING 状态任务...
2026-09-01 09:29:16,005 - agentgate.task.scheduler - INFO - 找到 0 个待执行任务
2026-09-01 09:29:26,007 - agentgate.task.scheduler - INFO - 开始扫描 PENDING 状态任务...
2026-09-01 09:29:26,009 - agentgate.task.scheduler - INFO - 找到 0 个待执行任务
2026-09-01 09:29:36,022 - agentgate.task.scheduler - INFO - 开始扫描 PENDING 状态任务...
2026-09-01 09:29:36,024 - agentgate.task.scheduler - INFO - 找到 0 个待执行任务
2026-09-01 09:29:46,027 - agentgate.task.scheduler - INFO - 开始扫描 PENDING 状态任务...
2026-09-01 09:29:46,028 - agentgate.task.scheduler - INFO - 找到 0 个待执行任务
2026-09-01 09:29:56,034 - agentgate.task.scheduler - INFO - 开始扫描 PENDING 状态任务...
2026-09-01 09:29:56,036 - agentgate.task.scheduler - INFO - 找到 0 个待执行任务
2026-09-01 09:30:06,041 - agentgate.task.scheduler - INFO - 开始扫描 PENDING 状态任务...
2026-09-01 09:30:06,042 - agentgate.task.scheduler - INFO - 找到 0 个待执行任务
2026-09-01 09:30:16,047 - agentgate.task.scheduler - INFO - 开始扫描 PENDING 状态任务...
2026-09-01 09:30:16,048 - agentgate.task.scheduler - INFO - 找到 0 个待执行任务
2026-09-01 09:30:26,057 - agentgate.task.scheduler - INFO - 开始扫描 PENDING 状态任务...
2026-09-01 09:30:26,058 - agentgate.task.scheduler - INFO - 找到 0 个待执行任务
2026-09-01 09:30:36,060 - agentgate.task.scheduler - INFO - 开始扫描 PENDING 状态任务...
2026-09-01 09:30:36,062 - agentgate.task.scheduler - INFO - 找到 0 个待执行任务
2026-09-01 09:30:46,068 - agentgate.task.scheduler - INFO - 开始扫描 PENDING 状态任务...
2026-09-01 09:30:46,069 - agentgate.task.scheduler - INFO - 找到 0 个待执行任务
2026-09-01 09:30:56,078 - agentgate.task.scheduler - INFO - 开始扫描 PENDING 状态任务...
2026-09-01 09:30:56,079 - agentgate.task.scheduler - INFO - 找到 0 个待执行任务
2026-09-01 09:31:06,092 - agentgate.task.scheduler - INFO - 开始扫描 PENDING 状态任务...
2026-09-01 09:31:06,093 - agentgate.task.scheduler - INFO - 找到 0 个待执行任务
2026-09-01 09:31:16,102 - agentgate.task.scheduler - INFO - 开始扫描 PENDING 状态任务...
2026-09-01 09:31:16,103 - agentgate.task.scheduler - INFO - 找到 0 个待执行任务
2026-09-01 09:31:26,118 - agentgate.task.scheduler - INFO - 开始扫描 PENDING 状态任务...
2026-09-01 09:31:26,119 - agentgate.task.scheduler - INFO - 找到 0 个待执行任务
2026-09-01 09:31:36,129 - agentgate.task.scheduler - INFO - 开始扫描 PENDING 状态任务...
2026-09-01 09:31:36,130 - agentgate.task.scheduler - INFO - 找到 0 个待执行任务
2026-09-01 09:31:46,143 - agentgate.task.scheduler - INFO - 开始扫描 PENDING 状态任务...
2026-09-01 09:31:46,144 - agentgate.task.scheduler - INFO - 找到 0 个待执行任务
2026-09-01 09:31:56,154 - agentgate.task.scheduler - INFO - 开始扫描 PENDING 状态任务...
2026-09-01 09:31:56,155 - agentgate.task.scheduler - INFO - 找到 0 个待执行任务
2026-09-01 09:32:06,158 - agentgate.task.scheduler - INFO - 开始扫描 PENDING 状态任务...
2026-09-01 09:32:06,159 - agentgate.task.scheduler - INFO - 找到 0 个待执行任务
2026-09-01 09:32:16,168 - agentgate.task.scheduler - INFO - 开始扫描 PENDING 状态任务...
2026-09-01 09:32:16,169 - agentgate.task.scheduler - INFO - 找到 0 个待执行任务
2026-09-01 09:32:26,173 - agentgate.task.scheduler - INFO - 开始扫描 PENDING 状态任务...
2026-09-01 09:32:26,174 - agentgate.task.scheduler - INFO - 找到 0 个待执行任务
2026-09-01 09:32:36,180 - agentgate.task.scheduler - INFO - 开始扫描 PENDING 状态任务...
2026-09-01 09:32:36,181 - agentgate.task.scheduler - INFO - 找到 0 个待执行任务
2026-09-01 09:32:46,192 - agentgate.task.scheduler - INFO - 开始扫描 PENDING 状态任务...
2026-09-01 09:32:46,194 - agentgate.task.scheduler - INFO - 找到 0 个待执行任务
2026-09-01 09:32:56,206 - agentgate.task.scheduler - INFO - 开始扫描 PENDING 状态任务...
2026-09-01 09:32:56,208 - agentgate.task.scheduler - INFO - 找到 0 个待执行任务
2026-09-01 09:33:06,218 - agentgate.task.scheduler - INFO - 开始扫描 PENDING 状态任务...
2026-09-01 09:33:06,219 - agentgate.task.scheduler - INFO - 找到 0 个待执行任务
2026-09-01 09:33:16,230 - agentgate.task.scheduler - INFO - 开始扫描 PENDING 状态任务...
2026-09-01 09:33:16,232 - agentgate.task.scheduler - INFO - 找到 0 个待执行任务
2026-09-01 09:33:26,243 - agentgate.task.scheduler - INFO - 开始扫描 PENDING 状态任务...
2026-09-01 09:33:26,245 - agentgate.task.scheduler - INFO - 找到 0 个待执行任务
2026-09-01 09:33:36,256 - agentgate.task.scheduler - INFO - 开始扫描 PENDING 状态任务...
2026-09-01 09:33:36,257 - agentgate.task.scheduler - INFO - 找到 0 个待执行任务
2026-09-01 09:33:46,265 - agentgate.task.scheduler - INFO - 开始扫描 PENDING 状态任务...
2026-09-01 09:33:46,266 - agentgate.task.scheduler - INFO - 找到 0 个待执行任务
2026-09-01 09:33:56,272 - agentgate.task.scheduler - INFO - 开始扫描 PENDING 状态任务...
2026-09-01 09:33:56,274 - agentgate.task.scheduler - INFO - 找到 0 个待执行任务
2026-09-01 09:34:06,281 - agentgate.task.scheduler - INFO - 开始扫描 PENDING 状态任务...
2026-09-01 09:34:06,283 - agentgate.task.scheduler - INFO - 找到 0 个待执行任务
2026-09-01 09:34:16,288 - agentgate.task.scheduler - INFO - 开始扫描 PENDING 状态任务...
2026-09-01 09:34:16,290 - agentgate.task.scheduler - INFO - 找到 0 个待执行任务
2026-09-01 09:34:26,304 - agentgate.task.scheduler - INFO - 开始扫描 PENDING 状态任务...
2026-09-01 09:34:26,305 - agentgate.task.scheduler - INFO - 找到 0 个待执行任务
2026-09-01 09:34:36,317 - agentgate.task.scheduler - INFO - 开始扫描 PENDING 状态任务...
2026-09-01 09:34:36,319 - agentgate.task.scheduler - INFO - 找到 0 个待执行任务
2026-09-01 09:34:46,322 - agentgate.task.scheduler - INFO - 开始扫描 PENDING 状态任务...
2026-09-01 09:34:46,323 - agentgate.task.scheduler - INFO - 找到 0 个待执行任务
2026-09-01 09:34:56,331 - agentgate.task.scheduler - INFO - 开始扫描 PENDING 状态任务...
2026-09-01 09:34:56,332 - agentgate.task.scheduler - INFO - 找到 0 个待执行任务
2026-09-01 09:35:06,342 - agentgate.task.scheduler - INFO - 开始扫描 PENDING 状态任务...
2026-09-01 09:35:06,342 - agentgate.task.scheduler - INFO - 找到 0 个待执行任务
2026-09-01 09:35:16,354 - agentgate.task.scheduler - INFO - 开始扫描 PENDING 状态任务...
2026-09-01 09:35:16,355 - agentgate.task.scheduler - INFO - 找到 0 个待执行任务
2026-09-01 09:35:26,362 - agentgate.task.scheduler - INFO - 开始扫描 PENDING 状态任务...
2026-09-01 09:35:26,363 - agentgate.task.scheduler - INFO - 找到 0 个待执行任务
2026-09-01 09:35:36,367 - agentgate.task.scheduler - INFO - 开始扫描 PENDING 状态任务...
2026-09-01 09:35:36,369 - agentgate.task.scheduler - INFO - 找到 0 个待执行任务
2026-09-01 09:35:46,383 - agentgate.task.scheduler - INFO - 开始扫描 PENDING 状态任务...
2026-09-01 09:35:46,384 - agentgate.task.scheduler - INFO - 找到 0 个待执行任务
2026-09-01 09:35:56,396 - agentgate.task.scheduler - INFO - 开始扫描 PENDING 状态任务...
2026-09-01 09:35:56,397 - agentgate.task.scheduler - INFO - 找到 0 个待执行任务
2026-09-01 09:36:06,408 - agentgate.task.scheduler - INFO - 开始扫描 PENDING 状态任务...
2026-09-01 09:36:06,409 - agentgate.task.scheduler - INFO - 找到 0 个待执行任务
2026-09-01 09:36:16,416 - agentgate.task.scheduler - INFO - 开始扫描 PENDING 状态任务...
2026-09-01 09:36:16,418 - agentgate.task.scheduler - INFO - 找到 0 个待执行任务
2026-09-01 09:36:26,427 - agentgate.task.scheduler - INFO - 开始扫描 PENDING 状态任务...
2026-09-01 09:36:26,428 - agentgate.task.scheduler - INFO - 找到 0 个待执行任务
2026-09-01 09:36:36,439 - agentgate.task.scheduler - INFO - 开始扫描 PENDING 状态任务...
2026-09-01 09:36:36,440 - agentgate.task.scheduler - INFO - 找到 0 个待执行任务
2026-09-01 09:36:46,447 - agentgate.task.scheduler - INFO - 开始扫描 PENDING 状态任务...
2026-09-01 09:36:46,448 - agentgate.task.scheduler - INFO - 找到 0 个待执行任务
2026-09-01 09:36:56,463 - agentgate.task.scheduler - INFO - 开始扫描 PENDING 状态任务...
2026-09-01 09:36:56,464 - agentgate.task.scheduler - INFO - 找到 0 个待执行任务
2026-09-01 09:37:06,480 - agentgate.task.scheduler - INFO - 开始扫描 PENDING 状态任务...
2026-09-01 09:37:06,482 - agentgate.task.scheduler - INFO - 找到 0 个待执行任务
2026-09-01 09:37:16,496 - agentgate.task.scheduler - INFO - 开始扫描 PENDING 状态任务...
2026-09-01 09:37:16,498 - agentgate.task.scheduler - INFO - 找到 0 个待执行任务
2026-09-01 09:37:26,510 - agentgate.task.scheduler - INFO - 开始扫描 PENDING 状态任务...
2026-09-01 09:37:26,511 - agentgate.task.scheduler - INFO - 找到 0 个待执行任务
2026-09-01 09:37:36,513 - agentgate.task.scheduler - INFO - 开始扫描 PENDING 状态任务...
2026-09-01 09:37:36,514 - agentgate.task.scheduler - INFO - 找到 0 个待执行任务
2026-09-01 09:37:46,520 - agentgate.task.scheduler - INFO - 开始扫描 PENDING 状态任务...
2026-09-01 09:37:46,522 - agentgate.task.scheduler - INFO - 找到 0 个待执行任务
2026-09-01 09:37:56,538 - agentgate.task.scheduler - INFO - 开始扫描 PENDING 状态任务...
2026-09-01 09:37:56,539 - agentgate.task.scheduler - INFO - 找到 0 个待执行任务
2026-09-01 09:38:06,547 - agentgate.task.scheduler - INFO - 开始扫描 PENDING 状态任务...
2026-09-01 09:38:06,548 - agentgate.task.scheduler - INFO - 找到 0 个待执行任务
2026-09-01 09:38:16,557 - agentgate.task.scheduler - INFO - 开始扫描 PENDING 状态任务...
2026-09-01 09:38:16,558 - agentgate.task.scheduler - INFO - 找到 0 个待执行任务
2026-09-01 09:38:26,561 - agentgate.task.scheduler - INFO - 开始扫描 PENDING 状态任务...
2026-09-01 09:38:26,562 - agentgate.task.scheduler - INFO - 找到 0 个待执行任务
2026-09-01 09:38:36,577 - agentgate.task.scheduler - INFO - 开始扫描 PENDING 状态任务...
2026-09-01 09:38:36,578 - agentgate.task.scheduler - INFO - 找到 0 个待执行任务
2026-09-01 09:38:46,587 - agentgate.task.scheduler - INFO - 开始扫描 PENDING 状态任务...
2026-09-01 09:38:46,589 - agentgate.task.scheduler - INFO - 找到 0 个待执行任务
2026-09-01 09:38:56,598 - agentgate.task.scheduler - INFO - 开始扫描 PENDING 状态任务...
2026-09-01 09:38:56,599 - agentgate.task.scheduler - INFO - 找到 0 个待执行任务
2026-09-01 09:39:06,602 - agentgate.task.scheduler - INFO - 开始扫描 PENDING 状态任务...
2026-09-01 09:39:06,604 - agentgate.task.scheduler - INFO - 找到 0 个待执行任务
2026-09-01 09:39:16,616 - agentgate.task.scheduler - INFO - 开始扫描 PENDING 状态任务...
2026-09-01 09:39:16,618 - agentgate.task.scheduler - INFO - 找到 0 个待执行任务
2026-09-01 09:39:26,628 - agentgate.task.scheduler - INFO - 开始扫描 PENDING 状态任务...
2026-09-01 09:39:26,630 - agentgate.task.scheduler - INFO - 找到 0 个待执行任务
2026-09-01 09:39:36,639 - agentgate.task.scheduler - INFO - 开始扫描 PENDING 状态任务...
2026-09-01 09:39:36,641 - agentgate.task.scheduler - INFO - 找到 0 个待执行任务
2026-09-01 09:39:46,651 - agentgate.task.scheduler - INFO - 开始扫描 PENDING 状态任务...
2026-09-01 09:39:46,652 - agentgate.task.scheduler - INFO - 找到 0 个待执行任务
2026-09-01 09:39:56,656 - agentgate.task.scheduler - INFO - 开始扫描 PENDING 状态任务...
2026-09-01 09:39:56,658 - agentgate.task.scheduler - INFO - 找到 0 个待执行任务
2026-09-01 09:40:06,665 - agentgate.task.scheduler - INFO - 开始扫描 PENDING 状态任务...
2026-09-01 09:40:06,666 - agentgate.task.scheduler - INFO - 找到 0 个待执行任务
2026-09-01 09:40:16,677 - agentgate.task.scheduler - INFO - 开始扫描 PENDING 状态任务...
2026-09-01 09:40:16,678 - agentgate.task.scheduler - INFO - 找到 0 个待执行任务
2026-09-01 09:40:26,689 - agentgate.task.scheduler - INFO - 开始扫描 PENDING 状态任务...
2026-09-01 09:40:26,690 - agentgate.task.scheduler - INFO - 找到 0 个待执行任务
2026-09-01 09:40:36,697 - agentgate.task.scheduler - INFO - 开始扫描 PENDING 状态任务...
2026-09-01 09:40:36,698 - agentgate.task.scheduler - INFO - 找到 0 个待执行任务
2026-09-01 09:40:46,704 - agentgate.task.scheduler - INFO - 开始扫描 PENDING 状态任务...
2026-09-01 09:40:46,705 - agentgate.task.scheduler - INFO - 找到 0 个待执行任务
2026-09-01 09:40:56,716 - agentgate.task.scheduler - INFO - 开始扫描 PENDING 状态任务...
2026-09-01 09:40:56,718 - agentgate.task.scheduler - INFO - 找到 0 个待执行任务
2026-09-01 09:41:06,722 - agentgate.task.scheduler - INFO - 开始扫描 PENDING 状态任务...
2026-09-01 09:41:06,723 - agentgate.task.scheduler - INFO - 找到 0 个待执行任务
2026-09-01 09:41:16,725 - agentgate.task.scheduler - INFO - 开始扫描 PENDING 状态任务...
2026-09-01 09:41:16,726 - agentgate.task.scheduler - INFO - 找到 0 个待执行任务
2026-09-01 09:41:26,737 - agentgate.task.scheduler - INFO - 开始扫描 PENDING 状态任务...
2026-09-01 09:41:26,738 - agentgate.task.scheduler - INFO - 找到 0 个待执行任务
2026-09-01 09:41:36,754 - agentgate.task.scheduler - INFO - 开始扫描 PENDING 状态任务...
2026-09-01 09:41:36,755 - agentgate.task.scheduler - INFO - 找到 0 个待执行任务
2026-09-01 09:41:46,760 - agentgate.task.scheduler - INFO - 开始扫描 PENDING 状态任务...
2026-09-01 09:41:46,761 - agentgate.task.scheduler - INFO - 找到 0 个待执行任务
2026-09-01 09:41:47,618 - agentgate.task.service - INFO - Created task: 7075fc1a-f4d5-4d41-9aaa-66a701fc827c, name: test
2026-09-01 09:41:52,341 - agentgate.task.service - INFO - Task 7075fc1a-f4d5-4d41-9aaa-66a701fc827c started, status changed to PENDING
2026-09-01 09:41:56,769 - agentgate.task.scheduler - INFO - 开始扫描 PENDING 状态任务...
2026-09-01 09:41:56,770 - agentgate.task.scheduler - INFO - 找到 1 个待执行任务
2026-09-01 09:41:56,771 - agentgate.task.scheduler - INFO - 开始执行任务: 7075fc1a-f4d5-4d41-9aaa-66a701fc827c, 名称: test
2026-09-01 09:41:56,771 - agentgate.task.scheduler - INFO - 使用已有执行记录: run_id=4f0962c4-2130-4d68-98fe-0e647aa3e134, run_no=1
2026-09-01 09:41:56,778 - agentgate.task.scheduler - INFO - 任务状态变更为 RUNNING: 7075fc1a-f4d5-4d41-9aaa-66a701fc827c
2026-09-01 09:41:56,782 - agentgate.task.scheduler - INFO - 用例执行完成: case_id=case_001, score=85.0
2026-09-01 09:41:56,789 - agentgate.task.scheduler - INFO - 任务执行完成: 7075fc1a-f4d5-4d41-9aaa-66a701fc827c, 状态: SUCCESS
2026-09-01 09:42:06,801 - agentgate.task.scheduler - INFO - 开始扫描 PENDING 状态任务...
2026-09-01 09:42:06,802 - agentgate.task.scheduler - INFO - 找到 0 个待执行任务
2026-09-01 09:42:16,806 - agentgate.task.scheduler - INFO - 开始扫描 PENDING 状态任务...
2026-09-01 09:42:16,808 - agentgate.task.scheduler - INFO - 找到 0 个待执行任务
2026-09-01 09:42:26,819 - agentgate.task.scheduler - INFO - 开始扫描 PENDING 状态任务...
2026-09-01 09:42:26,820 - agentgate.task.scheduler - INFO - 找到 0 个待执行任务
2026-09-01 09:42:36,826 - agentgate.task.scheduler - INFO - 开始扫描 PENDING 状态任务...
2026-09-01 09:42:36,827 - agentgate.task.scheduler - INFO - 找到 0 个待执行任务
2026-09-01 09:42:46,831 - agentgate.task.scheduler - INFO - 开始扫描 PENDING 状态任务...
2026-09-01 09:42:46,833 - agentgate.task.scheduler - INFO - 找到 0 个待执行任务
2026-09-01 09:42:56,837 - agentgate.task.scheduler - INFO - 开始扫描 PENDING 状态任务...
2026-09-01 09:42:56,839 - agentgate.task.scheduler - INFO - 找到 0 个待执行任务
2026-09-01 09:43:06,842 - agentgate.task.scheduler - INFO - 开始扫描 PENDING 状态任务...
2026-09-01 09:43:06,844 - agentgate.task.scheduler - INFO - 找到 0 个待执行任务
2026-09-01 09:43:16,846 - agentgate.task.scheduler - INFO - 开始扫描 PENDING 状态任务...
2026-09-01 09:43:16,848 - agentgate.task.scheduler - INFO - 找到 0 个待执行任务
2026-09-01 09:43:26,853 - agentgate.task.scheduler - INFO - 开始扫描 PENDING 状态任务...
2026-09-01 09:43:26,854 - agentgate.task.scheduler - INFO - 找到 0 个待执行任务
2026-09-01 09:43:36,866 - agentgate.task.scheduler - INFO - 开始扫描 PENDING 状态任务...
2026-09-01 09:43:36,867 - agentgate.task.scheduler - INFO - 找到 0 个待执行任务
2026-09-01 09:43:46,873 - agentgate.task.scheduler - INFO - 开始扫描 PENDING 状态任务...
2026-09-01 09:43:46,874 - agentgate.task.scheduler - INFO - 找到 0 个待执行任务
2026-09-01 09:43:56,882 - agentgate.task.scheduler - INFO - 开始扫描 PENDING 状态任务...
2026-09-01 09:43:56,884 - agentgate.task.scheduler - INFO - 找到 0 个待执行任务
2026-09-01 09:44:06,886 - agentgate.task.scheduler - INFO - 开始扫描 PENDING 状态任务...
2026-09-01 09:44:06,887 - agentgate.task.scheduler - INFO - 找到 0 个待执行任务
2026-09-01 09:44:16,897 - agentgate.task.scheduler - INFO - 开始扫描 PENDING 状态任务...
2026-09-01 09:44:16,899 - agentgate.task.scheduler - INFO - 找到 0 个待执行任务
2026-09-01 09:44:26,905 - agentgate.task.scheduler - INFO - 开始扫描 PENDING 状态任务...
2026-09-01 09:44:26,906 - agentgate.task.scheduler - INFO - 找到 0 个待执行任务
2026-09-01 09:44:36,911 - agentgate.task.scheduler - INFO - 开始扫描 PENDING 状态任务...
2026-09-01 09:44:36,913 - agentgate.task.scheduler - INFO - 找到 0 个待执行任务
2026-09-01 09:44:46,917 - agentgate.task.scheduler - INFO - 开始扫描 PENDING 状态任务...
2026-09-01 09:44:46,918 - agentgate.task.scheduler - INFO - 找到 0 个待执行任务
2026-09-01 09:44:56,926 - agentgate.task.scheduler - INFO - 开始扫描 PENDING 状态任务...
2026-09-01 09:44:56,928 - agentgate.task.scheduler - INFO - 找到 0 个待执行任务
2026-09-01 09:45:06,936 - agentgate.task.scheduler - INFO - 开始扫描 PENDING 状态任务...
2026-09-01 09:45:06,937 - agentgate.task.scheduler - INFO - 找到 0 个待执行任务
2026-09-01 09:45:16,942 - agentgate.task.scheduler - INFO - 开始扫描 PENDING 状态任务...
2026-09-01 09:45:16,944 - agentgate.task.scheduler - INFO - 找到 0 个待执行任务
2026-09-01 09:45:26,946 - agentgate.task.scheduler - INFO - 开始扫描 PENDING 状态任务...
2026-09-01 09:45:26,947 - agentgate.task.scheduler - INFO - 找到 0 个待执行任务
2026-09-01 09:45:36,951 - agentgate.task.scheduler - INFO - 开始扫描 PENDING 状态任务...
2026-09-01 09:45:36,952 - agentgate.task.scheduler - INFO - 找到 0 个待执行任务
2026-09-01 09:45:46,963 - agentgate.task.scheduler - INFO - 开始扫描 PENDING 状态任务...
2026-09-01 09:45:46,964 - agentgate.task.scheduler - INFO - 找到 0 个待执行任务
2026-09-01 09:45:56,973 - agentgate.task.scheduler - INFO - 开始扫描 PENDING 状态任务...
2026-09-01 09:45:56,974 - agentgate.task.scheduler - INFO - 找到 0 个待执行任务
2026-09-01 09:46:06,987 - agentgate.task.scheduler - INFO - 开始扫描 PENDING 状态任务...
2026-09-01 09:46:06,989 - agentgate.task.scheduler - INFO - 找到 0 个待执行任务
2026-09-01 09:46:16,997 - agentgate.task.scheduler - INFO - 开始扫描 PENDING 状态任务...
2026-09-01 09:46:16,998 - agentgate.task.scheduler - INFO - 找到 0 个待执行任务
2026-09-01 09:46:27,012 - agentgate.task.scheduler - INFO - 开始扫描 PENDING 状态任务...
2026-09-01 09:46:27,013 - agentgate.task.scheduler - INFO - 找到 0 个待执行任务
2026-09-01 09:46:37,015 - agentgate.task.scheduler - INFO - 开始扫描 PENDING 状态任务...
2026-09-01 09:46:37,016 - agentgate.task.scheduler - INFO - 找到 0 个待执行任务
2026-09-01 09:46:47,022 - agentgate.task.scheduler - INFO - 开始扫描 PENDING 状态任务...
2026-09-01 09:46:47,023 - agentgate.task.scheduler - INFO - 找到 0 个待执行任务
2026-09-01 09:46:57,029 - agentgate.task.scheduler - INFO - 开始扫描 PENDING 状态任务...
2026-09-01 09:46:57,031 - agentgate.task.scheduler - INFO - 找到 0 个待执行任务
2026-09-01 09:47:07,039 - agentgate.task.scheduler - INFO - 开始扫描 PENDING 状态任务...
2026-09-01 09:47:07,040 - agentgate.task.scheduler - INFO - 找到 0 个待执行任务
2026-09-01 09:47:17,045 - agentgate.task.scheduler - INFO - 开始扫描 PENDING 状态任务...
2026-09-01 09:47:17,047 - agentgate.task.scheduler - INFO - 找到 0 个待执行任务
2026-09-01 09:47:27,061 - agentgate.task.scheduler - INFO - 开始扫描 PENDING 状态任务...
2026-09-01 09:47:27,062 - agentgate.task.scheduler - INFO - 找到 0 个待执行任务
2026-09-01 09:47:37,074 - agentgate.task.scheduler - INFO - 开始扫描 PENDING 状态任务...
2026-09-01 09:47:37,076 - agentgate.task.scheduler - INFO - 找到 0 个待执行任务
2026-09-01 09:47:47,079 - agentgate.task.scheduler - INFO - 开始扫描 PENDING 状态任务...
2026-09-01 09:47:47,080 - agentgate.task.scheduler - INFO - 找到 0 个待执行任务
2026-09-01 09:47:57,091 - agentgate.task.scheduler - INFO - 开始扫描 PENDING 状态任务...
2026-09-01 09:47:57,093 - agentgate.task.scheduler - INFO - 找到 0 个待执行任务
2026-09-01 09:48:07,107 - agentgate.task.scheduler - INFO - 开始扫描 PENDING 状态任务...
2026-09-01 09:48:07,108 - agentgate.task.scheduler - INFO - 找到 0 个待执行任务
2026-09-01 09:48:17,116 - agentgate.task.scheduler - INFO - 开始扫描 PENDING 状态任务...
2026-09-01 09:48:17,117 - agentgate.task.scheduler - INFO - 找到 0 个待执行任务
2026-09-01 09:48:27,119 - agentgate.task.scheduler - INFO - 开始扫描 PENDING 状态任务...
2026-09-01 09:48:27,120 - agentgate.task.scheduler - INFO - 找到 0 个待执行任务
2026-09-01 09:48:37,125 - agentgate.task.scheduler - INFO - 开始扫描 PENDING 状态任务...
2026-09-01 09:48:37,127 - agentgate.task.scheduler - INFO - 找到 0 个待执行任务
2026-09-01 09:48:47,132 - agentgate.task.scheduler - INFO - 开始扫描 PENDING 状态任务...
2026-09-01 09:48:47,134 - agentgate.task.scheduler - INFO - 找到 0 个待执行任务
2026-09-01 09:48:57,145 - agentgate.task.scheduler - INFO - 开始扫描 PENDING 状态任务...
2026-09-01 09:48:57,146 - agentgate.task.scheduler - INFO - 找到 0 个待执行任务
2026-09-01 09:49:07,159 - agentgate.task.scheduler - INFO - 开始扫描 PENDING 状态任务...
2026-09-01 09:49:07,160 - agentgate.task.scheduler - INFO - 找到 0 个待执行任务
2026-09-01 09:49:17,168 - agentgate.task.scheduler - INFO - 开始扫描 PENDING 状态任务...
2026-09-01 09:49:17,169 - agentgate.task.scheduler - INFO - 找到 0 个待执行任务
2026-09-01 09:49:27,181 - agentgate.task.scheduler - INFO - 开始扫描 PENDING 状态任务...
2026-09-01 09:49:27,183 - agentgate.task.scheduler - INFO - 找到 0 个待执行任务
2026-09-01 09:49:37,189 - agentgate.task.scheduler - INFO - 开始扫描 PENDING 状态任务...
2026-09-01 09:49:37,191 - agentgate.task.scheduler - INFO - 找到 0 个待执行任务
2026-09-01 09:49:47,197 - agentgate.task.scheduler - INFO - 开始扫描 PENDING 状态任务...
2026-09-01 09:49:47,198 - agentgate.task.scheduler - INFO - 找到 0 个待执行任务
2026-09-01 09:49:57,207 - agentgate.task.scheduler - INFO - 开始扫描 PENDING 状态任务...
2026-09-01 09:49:57,208 - agentgate.task.scheduler - INFO - 找到 0 个待执行任务
2026-09-01 09:50:07,223 - agentgate.task.scheduler - INFO - 开始扫描 PENDING 状态任务...
2026-09-01 09:50:07,224 - agentgate.task.scheduler - INFO - 找到 0 个待执行任务
2026-09-01 09:50:17,228 - agentgate.task.scheduler - INFO - 开始扫描 PENDING 状态任务...
2026-09-01 09:50:17,229 - agentgate.task.scheduler - INFO - 找到 0 个待执行任务
2026-09-01 09:50:27,242 - agentgate.task.scheduler - INFO - 开始扫描 PENDING 状态任务...
2026-09-01 09:50:27,244 - agentgate.task.scheduler - INFO - 找到 0 个待执行任务
2026-09-01 09:50:37,250 - agentgate.task.scheduler - INFO - 开始扫描 PENDING 状态任务...
2026-09-01 09:50:37,252 - agentgate.task.scheduler - INFO - 找到 0 个待执行任务
2026-09-01 09:50:47,258 - agentgate.task.scheduler - INFO - 开始扫描 PENDING 状态任务...
2026-09-01 09:50:47,259 - agentgate.task.scheduler - INFO - 找到 0 个待执行任务
2026-09-01 09:50:57,269 - agentgate.task.scheduler - INFO - 开始扫描 PENDING 状态任务...
2026-09-01 09:50:57,270 - agentgate.task.scheduler - INFO - 找到 0 个待执行任务
2026-09-01 09:51:07,271 - agentgate.task.scheduler - INFO - 开始扫描 PENDING 状态任务...
2026-09-01 09:51:07,273 - agentgate.task.scheduler - INFO - 找到 0 个待执行任务
2026-09-01 09:51:17,280 - agentgate.task.scheduler - INFO - 开始扫描 PENDING 状态任务...
2026-09-01 09:51:17,281 - agentgate.task.scheduler - INFO - 找到 0 个待执行任务
2026-09-01 09:51:27,283 - agentgate.task.scheduler - INFO - 开始扫描 PENDING 状态任务...
2026-09-01 09:51:27,284 - agentgate.task.scheduler - INFO - 找到 0 个待执行任务
2026-09-01 09:51:37,289 - agentgate.task.scheduler - INFO - 开始扫描 PENDING 状态任务...
2026-09-01 09:51:37,290 - agentgate.task.scheduler - INFO - 找到 0 个待执行任务
2026-09-01 09:51:47,304 - agentgate.task.scheduler - INFO - 开始扫描 PENDING 状态任务...
2026-09-01 09:51:47,305 - agentgate.task.scheduler - INFO - 找到 0 个待执行任务
2026-09-01 09:51:57,311 - agentgate.task.scheduler - INFO - 开始扫描 PENDING 状态任务...
2026-09-01 09:51:57,312 - agentgate.task.scheduler - INFO - 找到 0 个待执行任务
2026-09-01 09:52:07,321 - agentgate.task.scheduler - INFO - 开始扫描 PENDING 状态任务...
2026-09-01 09:52:07,322 - agentgate.task.scheduler - INFO - 找到 0 个待执行任务
2026-09-01 09:52:17,333 - agentgate.task.scheduler - INFO - 开始扫描 PENDING 状态任务...
2026-09-01 09:52:17,334 - agentgate.task.scheduler - INFO - 找到 0 个待执行任务
2026-09-01 09:52:27,344 - agentgate.task.scheduler - INFO - 开始扫描 PENDING 状态任务...
2026-09-01 09:52:27,345 - agentgate.task.scheduler - INFO - 找到 0 个待执行任务
2026-09-01 09:52:37,357 - agentgate.task.scheduler - INFO - 开始扫描 PENDING 状态任务...
2026-09-01 09:52:37,358 - agentgate.task.scheduler - INFO - 找到 0 个待执行任务
2026-09-01 09:52:47,365 - agentgate.task.scheduler - INFO - 开始扫描 PENDING 状态任务...
2026-09-01 09:52:47,367 - agentgate.task.scheduler - INFO - 找到 0 个待执行任务
2026-09-01 09:52:57,370 - agentgate.task.scheduler - INFO - 开始扫描 PENDING 状态任务...
2026-09-01 09:52:57,371 - agentgate.task.scheduler - INFO - 找到 0 个待执行任务
2026-09-01 09:53:07,372 - agentgate.task.scheduler - INFO - 开始扫描 PENDING 状态任务...
2026-09-01 09:53:07,373 - agentgate.task.scheduler - INFO - 找到 0 个待执行任务
2026-09-01 09:53:17,389 - agentgate.task.scheduler - INFO - 开始扫描 PENDING 状态任务...
2026-09-01 09:53:17,390 - agentgate.task.scheduler - INFO - 找到 0 个待执行任务
2026-09-01 09:53:27,398 - agentgate.task.scheduler - INFO - 开始扫描 PENDING 状态任务...
2026-09-01 09:53:27,399 - agentgate.task.scheduler - INFO - 找到 0 个待执行任务
2026-09-01 09:53:37,409 - agentgate.task.scheduler - INFO - 开始扫描 PENDING 状态任务...
2026-09-01 09:53:37,411 - agentgate.task.scheduler - INFO - 找到 0 个待执行任务
2026-09-01 09:53:47,413 - agentgate.task.scheduler - INFO - 开始扫描 PENDING 状态任务...
2026-09-01 09:53:47,414 - agentgate.task.scheduler - INFO - 找到 0 个待执行任务
2026-09-01 09:53:57,424 - agentgate.task.scheduler - INFO - 开始扫描 PENDING 状态任务...
2026-09-01 09:53:57,425 - agentgate.task.scheduler - INFO - 找到 0 个待执行任务
2026-09-01 09:54:05,286 - agentgate.task.service - INFO - Created task: 511200a5-a55f-43d9-8c38-8764b9ae1310, name: test
2026-09-01 09:54:07,435 - agentgate.task.scheduler - INFO - 开始扫描 PENDING 状态任务...
2026-09-01 09:54:07,436 - agentgate.task.scheduler - INFO - 找到 0 个待执行任务
2026-09-01 09:54:17,445 - agentgate.task.scheduler - INFO - 开始扫描 PENDING 状态任务...
2026-09-01 09:54:17,447 - agentgate.task.scheduler - INFO - 找到 0 个待执行任务
2026-09-01 09:54:25,186 - agentgate.task.service - INFO - Task 511200a5-a55f-43d9-8c38-8764b9ae1310 started, status changed to PENDING
2026-09-01 09:54:27,458 - agentgate.task.scheduler - INFO - 开始扫描 PENDING 状态任务...
2026-09-01 09:54:27,460 - agentgate.task.scheduler - INFO - 找到 1 个待执行任务
2026-09-01 09:54:27,460 - agentgate.task.scheduler - INFO - 开始执行任务: 511200a5-a55f-43d9-8c38-8764b9ae1310, 名称: test
2026-09-01 09:54:27,461 - agentgate.task.scheduler - INFO - 使用已有执行记录: run_id=c5bc863a-bfa7-4512-99fd-0de6d2cfd92e, run_no=1
2026-09-01 09:54:27,469 - agentgate.task.scheduler - INFO - 任务状态变更为 RUNNING: 511200a5-a55f-43d9-8c38-8764b9ae1310
2026-09-01 09:54:27,472 - agentgate.task.scheduler - INFO - 用例执行完成: case_id=case_001, score=85.0
2026-09-01 09:54:27,477 - agentgate.task.scheduler - INFO - 任务执行完成: 511200a5-a55f-43d9-8c38-8764b9ae1310, 状态: SUCCESS
2026-09-01 09:54:37,484 - agentgate.task.scheduler - INFO - 开始扫描 PENDING 状态任务...
2026-09-01 09:54:37,485 - agentgate.task.scheduler - INFO - 找到 0 个待执行任务
2026-09-01 09:54:47,500 - agentgate.task.scheduler - INFO - 开始扫描 PENDING 状态任务...
2026-09-01 09:54:47,502 - agentgate.task.scheduler - INFO - 找到 0 个待执行任务
2026-09-01 09:54:57,515 - agentgate.task.scheduler - INFO - 开始扫描 PENDING 状态任务...
2026-09-01 09:54:57,516 - agentgate.task.scheduler - INFO - 找到 0 个待执行任务
2026-09-01 09:55:07,531 - agentgate.task.scheduler - INFO - 开始扫描 PENDING 状态任务...
2026-09-01 09:55:07,532 - agentgate.task.scheduler - INFO - 找到 0 个待执行任务
2026-09-01 09:55:17,535 - agentgate.task.scheduler - INFO - 开始扫描 PENDING 状态任务...
2026-09-01 09:55:17,536 - agentgate.task.scheduler - INFO - 找到 0 个待执行任务
2026-09-01 09:55:27,548 - agentgate.task.scheduler - INFO - 开始扫描 PENDING 状态任务...
2026-09-01 09:55:27,549 - agentgate.task.scheduler - INFO - 找到 0 个待执行任务
2026-09-01 09:55:37,554 - agentgate.task.scheduler - INFO - 开始扫描 PENDING 状态任务...
2026-09-01 09:55:37,555 - agentgate.task.scheduler - INFO - 找到 0 个待执行任务
2026-09-01 09:55:47,565 - agentgate.task.scheduler - INFO - 开始扫描 PENDING 状态任务...
2026-09-01 09:55:47,567 - agentgate.task.scheduler - INFO - 找到 0 个待执行任务
2026-09-01 09:55:57,581 - agentgate.task.scheduler - INFO - 开始扫描 PENDING 状态任务...
2026-09-01 09:55:57,583 - agentgate.task.scheduler - INFO - 找到 0 个待执行任务
2026-09-01 09:56:07,585 - agentgate.task.scheduler - INFO - 开始扫描 PENDING 状态任务...
2026-09-01 09:56:07,586 - agentgate.task.scheduler - INFO - 找到 0 个待执行任务
2026-09-01 09:56:17,599 - agentgate.task.scheduler - INFO - 开始扫描 PENDING 状态任务...
2026-09-01 09:56:17,600 - agentgate.task.scheduler - INFO - 找到 0 个待执行任务
2026-09-01 09:56:27,601 - agentgate.task.scheduler - INFO - 开始扫描 PENDING 状态任务...
2026-09-01 09:56:27,603 - agentgate.task.scheduler - INFO - 找到 0 个待执行任务
2026-09-01 09:56:37,618 - agentgate.task.scheduler - INFO - 开始扫描 PENDING 状态任务...
2026-09-01 09:56:37,620 - agentgate.task.scheduler - INFO - 找到 0 个待执行任务
2026-09-01 09:56:47,629 - agentgate.task.scheduler - INFO - 开始扫描 PENDING 状态任务...
2026-09-01 09:56:47,631 - agentgate.task.scheduler - INFO - 找到 0 个待执行任务
2026-09-01 09:56:57,633 - agentgate.task.scheduler - INFO - 开始扫描 PENDING 状态任务...
2026-09-01 09:56:57,634 - agentgate.task.scheduler - INFO - 找到 0 个待执行任务
2026-09-01 09:57:07,649 - agentgate.task.scheduler - INFO - 开始扫描 PENDING 状态任务...
2026-09-01 09:57:07,650 - agentgate.task.scheduler - INFO - 找到 0 个待执行任务
2026-09-01 09:57:17,663 - agentgate.task.scheduler - INFO - 开始扫描 PENDING 状态任务...
2026-09-01 09:57:17,665 - agentgate.task.scheduler - INFO - 找到 0 个待执行任务
2026-09-01 09:57:27,680 - agentgate.task.scheduler - INFO - 开始扫描 PENDING 状态任务...
2026-09-01 09:57:27,682 - agentgate.task.scheduler - INFO - 找到 0 个待执行任务
2026-09-01 09:57:37,688 - agentgate.task.scheduler - INFO - 开始扫描 PENDING 状态任务...
2026-09-01 09:57:37,689 - agentgate.task.scheduler - INFO - 找到 0 个待执行任务
2026-09-01 09:57:47,697 - agentgate.task.scheduler - INFO - 开始扫描 PENDING 状态任务...
2026-09-01 09:57:47,698 - agentgate.task.scheduler - INFO - 找到 0 个待执行任务
2026-09-01 09:57:57,712 - agentgate.task.scheduler - INFO - 开始扫描 PENDING 状态任务...
2026-09-01 09:57:57,714 - agentgate.task.scheduler - INFO - 找到 0 个待执行任务
2026-09-01 09:58:07,724 - agentgate.task.scheduler - INFO - 开始扫描 PENDING 状态任务...
2026-09-01 09:58:07,725 - agentgate.task.scheduler - INFO - 找到 0 个待执行任务
2026-09-01 09:58:17,740 - agentgate.task.scheduler - INFO - 开始扫描 PENDING 状态任务...
2026-09-01 09:58:17,741 - agentgate.task.scheduler - INFO - 找到 0 个待执行任务
2026-09-01 09:58:27,749 - agentgate.task.scheduler - INFO - 开始扫描 PENDING 状态任务...
2026-09-01 09:58:27,751 - agentgate.task.scheduler - INFO - 找到 0 个待执行任务
2026-09-01 09:59:17,568 - src.agentgate.server.application - INFO - 日志系统初始化完成
2026-09-01 09:59:17,568 - src.agentgate.server.application - INFO - 使用数据库: agentgate.db
2026-09-01 09:59:17,622 - src.agentgate.server.application - INFO - 调度器任务已创建
2026-09-01 09:59:17,624 - agentgate.task.scheduler - INFO - 任务调度器已启动，扫描间隔: 10秒
2026-09-01 09:59:17,624 - agentgate.task.service - INFO - 调度器已启动，间隔: 10秒
2026-09-01 09:59:17,624 - agentgate.task.scheduler - INFO - 开始扫描 PENDING 状态任务...
2026-09-01 09:59:17,629 - agentgate.task.scheduler - INFO - 找到 0 个待执行任务
2026-09-01 09:59:27,644 - agentgate.task.scheduler - INFO - 开始扫描 PENDING 状态任务...
2026-09-01 09:59:27,646 - agentgate.task.scheduler - INFO - 找到 0 个待执行任务
2026-09-01 09:59:37,648 - agentgate.task.scheduler - INFO - 开始扫描 PENDING 状态任务...
2026-09-01 09:59:37,650 - agentgate.task.scheduler - INFO - 找到 0 个待执行任务
2026-09-01 09:59:47,662 - agentgate.task.scheduler - INFO - 开始扫描 PENDING 状态任务...
2026-09-01 09:59:47,663 - agentgate.task.scheduler - INFO - 找到 0 个待执行任务
2026-09-01 09:59:57,674 - agentgate.task.scheduler - INFO - 开始扫描 PENDING 状态任务...
2026-09-01 09:59:57,675 - agentgate.task.scheduler - INFO - 找到 0 个待执行任务
2026-09-01 10:00:07,676 - agentgate.task.scheduler - INFO - 开始扫描 PENDING 状态任务...
2026-09-01 10:00:07,677 - agentgate.task.scheduler - INFO - 找到 0 个待执行任务
2026-09-01 10:00:17,691 - agentgate.task.scheduler - INFO - 开始扫描 PENDING 状态任务...
2026-09-01 10:00:17,692 - agentgate.task.scheduler - INFO - 找到 0 个待执行任务
2026-09-01 10:00:27,695 - agentgate.task.scheduler - INFO - 开始扫描 PENDING 状态任务...
2026-09-01 10:00:27,696 - agentgate.task.scheduler - INFO - 找到 0 个待执行任务
2026-09-01 10:00:37,699 - agentgate.task.scheduler - INFO - 开始扫描 PENDING 状态任务...
2026-09-01 10:00:37,701 - agentgate.task.scheduler - INFO - 找到 0 个待执行任务
2026-09-01 10:00:47,716 - agentgate.task.scheduler - INFO - 开始扫描 PENDING 状态任务...
2026-09-01 10:00:47,717 - agentgate.task.scheduler - INFO - 找到 0 个待执行任务
2026-09-01 10:00:57,733 - agentgate.task.scheduler - INFO - 开始扫描 PENDING 状态任务...
2026-09-01 10:00:57,734 - agentgate.task.scheduler - INFO - 找到 0 个待执行任务
2026-09-01 10:01:07,744 - agentgate.task.scheduler - INFO - 开始扫描 PENDING 状态任务...
2026-09-01 10:01:07,745 - agentgate.task.scheduler - INFO - 找到 0 个待执行任务
2026-09-01 10:01:17,759 - agentgate.task.scheduler - INFO - 开始扫描 PENDING 状态任务...
2026-09-01 10:01:17,760 - agentgate.task.scheduler - INFO - 找到 0 个待执行任务
2026-09-01 10:01:27,768 - agentgate.task.scheduler - INFO - 开始扫描 PENDING 状态任务...
2026-09-01 10:01:27,770 - agentgate.task.scheduler - INFO - 找到 0 个待执行任务
2026-09-01 10:01:37,772 - agentgate.task.scheduler - INFO - 开始扫描 PENDING 状态任务...
2026-09-01 10:01:37,773 - agentgate.task.scheduler - INFO - 找到 0 个待执行任务
2026-09-01 10:01:47,787 - agentgate.task.scheduler - INFO - 开始扫描 PENDING 状态任务...
2026-09-01 10:01:47,789 - agentgate.task.scheduler - INFO - 找到 0 个待执行任务
2026-09-01 10:01:57,790 - agentgate.task.scheduler - INFO - 开始扫描 PENDING 状态任务...
2026-09-01 10:01:57,791 - agentgate.task.scheduler - INFO - 找到 0 个待执行任务
2026-09-01 10:02:07,793 - agentgate.task.scheduler - INFO - 开始扫描 PENDING 状态任务...
2026-09-01 10:02:07,794 - agentgate.task.scheduler - INFO - 找到 0 个待执行任务
2026-09-01 10:02:17,809 - agentgate.task.scheduler - INFO - 开始扫描 PENDING 状态任务...
2026-09-01 10:02:17,810 - agentgate.task.scheduler - INFO - 找到 0 个待执行任务
2026-09-01 10:02:27,817 - agentgate.task.scheduler - INFO - 开始扫描 PENDING 状态任务...
2026-09-01 10:02:27,819 - agentgate.task.scheduler - INFO - 找到 0 个待执行任务
2026-09-01 10:02:37,823 - agentgate.task.scheduler - INFO - 开始扫描 PENDING 状态任务...
2026-09-01 10:02:37,824 - agentgate.task.scheduler - INFO - 找到 0 个待执行任务
2026-09-01 10:02:47,837 - agentgate.task.scheduler - INFO - 开始扫描 PENDING 状态任务...
2026-09-01 10:02:47,838 - agentgate.task.scheduler - INFO - 找到 0 个待执行任务
2026-09-01 10:02:57,840 - agentgate.task.scheduler - INFO - 开始扫描 PENDING 状态任务...
2026-09-01 10:02:57,841 - agentgate.task.scheduler - INFO - 找到 0 个待执行任务
2026-09-01 10:03:07,842 - agentgate.task.scheduler - INFO - 开始扫描 PENDING 状态任务...
2026-09-01 10:03:07,843 - agentgate.task.scheduler - INFO - 找到 0 个待执行任务
2026-09-01 10:03:17,846 - agentgate.task.scheduler - INFO - 开始扫描 PENDING 状态任务...
2026-09-01 10:03:17,847 - agentgate.task.scheduler - INFO - 找到 0 个待执行任务
2026-09-01 10:03:27,860 - agentgate.task.scheduler - INFO - 开始扫描 PENDING 状态任务...
2026-09-01 10:03:27,861 - agentgate.task.scheduler - INFO - 找到 0 个待执行任务
2026-09-01 10:03:37,873 - agentgate.task.scheduler - INFO - 开始扫描 PENDING 状态任务...
2026-09-01 10:03:37,874 - agentgate.task.scheduler - INFO - 找到 0 个待执行任务
2026-09-01 10:03:47,874 - agentgate.task.scheduler - INFO - 开始扫描 PENDING 状态任务...
2026-09-01 10:03:47,875 - agentgate.task.scheduler - INFO - 找到 0 个待执行任务
2026-09-01 10:03:57,883 - agentgate.task.scheduler - INFO - 开始扫描 PENDING 状态任务...
2026-09-01 10:03:57,883 - agentgate.task.scheduler - INFO - 找到 0 个待执行任务
2026-09-01 10:04:07,887 - agentgate.task.scheduler - INFO - 开始扫描 PENDING 状态任务...
2026-09-01 10:04:07,889 - agentgate.task.scheduler - INFO - 找到 0 个待执行任务
2026-09-01 10:04:17,900 - agentgate.task.scheduler - INFO - 开始扫描 PENDING 状态任务...
2026-09-01 10:04:17,901 - agentgate.task.scheduler - INFO - 找到 0 个待执行任务
2026-09-01 10:04:27,914 - agentgate.task.scheduler - INFO - 开始扫描 PENDING 状态任务...
2026-09-01 10:04:27,916 - agentgate.task.scheduler - INFO - 找到 0 个待执行任务
2026-09-01 10:04:37,917 - agentgate.task.scheduler - INFO - 开始扫描 PENDING 状态任务...
2026-09-01 10:04:37,918 - agentgate.task.scheduler - INFO - 找到 0 个待执行任务
2026-09-01 10:04:47,920 - agentgate.task.scheduler - INFO - 开始扫描 PENDING 状态任务...
2026-09-01 10:04:47,921 - agentgate.task.scheduler - INFO - 找到 0 个待执行任务
2026-09-01 10:04:57,936 - agentgate.task.scheduler - INFO - 开始扫描 PENDING 状态任务...
2026-09-01 10:04:57,937 - agentgate.task.scheduler - INFO - 找到 0 个待执行任务
2026-09-01 10:05:07,950 - agentgate.task.scheduler - INFO - 开始扫描 PENDING 状态任务...
2026-09-01 10:05:07,951 - agentgate.task.scheduler - INFO - 找到 0 个待执行任务
2026-09-01 10:05:17,963 - agentgate.task.scheduler - INFO - 开始扫描 PENDING 状态任务...
2026-09-01 10:05:17,964 - agentgate.task.scheduler - INFO - 找到 0 个待执行任务
2026-09-01 10:05:27,979 - agentgate.task.scheduler - INFO - 开始扫描 PENDING 状态任务...
2026-09-01 10:05:27,981 - agentgate.task.scheduler - INFO - 找到 0 个待执行任务
2026-09-01 10:05:37,982 - agentgate.task.scheduler - INFO - 开始扫描 PENDING 状态任务...
2026-09-01 10:05:37,983 - agentgate.task.scheduler - INFO - 找到 0 个待执行任务
2026-09-01 10:05:47,984 - agentgate.task.scheduler - INFO - 开始扫描 PENDING 状态任务...
2026-09-01 10:05:47,985 - agentgate.task.scheduler - INFO - 找到 0 个待执行任务
2026-09-01 10:05:58,000 - agentgate.task.scheduler - INFO - 开始扫描 PENDING 状态任务...
2026-09-01 10:05:58,001 - agentgate.task.scheduler - INFO - 找到 0 个待执行任务
2026-09-01 10:06:08,011 - agentgate.task.scheduler - INFO - 开始扫描 PENDING 状态任务...
2026-09-01 10:06:08,013 - agentgate.task.scheduler - INFO - 找到 0 个待执行任务
2026-09-01 10:06:18,027 - agentgate.task.scheduler - INFO - 开始扫描 PENDING 状态任务...
2026-09-01 10:06:18,028 - agentgate.task.scheduler - INFO - 找到 0 个待执行任务
2026-09-01 10:06:28,037 - agentgate.task.scheduler - INFO - 开始扫描 PENDING 状态任务...
2026-09-01 10:06:28,038 - agentgate.task.scheduler - INFO - 找到 0 个待执行任务
2026-09-01 10:06:38,051 - agentgate.task.scheduler - INFO - 开始扫描 PENDING 状态任务...
2026-09-01 10:06:38,053 - agentgate.task.scheduler - INFO - 找到 0 个待执行任务
2026-09-01 10:06:48,055 - agentgate.task.scheduler - INFO - 开始扫描 PENDING 状态任务...
2026-09-01 10:06:48,055 - agentgate.task.scheduler - INFO - 找到 0 个待执行任务
2026-09-01 10:06:58,068 - agentgate.task.scheduler - INFO - 开始扫描 PENDING 状态任务...
2026-09-01 10:06:58,069 - agentgate.task.scheduler - INFO - 找到 0 个待执行任务
2026-09-01 10:07:08,079 - agentgate.task.scheduler - INFO - 开始扫描 PENDING 状态任务...
2026-09-01 10:07:08,080 - agentgate.task.scheduler - INFO - 找到 0 个待执行任务
2026-09-01 10:07:18,089 - agentgate.task.scheduler - INFO - 开始扫描 PENDING 状态任务...
2026-09-01 10:07:18,090 - agentgate.task.scheduler - INFO - 找到 0 个待执行任务
2026-09-01 10:07:28,106 - agentgate.task.scheduler - INFO - 开始扫描 PENDING 状态任务...
2026-09-01 10:07:28,107 - agentgate.task.scheduler - INFO - 找到 0 个待执行任务
2026-09-01 10:07:38,115 - agentgate.task.scheduler - INFO - 开始扫描 PENDING 状态任务...
2026-09-01 10:07:38,117 - agentgate.task.scheduler - INFO - 找到 0 个待执行任务
2026-09-01 10:07:48,126 - agentgate.task.scheduler - INFO - 开始扫描 PENDING 状态任务...
2026-09-01 10:07:48,127 - agentgate.task.scheduler - INFO - 找到 0 个待执行任务
2026-09-01 10:07:58,140 - agentgate.task.scheduler - INFO - 开始扫描 PENDING 状态任务...
2026-09-01 10:07:58,141 - agentgate.task.scheduler - INFO - 找到 0 个待执行任务
2026-09-01 10:08:08,151 - agentgate.task.scheduler - INFO - 开始扫描 PENDING 状态任务...
2026-09-01 10:08:08,152 - agentgate.task.scheduler - INFO - 找到 0 个待执行任务
2026-09-01 10:08:18,154 - agentgate.task.scheduler - INFO - 开始扫描 PENDING 状态任务...
2026-09-01 10:08:18,155 - agentgate.task.scheduler - INFO - 找到 0 个待执行任务
2026-09-01 10:08:28,158 - agentgate.task.scheduler - INFO - 开始扫描 PENDING 状态任务...
2026-09-01 10:08:28,159 - agentgate.task.scheduler - INFO - 找到 0 个待执行任务
2026-09-01 10:08:38,167 - agentgate.task.scheduler - INFO - 开始扫描 PENDING 状态任务...
2026-09-01 10:08:38,168 - agentgate.task.scheduler - INFO - 找到 0 个待执行任务
2026-09-01 10:08:48,174 - agentgate.task.scheduler - INFO - 开始扫描 PENDING 状态任务...
2026-09-01 10:08:48,176 - agentgate.task.scheduler - INFO - 找到 0 个待执行任务
2026-09-01 10:08:58,185 - agentgate.task.scheduler - INFO - 开始扫描 PENDING 状态任务...
2026-09-01 10:08:58,186 - agentgate.task.scheduler - INFO - 找到 0 个待执行任务
2026-09-01 10:09:08,197 - agentgate.task.scheduler - INFO - 开始扫描 PENDING 状态任务...
2026-09-01 10:09:08,199 - agentgate.task.scheduler - INFO - 找到 0 个待执行任务
2026-09-01 10:09:18,210 - agentgate.task.scheduler - INFO - 开始扫描 PENDING 状态任务...
2026-09-01 10:09:18,211 - agentgate.task.scheduler - INFO - 找到 0 个待执行任务
2026-09-01 10:09:28,213 - agentgate.task.scheduler - INFO - 开始扫描 PENDING 状态任务...
2026-09-01 10:09:28,215 - agentgate.task.scheduler - INFO - 找到 0 个待执行任务
2026-09-01 10:09:38,229 - agentgate.task.scheduler - INFO - 开始扫描 PENDING 状态任务...
2026-09-01 10:09:38,229 - agentgate.task.scheduler - INFO - 找到 0 个待执行任务
2026-09-01 10:09:48,233 - agentgate.task.scheduler - INFO - 开始扫描 PENDING 状态任务...
2026-09-01 10:09:48,234 - agentgate.task.scheduler - INFO - 找到 0 个待执行任务
2026-09-01 10:09:58,249 - agentgate.task.scheduler - INFO - 开始扫描 PENDING 状态任务...
2026-09-01 10:09:58,250 - agentgate.task.scheduler - INFO - 找到 0 个待执行任务
2026-09-01 10:10:08,253 - agentgate.task.scheduler - INFO - 开始扫描 PENDING 状态任务...
2026-09-01 10:10:08,255 - agentgate.task.scheduler - INFO - 找到 0 个待执行任务
2026-09-01 10:10:18,257 - agentgate.task.scheduler - INFO - 开始扫描 PENDING 状态任务...
2026-09-01 10:10:18,259 - agentgate.task.scheduler - INFO - 找到 0 个待执行任务
2026-09-01 10:10:28,269 - agentgate.task.scheduler - INFO - 开始扫描 PENDING 状态任务...
2026-09-01 10:10:28,270 - agentgate.task.scheduler - INFO - 找到 0 个待执行任务
2026-09-01 10:10:38,282 - agentgate.task.scheduler - INFO - 开始扫描 PENDING 状态任务...
2026-09-01 10:10:38,283 - agentgate.task.scheduler - INFO - 找到 0 个待执行任务
2026-09-01 10:10:48,290 - agentgate.task.scheduler - INFO - 开始扫描 PENDING 状态任务...
2026-09-01 10:10:48,292 - agentgate.task.scheduler - INFO - 找到 0 个待执行任务
2026-09-01 10:10:58,302 - agentgate.task.scheduler - INFO - 开始扫描 PENDING 状态任务...
2026-09-01 10:10:58,303 - agentgate.task.scheduler - INFO - 找到 0 个待执行任务
2026-09-01 10:11:08,313 - agentgate.task.scheduler - INFO - 开始扫描 PENDING 状态任务...
2026-09-01 10:11:08,314 - agentgate.task.scheduler - INFO - 找到 0 个待执行任务
2026-09-01 10:11:18,330 - agentgate.task.scheduler - INFO - 开始扫描 PENDING 状态任务...
2026-09-01 10:11:18,331 - agentgate.task.scheduler - INFO - 找到 0 个待执行任务
2026-09-01 10:11:28,333 - agentgate.task.scheduler - INFO - 开始扫描 PENDING 状态任务...
2026-09-01 10:11:28,334 - agentgate.task.scheduler - INFO - 找到 0 个待执行任务
2026-09-01 10:11:38,334 - agentgate.task.scheduler - INFO - 开始扫描 PENDING 状态任务...
2026-09-01 10:11:38,336 - agentgate.task.scheduler - INFO - 找到 0 个待执行任务
2026-09-01 10:11:48,338 - agentgate.task.scheduler - INFO - 开始扫描 PENDING 状态任务...
2026-09-01 10:11:48,339 - agentgate.task.scheduler - INFO - 找到 0 个待执行任务
2026-09-01 10:11:58,345 - agentgate.task.scheduler - INFO - 开始扫描 PENDING 状态任务...
2026-09-01 10:11:58,346 - agentgate.task.scheduler - INFO - 找到 0 个待执行任务
2026-09-01 10:12:08,349 - agentgate.task.scheduler - INFO - 开始扫描 PENDING 状态任务...
2026-09-01 10:12:08,350 - agentgate.task.scheduler - INFO - 找到 0 个待执行任务
2026-09-01 10:12:18,353 - agentgate.task.scheduler - INFO - 开始扫描 PENDING 状态任务...
2026-09-01 10:12:18,354 - agentgate.task.scheduler - INFO - 找到 0 个待执行任务
2026-09-01 10:12:28,363 - agentgate.task.scheduler - INFO - 开始扫描 PENDING 状态任务...
2026-09-01 10:12:28,364 - agentgate.task.scheduler - INFO - 找到 0 个待执行任务
2026-09-01 10:12:38,379 - agentgate.task.scheduler - INFO - 开始扫描 PENDING 状态任务...
2026-09-01 10:12:38,379 - agentgate.task.scheduler - INFO - 找到 0 个待执行任务
2026-09-01 10:12:48,381 - agentgate.task.scheduler - INFO - 开始扫描 PENDING 状态任务...
2026-09-01 10:12:48,382 - agentgate.task.scheduler - INFO - 找到 0 个待执行任务
2026-09-01 10:12:58,395 - agentgate.task.scheduler - INFO - 开始扫描 PENDING 状态任务...
2026-09-01 10:12:58,396 - agentgate.task.scheduler - INFO - 找到 0 个待执行任务
2026-09-01 10:13:08,399 - agentgate.task.scheduler - INFO - 开始扫描 PENDING 状态任务...
2026-09-01 10:13:08,400 - agentgate.task.scheduler - INFO - 找到 0 个待执行任务
2026-09-01 10:13:18,412 - agentgate.task.scheduler - INFO - 开始扫描 PENDING 状态任务...
2026-09-01 10:13:18,413 - agentgate.task.scheduler - INFO - 找到 0 个待执行任务
2026-09-01 10:13:28,428 - agentgate.task.scheduler - INFO - 开始扫描 PENDING 状态任务...
2026-09-01 10:13:28,429 - agentgate.task.scheduler - INFO - 找到 0 个待执行任务
2026-09-01 10:13:38,432 - agentgate.task.scheduler - INFO - 开始扫描 PENDING 状态任务...
2026-09-01 10:13:38,433 - agentgate.task.scheduler - INFO - 找到 0 个待执行任务
2026-09-01 10:13:48,442 - agentgate.task.scheduler - INFO - 开始扫描 PENDING 状态任务...
2026-09-01 10:13:48,443 - agentgate.task.scheduler - INFO - 找到 0 个待执行任务
2026-09-01 10:13:58,445 - agentgate.task.scheduler - INFO - 开始扫描 PENDING 状态任务...
2026-09-01 10:13:58,447 - agentgate.task.scheduler - INFO - 找到 0 个待执行任务
2026-09-01 10:14:08,455 - agentgate.task.scheduler - INFO - 开始扫描 PENDING 状态任务...
2026-09-01 10:14:08,457 - agentgate.task.scheduler - INFO - 找到 0 个待执行任务
2026-09-01 10:14:18,472 - agentgate.task.scheduler - INFO - 开始扫描 PENDING 状态任务...
2026-09-01 10:14:18,474 - agentgate.task.scheduler - INFO - 找到 0 个待执行任务
2026-09-01 10:14:28,479 - agentgate.task.scheduler - INFO - 开始扫描 PENDING 状态任务...
2026-09-01 10:14:28,480 - agentgate.task.scheduler - INFO - 找到 0 个待执行任务
2026-09-01 10:14:38,489 - agentgate.task.scheduler - INFO - 开始扫描 PENDING 状态任务...
2026-09-01 10:14:38,490 - agentgate.task.scheduler - INFO - 找到 0 个待执行任务
2026-09-01 10:14:48,498 - agentgate.task.scheduler - INFO - 开始扫描 PENDING 状态任务...
2026-09-01 10:14:48,500 - agentgate.task.scheduler - INFO - 找到 0 个待执行任务
2026-09-01 10:14:58,513 - agentgate.task.scheduler - INFO - 开始扫描 PENDING 状态任务...
2026-09-01 10:14:58,514 - agentgate.task.scheduler - INFO - 找到 0 个待执行任务
2026-09-01 10:15:08,521 - agentgate.task.scheduler - INFO - 开始扫描 PENDING 状态任务...
2026-09-01 10:15:08,523 - agentgate.task.scheduler - INFO - 找到 0 个待执行任务
2026-09-01 10:15:18,532 - agentgate.task.scheduler - INFO - 开始扫描 PENDING 状态任务...
2026-09-01 10:15:18,533 - agentgate.task.scheduler - INFO - 找到 0 个待执行任务
2026-09-01 10:15:28,546 - agentgate.task.scheduler - INFO - 开始扫描 PENDING 状态任务...
2026-09-01 10:15:28,547 - agentgate.task.scheduler - INFO - 找到 0 个待执行任务
2026-09-01 10:15:38,561 - agentgate.task.scheduler - INFO - 开始扫描 PENDING 状态任务...
2026-09-01 10:15:38,563 - agentgate.task.scheduler - INFO - 找到 0 个待执行任务
2026-09-01 10:15:48,576 - agentgate.task.scheduler - INFO - 开始扫描 PENDING 状态任务...
2026-09-01 10:15:48,578 - agentgate.task.scheduler - INFO - 找到 0 个待执行任务
2026-09-01 10:15:58,583 - agentgate.task.scheduler - INFO - 开始扫描 PENDING 状态任务...
2026-09-01 10:15:58,585 - agentgate.task.scheduler - INFO - 找到 0 个待执行任务
2026-09-01 10:16:08,587 - agentgate.task.scheduler - INFO - 开始扫描 PENDING 状态任务...
2026-09-01 10:16:08,588 - agentgate.task.scheduler - INFO - 找到 0 个待执行任务
2026-09-01 10:16:18,596 - agentgate.task.scheduler - INFO - 开始扫描 PENDING 状态任务...
2026-09-01 10:16:18,597 - agentgate.task.scheduler - INFO - 找到 0 个待执行任务
2026-09-01 10:16:28,601 - agentgate.task.scheduler - INFO - 开始扫描 PENDING 状态任务...
2026-09-01 10:16:28,602 - agentgate.task.scheduler - INFO - 找到 0 个待执行任务
2026-09-01 10:16:38,603 - agentgate.task.scheduler - INFO - 开始扫描 PENDING 状态任务...
2026-09-01 10:16:38,605 - agentgate.task.scheduler - INFO - 找到 0 个待执行任务
2026-09-01 10:16:48,609 - agentgate.task.scheduler - INFO - 开始扫描 PENDING 状态任务...
2026-09-01 10:16:48,611 - agentgate.task.scheduler - INFO - 找到 0 个待执行任务
2026-09-01 10:16:58,612 - agentgate.task.scheduler - INFO - 开始扫描 PENDING 状态任务...
2026-09-01 10:16:58,613 - agentgate.task.scheduler - INFO - 找到 0 个待执行任务
2026-09-01 10:17:08,617 - agentgate.task.scheduler - INFO - 开始扫描 PENDING 状态任务...
2026-09-01 10:17:08,618 - agentgate.task.scheduler - INFO - 找到 0 个待执行任务
2026-09-01 10:17:18,624 - agentgate.task.scheduler - INFO - 开始扫描 PENDING 状态任务...
2026-09-01 10:17:18,625 - agentgate.task.scheduler - INFO - 找到 0 个待执行任务
2026-09-01 10:17:28,638 - agentgate.task.scheduler - INFO - 开始扫描 PENDING 状态任务...
2026-09-01 10:17:28,639 - agentgate.task.scheduler - INFO - 找到 0 个待执行任务
2026-09-01 10:17:38,649 - agentgate.task.scheduler - INFO - 开始扫描 PENDING 状态任务...
2026-09-01 10:17:38,650 - agentgate.task.scheduler - INFO - 找到 0 个待执行任务
2026-09-01 10:17:48,657 - agentgate.task.scheduler - INFO - 开始扫描 PENDING 状态任务...
2026-09-01 10:17:48,658 - agentgate.task.scheduler - INFO - 找到 0 个待执行任务
2026-09-01 10:17:58,665 - agentgate.task.scheduler - INFO - 开始扫描 PENDING 状态任务...
2026-09-01 10:17:58,667 - agentgate.task.scheduler - INFO - 找到 0 个待执行任务
2026-09-01 10:18:08,680 - agentgate.task.scheduler - INFO - 开始扫描 PENDING 状态任务...
2026-09-01 10:18:08,681 - agentgate.task.scheduler - INFO - 找到 0 个待执行任务
2026-09-01 10:18:18,693 - agentgate.task.scheduler - INFO - 开始扫描 PENDING 状态任务...
2026-09-01 10:18:18,694 - agentgate.task.scheduler - INFO - 找到 0 个待执行任务
2026-09-01 10:18:28,698 - agentgate.task.scheduler - INFO - 开始扫描 PENDING 状态任务...
2026-09-01 10:18:28,700 - agentgate.task.scheduler - INFO - 找到 0 个待执行任务
2026-09-01 10:18:38,701 - agentgate.task.scheduler - INFO - 开始扫描 PENDING 状态任务...
2026-09-01 10:18:38,702 - agentgate.task.scheduler - INFO - 找到 0 个待执行任务
2026-09-01 10:18:48,705 - agentgate.task.scheduler - INFO - 开始扫描 PENDING 状态任务...
2026-09-01 10:18:48,707 - agentgate.task.scheduler - INFO - 找到 0 个待执行任务
2026-09-01 10:18:58,710 - agentgate.task.scheduler - INFO - 开始扫描 PENDING 状态任务...
2026-09-01 10:18:58,712 - agentgate.task.scheduler - INFO - 找到 0 个待执行任务
2026-09-01 10:19:08,722 - agentgate.task.scheduler - INFO - 开始扫描 PENDING 状态任务...
2026-09-01 10:19:08,723 - agentgate.task.scheduler - INFO - 找到 0 个待执行任务
2026-09-01 10:19:18,728 - agentgate.task.scheduler - INFO - 开始扫描 PENDING 状态任务...
2026-09-01 10:19:18,729 - agentgate.task.scheduler - INFO - 找到 0 个待执行任务
2026-09-01 10:19:28,735 - agentgate.task.scheduler - INFO - 开始扫描 PENDING 状态任务...
2026-09-01 10:19:28,735 - agentgate.task.scheduler - INFO - 找到 0 个待执行任务
2026-09-01 10:19:38,740 - agentgate.task.scheduler - INFO - 开始扫描 PENDING 状态任务...
2026-09-01 10:19:38,741 - agentgate.task.scheduler - INFO - 找到 0 个待执行任务
2026-09-01 10:19:48,753 - agentgate.task.scheduler - INFO - 开始扫描 PENDING 状态任务...
2026-09-01 10:19:48,755 - agentgate.task.scheduler - INFO - 找到 0 个待执行任务
2026-09-01 10:19:58,762 - agentgate.task.scheduler - INFO - 开始扫描 PENDING 状态任务...
2026-09-01 10:19:58,763 - agentgate.task.scheduler - INFO - 找到 0 个待执行任务
2026-09-01 10:20:08,775 - agentgate.task.scheduler - INFO - 开始扫描 PENDING 状态任务...
2026-09-01 10:20:08,776 - agentgate.task.scheduler - INFO - 找到 0 个待执行任务
2026-09-01 10:20:18,781 - agentgate.task.scheduler - INFO - 开始扫描 PENDING 状态任务...
2026-09-01 10:20:18,782 - agentgate.task.scheduler - INFO - 找到 0 个待执行任务
2026-09-01 10:20:28,786 - agentgate.task.scheduler - INFO - 开始扫描 PENDING 状态任务...
2026-09-01 10:20:28,787 - agentgate.task.scheduler - INFO - 找到 0 个待执行任务
2026-09-01 10:20:38,789 - agentgate.task.scheduler - INFO - 开始扫描 PENDING 状态任务...
2026-09-01 10:20:38,791 - agentgate.task.scheduler - INFO - 找到 0 个待执行任务
2026-09-01 10:20:48,798 - agentgate.task.scheduler - INFO - 开始扫描 PENDING 状态任务...
2026-09-01 10:20:48,800 - agentgate.task.scheduler - INFO - 找到 0 个待执行任务
2026-09-01 10:20:58,812 - agentgate.task.scheduler - INFO - 开始扫描 PENDING 状态任务...
2026-09-01 10:20:58,814 - agentgate.task.scheduler - INFO - 找到 0 个待执行任务
2026-09-01 10:21:08,827 - agentgate.task.scheduler - INFO - 开始扫描 PENDING 状态任务...
2026-09-01 10:21:08,829 - agentgate.task.scheduler - INFO - 找到 0 个待执行任务
2026-09-01 10:21:18,835 - agentgate.task.scheduler - INFO - 开始扫描 PENDING 状态任务...
2026-09-01 10:21:18,836 - agentgate.task.scheduler - INFO - 找到 0 个待执行任务
2026-09-01 10:21:28,844 - agentgate.task.scheduler - INFO - 开始扫描 PENDING 状态任务...
2026-09-01 10:21:28,845 - agentgate.task.scheduler - INFO - 找到 0 个待执行任务
2026-09-01 10:21:38,853 - agentgate.task.scheduler - INFO - 开始扫描 PENDING 状态任务...
2026-09-01 10:21:38,854 - agentgate.task.scheduler - INFO - 找到 0 个待执行任务
2026-09-01 10:21:45,232 - agentgate.task.service - INFO - Created task: 6321bb20-018a-4c23-bc9d-4adf199d26c1, name: test
2026-09-01 10:21:48,860 - agentgate.task.scheduler - INFO - 开始扫描 PENDING 状态任务...
2026-09-01 10:21:48,861 - agentgate.task.scheduler - INFO - 找到 0 个待执行任务
2026-09-01 10:21:58,176 - agentgate.task.service - INFO - Task 6321bb20-018a-4c23-bc9d-4adf199d26c1 started, status changed to PENDING
2026-09-01 10:21:58,874 - agentgate.task.scheduler - INFO - 开始扫描 PENDING 状态任务...
2026-09-01 10:21:58,875 - agentgate.task.scheduler - INFO - 找到 1 个待执行任务
2026-09-01 10:21:58,875 - agentgate.task.scheduler - INFO - 开始执行任务: 6321bb20-018a-4c23-bc9d-4adf199d26c1, 名称: test
2026-09-01 10:21:58,876 - agentgate.task.scheduler - INFO - 使用已有执行记录: run_id=7b711c92-3715-4fe7-a3d9-f058a8a3b292, run_no=1
2026-09-01 10:21:58,884 - agentgate.task.scheduler - INFO - 任务状态变更为 RUNNING: 6321bb20-018a-4c23-bc9d-4adf199d26c1
2026-09-01 10:21:58,887 - agentgate.task.scheduler - INFO - 用例执行完成: case_id=case_001, score=85.0
2026-09-01 10:21:58,894 - agentgate.task.scheduler - INFO - 任务执行完成: 6321bb20-018a-4c23-bc9d-4adf199d26c1, 状态: SUCCESS
2026-09-01 10:22:08,899 - agentgate.task.scheduler - INFO - 开始扫描 PENDING 状态任务...
2026-09-01 10:22:08,900 - agentgate.task.scheduler - INFO - 找到 0 个待执行任务
2026-09-01 10:22:18,907 - agentgate.task.scheduler - INFO - 开始扫描 PENDING 状态任务...
2026-09-01 10:22:18,908 - agentgate.task.scheduler - INFO - 找到 0 个待执行任务
2026-09-01 10:22:28,920 - agentgate.task.scheduler - INFO - 开始扫描 PENDING 状态任务...
2026-09-01 10:22:28,921 - agentgate.task.scheduler - INFO - 找到 0 个待执行任务
2026-09-01 10:22:38,928 - agentgate.task.scheduler - INFO - 开始扫描 PENDING 状态任务...
2026-09-01 10:22:38,930 - agentgate.task.scheduler - INFO - 找到 0 个待执行任务
2026-09-01 10:22:48,939 - agentgate.task.scheduler - INFO - 开始扫描 PENDING 状态任务...
2026-09-01 10:22:48,940 - agentgate.task.scheduler - INFO - 找到 0 个待执行任务
2026-09-01 10:22:58,947 - agentgate.task.scheduler - INFO - 开始扫描 PENDING 状态任务...
2026-09-01 10:22:58,949 - agentgate.task.scheduler - INFO - 找到 0 个待执行任务
2026-09-01 10:23:08,951 - agentgate.task.scheduler - INFO - 开始扫描 PENDING 状态任务...
2026-09-01 10:23:08,953 - agentgate.task.scheduler - INFO - 找到 0 个待执行任务
2026-09-01 10:23:18,955 - agentgate.task.scheduler - INFO - 开始扫描 PENDING 状态任务...
2026-09-01 10:23:18,956 - agentgate.task.scheduler - INFO - 找到 0 个待执行任务
2026-09-01 10:23:28,971 - agentgate.task.scheduler - INFO - 开始扫描 PENDING 状态任务...
2026-09-01 10:23:28,972 - agentgate.task.scheduler - INFO - 找到 0 个待执行任务
2026-09-01 10:23:38,973 - agentgate.task.scheduler - INFO - 开始扫描 PENDING 状态任务...
2026-09-01 10:23:38,975 - agentgate.task.scheduler - INFO - 找到 0 个待执行任务
2026-09-01 10:23:48,982 - agentgate.task.scheduler - INFO - 开始扫描 PENDING 状态任务...
2026-09-01 10:23:48,983 - agentgate.task.scheduler - INFO - 找到 0 个待执行任务
2026-09-01 10:23:58,992 - agentgate.task.scheduler - INFO - 开始扫描 PENDING 状态任务...
2026-09-01 10:23:58,993 - agentgate.task.scheduler - INFO - 找到 0 个待执行任务
2026-09-01 10:24:08,998 - agentgate.task.scheduler - INFO - 开始扫描 PENDING 状态任务...
2026-09-01 10:24:08,999 - agentgate.task.scheduler - INFO - 找到 0 个待执行任务
2026-09-01 10:24:19,009 - agentgate.task.scheduler - INFO - 开始扫描 PENDING 状态任务...
2026-09-01 10:24:19,010 - agentgate.task.scheduler - INFO - 找到 0 个待执行任务
2026-09-01 10:24:29,014 - agentgate.task.scheduler - INFO - 开始扫描 PENDING 状态任务...
2026-09-01 10:24:29,015 - agentgate.task.scheduler - INFO - 找到 0 个待执行任务
2026-09-01 10:24:39,020 - agentgate.task.scheduler - INFO - 开始扫描 PENDING 状态任务...
2026-09-01 10:24:39,022 - agentgate.task.scheduler - INFO - 找到 0 个待执行任务
2026-09-01 10:24:49,037 - agentgate.task.scheduler - INFO - 开始扫描 PENDING 状态任务...
2026-09-01 10:24:49,038 - agentgate.task.scheduler - INFO - 找到 0 个待执行任务
2026-09-01 10:24:59,042 - agentgate.task.scheduler - INFO - 开始扫描 PENDING 状态任务...
2026-09-01 10:24:59,043 - agentgate.task.scheduler - INFO - 找到 0 个待执行任务
2026-09-01 10:25:09,058 - agentgate.task.scheduler - INFO - 开始扫描 PENDING 状态任务...
2026-09-01 10:25:09,059 - agentgate.task.scheduler - INFO - 找到 0 个待执行任务
2026-09-01 10:25:19,074 - agentgate.task.scheduler - INFO - 开始扫描 PENDING 状态任务...
2026-09-01 10:25:19,075 - agentgate.task.scheduler - INFO - 找到 0 个待执行任务
2026-09-01 10:25:29,078 - agentgate.task.scheduler - INFO - 开始扫描 PENDING 状态任务...
2026-09-01 10:25:29,080 - agentgate.task.scheduler - INFO - 找到 0 个待执行任务
2026-09-01 10:25:39,082 - agentgate.task.scheduler - INFO - 开始扫描 PENDING 状态任务...
2026-09-01 10:25:39,083 - agentgate.task.scheduler - INFO - 找到 0 个待执行任务
2026-09-01 10:25:49,084 - agentgate.task.scheduler - INFO - 开始扫描 PENDING 状态任务...
2026-09-01 10:25:49,086 - agentgate.task.scheduler - INFO - 找到 0 个待执行任务
2026-09-01 10:25:59,100 - agentgate.task.scheduler - INFO - 开始扫描 PENDING 状态任务...
2026-09-01 10:25:59,101 - agentgate.task.scheduler - INFO - 找到 0 个待执行任务
2026-09-01 10:26:09,116 - agentgate.task.scheduler - INFO - 开始扫描 PENDING 状态任务...
2026-09-01 10:26:09,117 - agentgate.task.scheduler - INFO - 找到 0 个待执行任务
2026-09-01 10:26:19,129 - agentgate.task.scheduler - INFO - 开始扫描 PENDING 状态任务...
2026-09-01 10:26:19,130 - agentgate.task.scheduler - INFO - 找到 0 个待执行任务
2026-09-01 10:26:29,145 - agentgate.task.scheduler - INFO - 开始扫描 PENDING 状态任务...
2026-09-01 10:26:29,146 - agentgate.task.scheduler - INFO - 找到 0 个待执行任务
2026-09-01 10:26:39,160 - agentgate.task.scheduler - INFO - 开始扫描 PENDING 状态任务...
2026-09-01 10:26:39,161 - agentgate.task.scheduler - INFO - 找到 0 个待执行任务
2026-09-01 10:26:49,169 - agentgate.task.scheduler - INFO - 开始扫描 PENDING 状态任务...
2026-09-01 10:26:49,170 - agentgate.task.scheduler - INFO - 找到 0 个待执行任务
2026-09-01 10:26:59,184 - agentgate.task.scheduler - INFO - 开始扫描 PENDING 状态任务...
2026-09-01 10:26:59,185 - agentgate.task.scheduler - INFO - 找到 0 个待执行任务
2026-09-01 10:27:09,185 - agentgate.task.scheduler - INFO - 开始扫描 PENDING 状态任务...
2026-09-01 10:27:09,186 - agentgate.task.scheduler - INFO - 找到 0 个待执行任务
2026-09-01 10:27:19,201 - agentgate.task.scheduler - INFO - 开始扫描 PENDING 状态任务...
2026-09-01 10:27:19,202 - agentgate.task.scheduler - INFO - 找到 0 个待执行任务
2026-09-01 10:27:29,202 - agentgate.task.scheduler - INFO - 开始扫描 PENDING 状态任务...
2026-09-01 10:27:29,203 - agentgate.task.scheduler - INFO - 找到 0 个待执行任务
2026-09-01 10:27:39,215 - agentgate.task.scheduler - INFO - 开始扫描 PENDING 状态任务...
2026-09-01 10:27:39,216 - agentgate.task.scheduler - INFO - 找到 0 个待执行任务
2026-09-01 10:27:49,220 - agentgate.task.scheduler - INFO - 开始扫描 PENDING 状态任务...
2026-09-01 10:27:49,221 - agentgate.task.scheduler - INFO - 找到 0 个待执行任务
2026-09-01 10:27:59,234 - agentgate.task.scheduler - INFO - 开始扫描 PENDING 状态任务...
2026-09-01 10:27:59,235 - agentgate.task.scheduler - INFO - 找到 0 个待执行任务
2026-09-01 10:28:09,239 - agentgate.task.scheduler - INFO - 开始扫描 PENDING 状态任务...
2026-09-01 10:28:09,240 - agentgate.task.scheduler - INFO - 找到 0 个待执行任务
2026-09-01 10:28:19,243 - agentgate.task.scheduler - INFO - 开始扫描 PENDING 状态任务...
2026-09-01 10:28:19,245 - agentgate.task.scheduler - INFO - 找到 0 个待执行任务
2026-09-01 10:28:29,256 - agentgate.task.scheduler - INFO - 开始扫描 PENDING 状态任务...
2026-09-01 10:28:29,257 - agentgate.task.scheduler - INFO - 找到 0 个待执行任务
2026-09-01 10:28:39,270 - agentgate.task.scheduler - INFO - 开始扫描 PENDING 状态任务...
2026-09-01 10:28:39,271 - agentgate.task.scheduler - INFO - 找到 0 个待执行任务
2026-09-01 10:28:49,281 - agentgate.task.scheduler - INFO - 开始扫描 PENDING 状态任务...
2026-09-01 10:28:49,283 - agentgate.task.scheduler - INFO - 找到 0 个待执行任务
2026-09-01 10:28:59,289 - agentgate.task.scheduler - INFO - 开始扫描 PENDING 状态任务...
2026-09-01 10:28:59,289 - agentgate.task.scheduler - INFO - 找到 0 个待执行任务
2026-09-01 10:29:09,296 - agentgate.task.scheduler - INFO - 开始扫描 PENDING 状态任务...
2026-09-01 10:29:09,298 - agentgate.task.scheduler - INFO - 找到 0 个待执行任务
2026-09-01 10:29:19,311 - agentgate.task.scheduler - INFO - 开始扫描 PENDING 状态任务...
2026-09-01 10:29:19,313 - agentgate.task.scheduler - INFO - 找到 0 个待执行任务
2026-09-01 10:29:29,317 - agentgate.task.scheduler - INFO - 开始扫描 PENDING 状态任务...
2026-09-01 10:29:29,318 - agentgate.task.scheduler - INFO - 找到 0 个待执行任务
2026-09-01 10:29:39,334 - agentgate.task.scheduler - INFO - 开始扫描 PENDING 状态任务...
2026-09-01 10:29:39,335 - agentgate.task.scheduler - INFO - 找到 0 个待执行任务
2026-09-01 10:29:49,348 - agentgate.task.scheduler - INFO - 开始扫描 PENDING 状态任务...
2026-09-01 10:29:49,349 - agentgate.task.scheduler - INFO - 找到 0 个待执行任务
2026-09-01 10:29:59,350 - agentgate.task.scheduler - INFO - 开始扫描 PENDING 状态任务...
2026-09-01 10:29:59,351 - agentgate.task.scheduler - INFO - 找到 0 个待执行任务
2026-09-01 10:30:09,365 - agentgate.task.scheduler - INFO - 开始扫描 PENDING 状态任务...
2026-09-01 10:30:09,367 - agentgate.task.scheduler - INFO - 找到 0 个待执行任务
2026-09-01 10:30:19,378 - agentgate.task.scheduler - INFO - 开始扫描 PENDING 状态任务...
2026-09-01 10:30:19,379 - agentgate.task.scheduler - INFO - 找到 0 个待执行任务
2026-09-01 10:30:29,384 - agentgate.task.scheduler - INFO - 开始扫描 PENDING 状态任务...
2026-09-01 10:30:29,386 - agentgate.task.scheduler - INFO - 找到 0 个待执行任务
2026-09-01 10:30:39,397 - agentgate.task.scheduler - INFO - 开始扫描 PENDING 状态任务...
2026-09-01 10:30:39,398 - agentgate.task.scheduler - INFO - 找到 0 个待执行任务
2026-09-01 10:30:49,409 - agentgate.task.scheduler - INFO - 开始扫描 PENDING 状态任务...
2026-09-01 10:30:49,410 - agentgate.task.scheduler - INFO - 找到 0 个待执行任务
2026-09-01 10:30:59,415 - agentgate.task.scheduler - INFO - 开始扫描 PENDING 状态任务...
2026-09-01 10:30:59,417 - agentgate.task.scheduler - INFO - 找到 0 个待执行任务
2026-09-01 10:31:09,424 - agentgate.task.scheduler - INFO - 开始扫描 PENDING 状态任务...
2026-09-01 10:31:09,425 - agentgate.task.scheduler - INFO - 找到 0 个待执行任务
2026-09-01 10:31:19,441 - agentgate.task.scheduler - INFO - 开始扫描 PENDING 状态任务...
2026-09-01 10:31:19,443 - agentgate.task.scheduler - INFO - 找到 0 个待执行任务
2026-09-01 10:31:29,458 - agentgate.task.scheduler - INFO - 开始扫描 PENDING 状态任务...
2026-09-01 10:31:29,460 - agentgate.task.scheduler - INFO - 找到 0 个待执行任务
2026-09-01 10:31:39,470 - agentgate.task.scheduler - INFO - 开始扫描 PENDING 状态任务...
2026-09-01 10:31:39,471 - agentgate.task.scheduler - INFO - 找到 0 个待执行任务
2026-09-01 10:31:49,475 - agentgate.task.scheduler - INFO - 开始扫描 PENDING 状态任务...
2026-09-01 10:31:49,476 - agentgate.task.scheduler - INFO - 找到 0 个待执行任务
2026-09-01 10:31:59,488 - agentgate.task.scheduler - INFO - 开始扫描 PENDING 状态任务...
2026-09-01 10:31:59,489 - agentgate.task.scheduler - INFO - 找到 0 个待执行任务
2026-09-01 10:32:09,494 - agentgate.task.scheduler - INFO - 开始扫描 PENDING 状态任务...
2026-09-01 10:32:09,496 - agentgate.task.scheduler - INFO - 找到 0 个待执行任务
2026-09-01 10:32:19,511 - agentgate.task.scheduler - INFO - 开始扫描 PENDING 状态任务...
2026-09-01 10:32:19,513 - agentgate.task.scheduler - INFO - 找到 0 个待执行任务
2026-09-01 10:32:29,523 - agentgate.task.scheduler - INFO - 开始扫描 PENDING 状态任务...
2026-09-01 10:32:29,524 - agentgate.task.scheduler - INFO - 找到 0 个待执行任务
2026-09-01 10:32:39,532 - agentgate.task.scheduler - INFO - 开始扫描 PENDING 状态任务...
2026-09-01 10:32:39,533 - agentgate.task.scheduler - INFO - 找到 0 个待执行任务
2026-09-01 10:32:49,537 - agentgate.task.scheduler - INFO - 开始扫描 PENDING 状态任务...
2026-09-01 10:32:49,538 - agentgate.task.scheduler - INFO - 找到 0 个待执行任务
2026-09-01 10:32:59,546 - agentgate.task.scheduler - INFO - 开始扫描 PENDING 状态任务...
2026-09-01 10:32:59,547 - agentgate.task.scheduler - INFO - 找到 0 个待执行任务
2026-09-01 10:33:09,551 - agentgate.task.scheduler - INFO - 开始扫描 PENDING 状态任务...
2026-09-01 10:33:09,553 - agentgate.task.scheduler - INFO - 找到 0 个待执行任务
2026-09-01 10:33:19,568 - agentgate.task.scheduler - INFO - 开始扫描 PENDING 状态任务...
2026-09-01 10:33:19,569 - agentgate.task.scheduler - INFO - 找到 0 个待执行任务
2026-09-01 10:33:29,581 - agentgate.task.scheduler - INFO - 开始扫描 PENDING 状态任务...
2026-09-01 10:33:29,582 - agentgate.task.scheduler - INFO - 找到 0 个待执行任务
2026-09-01 10:33:39,589 - agentgate.task.scheduler - INFO - 开始扫描 PENDING 状态任务...
2026-09-01 10:33:39,590 - agentgate.task.scheduler - INFO - 找到 0 个待执行任务
2026-09-01 10:33:49,602 - agentgate.task.scheduler - INFO - 开始扫描 PENDING 状态任务...
2026-09-01 10:33:49,603 - agentgate.task.scheduler - INFO - 找到 0 个待执行任务
2026-09-01 10:33:59,617 - agentgate.task.scheduler - INFO - 开始扫描 PENDING 状态任务...
2026-09-01 10:33:59,618 - agentgate.task.scheduler - INFO - 找到 0 个待执行任务
2026-09-01 10:34:09,624 - agentgate.task.scheduler - INFO - 开始扫描 PENDING 状态任务...
2026-09-01 10:34:09,626 - agentgate.task.scheduler - INFO - 找到 0 个待执行任务
2026-09-01 10:34:19,627 - agentgate.task.scheduler - INFO - 开始扫描 PENDING 状态任务...
2026-09-01 10:34:19,629 - agentgate.task.scheduler - INFO - 找到 0 个待执行任务
2026-09-01 10:34:29,632 - agentgate.task.scheduler - INFO - 开始扫描 PENDING 状态任务...
2026-09-01 10:34:29,633 - agentgate.task.scheduler - INFO - 找到 0 个待执行任务
2026-09-01 10:34:39,643 - agentgate.task.scheduler - INFO - 开始扫描 PENDING 状态任务...
2026-09-01 10:34:39,643 - agentgate.task.scheduler - INFO - 找到 0 个待执行任务
2026-09-01 10:34:46,956 - src.agentgate.server.application - INFO - 日志系统初始化完成
2026-09-01 10:34:46,956 - src.agentgate.server.application - INFO - 使用数据库: agentgate.db
2026-09-01 10:34:47,014 - src.agentgate.server.application - INFO - 调度器任务已创建
2026-09-01 10:34:47,017 - agentgate.task.scheduler - INFO - 任务调度器已启动，扫描间隔: 10秒
2026-09-01 10:34:47,018 - agentgate.task.service - INFO - 调度器已启动，间隔: 10秒
2026-09-01 10:34:47,018 - agentgate.task.scheduler - INFO - 开始扫描 PENDING 状态任务...
2026-09-01 10:34:47,023 - agentgate.task.scheduler - INFO - 找到 0 个待执行任务
2026-09-01 10:34:49,644 - agentgate.task.scheduler - INFO - 开始扫描 PENDING 状态任务...
2026-09-01 10:34:49,646 - agentgate.task.scheduler - INFO - 找到 0 个待执行任务
2026-09-01 10:34:57,034 - agentgate.task.scheduler - INFO - 开始扫描 PENDING 状态任务...
2026-09-01 10:34:57,035 - agentgate.task.scheduler - INFO - 找到 0 个待执行任务
2026-09-01 10:34:59,649 - agentgate.task.scheduler - INFO - 开始扫描 PENDING 状态任务...
2026-09-01 10:34:59,651 - agentgate.task.scheduler - INFO - 找到 0 个待执行任务
2026-09-01 10:35:07,043 - agentgate.task.scheduler - INFO - 开始扫描 PENDING 状态任务...
2026-09-01 10:35:07,044 - agentgate.task.scheduler - INFO - 找到 0 个待执行任务
2026-09-01 10:35:09,658 - agentgate.task.scheduler - INFO - 开始扫描 PENDING 状态任务...
2026-09-01 10:35:09,660 - agentgate.task.scheduler - INFO - 找到 0 个待执行任务
2026-09-01 10:35:17,054 - agentgate.task.scheduler - INFO - 开始扫描 PENDING 状态任务...
2026-09-01 10:35:17,055 - agentgate.task.scheduler - INFO - 找到 0 个待执行任务
2026-09-01 10:35:19,674 - agentgate.task.scheduler - INFO - 开始扫描 PENDING 状态任务...
2026-09-01 10:35:19,675 - agentgate.task.scheduler - INFO - 找到 0 个待执行任务
2026-09-01 10:35:27,059 - agentgate.task.scheduler - INFO - 开始扫描 PENDING 状态任务...
2026-09-01 10:35:27,061 - agentgate.task.scheduler - INFO - 找到 0 个待执行任务
2026-09-01 10:35:29,688 - agentgate.task.scheduler - INFO - 开始扫描 PENDING 状态任务...
2026-09-01 10:35:29,690 - agentgate.task.scheduler - INFO - 找到 0 个待执行任务
2026-09-01 10:35:37,063 - agentgate.task.scheduler - INFO - 开始扫描 PENDING 状态任务...
2026-09-01 10:35:37,064 - agentgate.task.scheduler - INFO - 找到 0 个待执行任务
2026-09-01 10:35:39,697 - agentgate.task.scheduler - INFO - 开始扫描 PENDING 状态任务...
2026-09-01 10:35:39,697 - agentgate.task.scheduler - INFO - 找到 0 个待执行任务
2026-09-01 10:35:39,935 - agentgate.task.service - INFO - Created task: 8e3e8dbf-e153-41a6-9cc4-eacbb652881d, name: test2
2026-09-01 10:35:47,068 - agentgate.task.scheduler - INFO - 开始扫描 PENDING 状态任务...
2026-09-01 10:35:47,069 - agentgate.task.scheduler - INFO - 找到 0 个待执行任务
2026-09-01 10:35:49,711 - agentgate.task.scheduler - INFO - 开始扫描 PENDING 状态任务...
2026-09-01 10:35:49,712 - agentgate.task.scheduler - INFO - 找到 0 个待执行任务
2026-09-01 10:35:52,068 - agentgate.task.service - INFO - Task 8e3e8dbf-e153-41a6-9cc4-eacbb652881d started, status changed to PENDING
2026-09-01 10:35:57,082 - agentgate.task.scheduler - INFO - 开始扫描 PENDING 状态任务...
2026-09-01 10:35:57,083 - agentgate.task.scheduler - INFO - 找到 1 个待执行任务
2026-09-01 10:35:57,083 - agentgate.task.scheduler - INFO - 开始执行任务: 8e3e8dbf-e153-41a6-9cc4-eacbb652881d, 名称: test2
2026-09-01 10:35:57,086 - agentgate.task.scheduler - INFO - 使用已有执行记录: run_id=ad5953cb-b4b1-4bae-ae1e-160b1f2dce4d, run_no=1
2026-09-01 10:35:57,108 - agentgate.task.scheduler - INFO - 任务状态变更为 RUNNING: 8e3e8dbf-e153-41a6-9cc4-eacbb652881d
2026-09-01 10:35:57,109 - agentgate.task.scheduler - INFO - 从数据集加载了 0 个用例
2026-09-01 10:35:57,114 - agentgate.task.scheduler - INFO - 任务执行完成: 8e3e8dbf-e153-41a6-9cc4-eacbb652881d, 共执行 0 个用例
2026-09-01 10:35:59,721 - agentgate.task.scheduler - INFO - 开始扫描 PENDING 状态任务...
2026-09-01 10:35:59,722 - agentgate.task.scheduler - INFO - 找到 0 个待执行任务
2026-09-01 10:36:07,115 - agentgate.task.scheduler - INFO - 开始扫描 PENDING 状态任务...
2026-09-01 10:36:07,116 - agentgate.task.scheduler - INFO - 找到 0 个待执行任务
2026-09-01 10:36:09,728 - agentgate.task.scheduler - INFO - 开始扫描 PENDING 状态任务...
2026-09-01 10:36:09,730 - agentgate.task.scheduler - INFO - 找到 0 个待执行任务
2026-09-01 10:36:17,131 - agentgate.task.scheduler - INFO - 开始扫描 PENDING 状态任务...
2026-09-01 10:36:17,132 - agentgate.task.scheduler - INFO - 找到 0 个待执行任务
2026-09-01 10:36:19,742 - agentgate.task.scheduler - INFO - 开始扫描 PENDING 状态任务...
2026-09-01 10:36:19,743 - agentgate.task.scheduler - INFO - 找到 0 个待执行任务
2026-09-01 10:36:27,136 - agentgate.task.scheduler - INFO - 开始扫描 PENDING 状态任务...
2026-09-01 10:36:27,138 - agentgate.task.scheduler - INFO - 找到 0 个待执行任务
2026-09-01 10:36:29,758 - agentgate.task.scheduler - INFO - 开始扫描 PENDING 状态任务...
2026-09-01 10:36:29,759 - agentgate.task.scheduler - INFO - 找到 0 个待执行任务
2026-09-01 10:36:37,148 - agentgate.task.scheduler - INFO - 开始扫描 PENDING 状态任务...
2026-09-01 10:36:37,150 - agentgate.task.scheduler - INFO - 找到 0 个待执行任务
2026-09-01 10:36:39,760 - agentgate.task.scheduler - INFO - 开始扫描 PENDING 状态任务...
2026-09-01 10:36:39,761 - agentgate.task.scheduler - INFO - 找到 0 个待执行任务
2026-09-01 10:36:47,165 - agentgate.task.scheduler - INFO - 开始扫描 PENDING 状态任务...
2026-09-01 10:36:47,166 - agentgate.task.scheduler - INFO - 找到 0 个待执行任务
2026-09-01 10:36:49,762 - agentgate.task.scheduler - INFO - 开始扫描 PENDING 状态任务...
2026-09-01 10:36:49,763 - agentgate.task.scheduler - INFO - 找到 0 个待执行任务
2026-09-01 10:36:57,170 - agentgate.task.scheduler - INFO - 开始扫描 PENDING 状态任务...
2026-09-01 10:36:57,171 - agentgate.task.scheduler - INFO - 找到 0 个待执行任务
2026-09-01 10:36:59,770 - agentgate.task.scheduler - INFO - 开始扫描 PENDING 状态任务...
2026-09-01 10:36:59,771 - agentgate.task.scheduler - INFO - 找到 0 个待执行任务
2026-09-01 10:37:07,176 - agentgate.task.scheduler - INFO - 开始扫描 PENDING 状态任务...
2026-09-01 10:37:07,177 - agentgate.task.scheduler - INFO - 找到 0 个待执行任务
2026-09-01 10:37:09,780 - agentgate.task.scheduler - INFO - 开始扫描 PENDING 状态任务...
2026-09-01 10:37:09,782 - agentgate.task.scheduler - INFO - 找到 0 个待执行任务
2026-09-01 10:37:17,185 - agentgate.task.scheduler - INFO - 开始扫描 PENDING 状态任务...
2026-09-01 10:37:17,186 - agentgate.task.scheduler - INFO - 找到 0 个待执行任务
2026-09-01 10:37:19,788 - agentgate.task.scheduler - INFO - 开始扫描 PENDING 状态任务...
2026-09-01 10:37:19,789 - agentgate.task.scheduler - INFO - 找到 0 个待执行任务
2026-09-01 10:37:27,187 - agentgate.task.scheduler - INFO - 开始扫描 PENDING 状态任务...
2026-09-01 10:37:27,188 - agentgate.task.scheduler - INFO - 找到 0 个待执行任务
2026-09-01 10:37:29,803 - agentgate.task.scheduler - INFO - 开始扫描 PENDING 状态任务...
2026-09-01 10:37:29,804 - agentgate.task.scheduler - INFO - 找到 0 个待执行任务
2026-09-01 10:37:37,201 - agentgate.task.scheduler - INFO - 开始扫描 PENDING 状态任务...
2026-09-01 10:37:37,202 - agentgate.task.scheduler - INFO - 找到 0 个待执行任务
2026-09-01 10:37:39,811 - agentgate.task.scheduler - INFO - 开始扫描 PENDING 状态任务...
2026-09-01 10:37:39,813 - agentgate.task.scheduler - INFO - 找到 0 个待执行任务
2026-09-01 10:37:47,210 - agentgate.task.scheduler - INFO - 开始扫描 PENDING 状态任务...
2026-09-01 10:37:47,211 - agentgate.task.scheduler - INFO - 找到 0 个待执行任务
2026-09-01 10:37:49,828 - agentgate.task.scheduler - INFO - 开始扫描 PENDING 状态任务...
2026-09-01 10:37:49,829 - agentgate.task.scheduler - INFO - 找到 0 个待执行任务
2026-09-01 10:37:57,221 - agentgate.task.scheduler - INFO - 开始扫描 PENDING 状态任务...
2026-09-01 10:37:57,222 - agentgate.task.scheduler - INFO - 找到 0 个待执行任务
2026-09-01 10:37:59,843 - agentgate.task.scheduler - INFO - 开始扫描 PENDING 状态任务...
2026-09-01 10:37:59,845 - agentgate.task.scheduler - INFO - 找到 0 个待执行任务
2026-09-01 10:38:07,233 - agentgate.task.scheduler - INFO - 开始扫描 PENDING 状态任务...
2026-09-01 10:38:07,234 - agentgate.task.scheduler - INFO - 找到 0 个待执行任务
2026-09-01 10:38:09,859 - agentgate.task.scheduler - INFO - 开始扫描 PENDING 状态任务...
2026-09-01 10:38:09,860 - agentgate.task.scheduler - INFO - 找到 0 个待执行任务
2026-09-01 10:38:17,240 - agentgate.task.scheduler - INFO - 开始扫描 PENDING 状态任务...
2026-09-01 10:38:17,242 - agentgate.task.scheduler - INFO - 找到 0 个待执行任务
2026-09-01 10:38:19,874 - agentgate.task.scheduler - INFO - 开始扫描 PENDING 状态任务...
2026-09-01 10:38:19,875 - agentgate.task.scheduler - INFO - 找到 0 个待执行任务
2026-09-01 10:38:27,244 - agentgate.task.scheduler - INFO - 开始扫描 PENDING 状态任务...
2026-09-01 10:38:27,245 - agentgate.task.scheduler - INFO - 找到 0 个待执行任务
2026-09-01 10:38:29,890 - agentgate.task.scheduler - INFO - 开始扫描 PENDING 状态任务...
2026-09-01 10:38:29,891 - agentgate.task.scheduler - INFO - 找到 0 个待执行任务
2026-09-01 10:38:37,247 - agentgate.task.scheduler - INFO - 开始扫描 PENDING 状态任务...
2026-09-01 10:38:37,248 - agentgate.task.scheduler - INFO - 找到 0 个待执行任务
2026-09-01 10:38:39,894 - agentgate.task.scheduler - INFO - 开始扫描 PENDING 状态任务...
2026-09-01 10:38:39,895 - agentgate.task.scheduler - INFO - 找到 0 个待执行任务
2026-09-01 10:38:47,256 - agentgate.task.scheduler - INFO - 开始扫描 PENDING 状态任务...
2026-09-01 10:38:47,257 - agentgate.task.scheduler - INFO - 找到 0 个待执行任务
2026-09-01 10:38:49,902 - agentgate.task.scheduler - INFO - 开始扫描 PENDING 状态任务...
2026-09-01 10:38:49,903 - agentgate.task.scheduler - INFO - 找到 0 个待执行任务
2026-09-01 10:38:57,272 - agentgate.task.scheduler - INFO - 开始扫描 PENDING 状态任务...
2026-09-01 10:38:57,274 - agentgate.task.scheduler - INFO - 找到 0 个待执行任务
2026-09-01 10:38:59,904 - agentgate.task.scheduler - INFO - 开始扫描 PENDING 状态任务...
2026-09-01 10:38:59,904 - agentgate.task.scheduler - INFO - 找到 0 个待执行任务
2026-09-01 10:39:07,285 - agentgate.task.scheduler - INFO - 开始扫描 PENDING 状态任务...
2026-09-01 10:39:07,286 - agentgate.task.scheduler - INFO - 找到 0 个待执行任务
2026-09-01 10:39:09,911 - agentgate.task.scheduler - INFO - 开始扫描 PENDING 状态任务...
2026-09-01 10:39:09,912 - agentgate.task.scheduler - INFO - 找到 0 个待执行任务
2026-09-01 10:39:17,299 - agentgate.task.scheduler - INFO - 开始扫描 PENDING 状态任务...
2026-09-01 10:39:17,300 - agentgate.task.scheduler - INFO - 找到 0 个待执行任务
2026-09-01 10:39:19,919 - agentgate.task.scheduler - INFO - 开始扫描 PENDING 状态任务...
2026-09-01 10:39:19,921 - agentgate.task.scheduler - INFO - 找到 0 个待执行任务
2026-09-01 10:39:27,307 - agentgate.task.scheduler - INFO - 开始扫描 PENDING 状态任务...
2026-09-01 10:39:27,309 - agentgate.task.scheduler - INFO - 找到 0 个待执行任务
2026-09-01 10:39:29,922 - agentgate.task.scheduler - INFO - 开始扫描 PENDING 状态任务...
2026-09-01 10:39:29,923 - agentgate.task.scheduler - INFO - 找到 0 个待执行任务
2026-09-01 10:39:37,322 - agentgate.task.scheduler - INFO - 开始扫描 PENDING 状态任务...
2026-09-01 10:39:37,323 - agentgate.task.scheduler - INFO - 找到 0 个待执行任务
2026-09-01 10:39:39,929 - agentgate.task.scheduler - INFO - 开始扫描 PENDING 状态任务...
2026-09-01 10:39:39,930 - agentgate.task.scheduler - INFO - 找到 0 个待执行任务
2026-09-01 10:39:47,330 - agentgate.task.scheduler - INFO - 开始扫描 PENDING 状态任务...
2026-09-01 10:39:47,331 - agentgate.task.scheduler - INFO - 找到 0 个待执行任务
2026-09-01 10:39:49,943 - agentgate.task.scheduler - INFO - 开始扫描 PENDING 状态任务...
2026-09-01 10:39:49,944 - agentgate.task.scheduler - INFO - 找到 0 个待执行任务
2026-09-01 10:39:57,339 - agentgate.task.scheduler - INFO - 开始扫描 PENDING 状态任务...
2026-09-01 10:39:57,340 - agentgate.task.scheduler - INFO - 找到 0 个待执行任务
2026-09-01 10:39:59,958 - agentgate.task.scheduler - INFO - 开始扫描 PENDING 状态任务...
2026-09-01 10:39:59,960 - agentgate.task.scheduler - INFO - 找到 0 个待执行任务
2026-09-01 10:40:07,345 - agentgate.task.scheduler - INFO - 开始扫描 PENDING 状态任务...
2026-09-01 10:40:07,346 - agentgate.task.scheduler - INFO - 找到 0 个待执行任务
2026-09-01 10:40:09,963 - agentgate.task.scheduler - INFO - 开始扫描 PENDING 状态任务...
2026-09-01 10:40:09,965 - agentgate.task.scheduler - INFO - 找到 0 个待执行任务
2026-09-01 10:40:17,359 - agentgate.task.scheduler - INFO - 开始扫描 PENDING 状态任务...
2026-09-01 10:40:17,361 - agentgate.task.scheduler - INFO - 找到 0 个待执行任务
2026-09-01 10:40:19,967 - agentgate.task.scheduler - INFO - 开始扫描 PENDING 状态任务...
2026-09-01 10:40:19,969 - agentgate.task.scheduler - INFO - 找到 0 个待执行任务
2026-09-01 10:40:27,371 - agentgate.task.scheduler - INFO - 开始扫描 PENDING 状态任务...
2026-09-01 10:40:27,372 - agentgate.task.scheduler - INFO - 找到 0 个待执行任务
2026-09-01 10:40:29,978 - agentgate.task.scheduler - INFO - 开始扫描 PENDING 状态任务...
2026-09-01 10:40:29,980 - agentgate.task.scheduler - INFO - 找到 0 个待执行任务
2026-09-01 10:40:37,387 - agentgate.task.scheduler - INFO - 开始扫描 PENDING 状态任务...
2026-09-01 10:40:37,388 - agentgate.task.scheduler - INFO - 找到 0 个待执行任务
2026-09-01 10:40:39,996 - agentgate.task.scheduler - INFO - 开始扫描 PENDING 状态任务...
2026-09-01 10:40:39,997 - agentgate.task.scheduler - INFO - 找到 0 个待执行任务
2026-09-01 10:40:47,392 - agentgate.task.scheduler - INFO - 开始扫描 PENDING 状态任务...
2026-09-01 10:40:47,393 - agentgate.task.scheduler - INFO - 找到 0 个待执行任务
2026-09-01 10:40:50,001 - agentgate.task.scheduler - INFO - 开始扫描 PENDING 状态任务...
2026-09-01 10:40:50,003 - agentgate.task.scheduler - INFO - 找到 0 个待执行任务
2026-09-01 10:40:57,398 - agentgate.task.scheduler - INFO - 开始扫描 PENDING 状态任务...
2026-09-01 10:40:57,400 - agentgate.task.scheduler - INFO - 找到 0 个待执行任务
2026-09-01 10:41:00,012 - agentgate.task.scheduler - INFO - 开始扫描 PENDING 状态任务...
2026-09-01 10:41:00,014 - agentgate.task.scheduler - INFO - 找到 0 个待执行任务
2026-09-01 10:41:07,410 - agentgate.task.scheduler - INFO - 开始扫描 PENDING 状态任务...
2026-09-01 10:41:07,411 - agentgate.task.scheduler - INFO - 找到 0 个待执行任务
2026-09-01 10:41:07,697 - src.agentgate.server.application - INFO - 日志系统初始化完成
2026-09-01 10:41:07,697 - src.agentgate.server.application - INFO - 使用数据库: agentgate.db
2026-09-01 10:41:07,750 - src.agentgate.server.application - INFO - 调度器任务已创建
2026-09-01 10:41:07,751 - agentgate.task.scheduler - INFO - 任务调度器已启动，扫描间隔: 10秒
2026-09-01 10:41:07,751 - agentgate.task.service - INFO - 调度器已启动，间隔: 10秒
2026-09-01 10:41:07,752 - agentgate.task.scheduler - INFO - 开始扫描 PENDING 状态任务...
2026-09-01 10:41:07,758 - agentgate.task.scheduler - INFO - 找到 0 个待执行任务
2026-09-01 10:41:07,758 - agentgate.task.scheduler - INFO - 任务调度器已停止
2026-09-01 10:41:07,758 - agentgate.task.service - INFO - 调度器已停止
2026-09-01 10:41:10,024 - agentgate.task.scheduler - INFO - 开始扫描 PENDING 状态任务...
2026-09-01 10:41:10,025 - agentgate.task.scheduler - INFO - 找到 0 个待执行任务
2026-09-01 10:41:17,425 - agentgate.task.scheduler - INFO - 开始扫描 PENDING 状态任务...
2026-09-01 10:41:17,426 - agentgate.task.scheduler - INFO - 找到 0 个待执行任务
2026-09-01 10:41:20,032 - agentgate.task.scheduler - INFO - 开始扫描 PENDING 状态任务...
2026-09-01 10:41:20,034 - agentgate.task.scheduler - INFO - 找到 0 个待执行任务
2026-09-01 10:41:27,437 - agentgate.task.scheduler - INFO - 开始扫描 PENDING 状态任务...
2026-09-01 10:41:27,438 - agentgate.task.scheduler - INFO - 找到 0 个待执行任务
2026-09-01 10:41:30,038 - agentgate.task.scheduler - INFO - 开始扫描 PENDING 状态任务...
2026-09-01 10:41:30,039 - agentgate.task.scheduler - INFO - 找到 0 个待执行任务
2026-09-01 10:41:37,445 - agentgate.task.scheduler - INFO - 开始扫描 PENDING 状态任务...
2026-09-01 10:41:37,445 - agentgate.task.scheduler - INFO - 找到 0 个待执行任务
2026-09-01 10:41:40,050 - agentgate.task.scheduler - INFO - 开始扫描 PENDING 状态任务...
2026-09-01 10:41:40,051 - agentgate.task.scheduler - INFO - 找到 0 个待执行任务
2026-09-01 10:41:47,460 - agentgate.task.scheduler - INFO - 开始扫描 PENDING 状态任务...
2026-09-01 10:41:47,462 - agentgate.task.scheduler - INFO - 找到 0 个待执行任务
2026-09-01 10:41:50,053 - agentgate.task.scheduler - INFO - 开始扫描 PENDING 状态任务...
2026-09-01 10:41:50,055 - agentgate.task.scheduler - INFO - 找到 0 个待执行任务
2026-09-01 10:41:57,466 - agentgate.task.scheduler - INFO - 开始扫描 PENDING 状态任务...
2026-09-01 10:41:57,468 - agentgate.task.scheduler - INFO - 找到 0 个待执行任务
2026-09-01 10:42:00,069 - agentgate.task.scheduler - INFO - 开始扫描 PENDING 状态任务...
2026-09-01 10:42:00,071 - agentgate.task.scheduler - INFO - 找到 0 个待执行任务
2026-09-01 10:42:07,476 - agentgate.task.scheduler - INFO - 开始扫描 PENDING 状态任务...
2026-09-01 10:42:07,477 - agentgate.task.scheduler - INFO - 找到 0 个待执行任务
2026-09-01 10:42:10,079 - agentgate.task.scheduler - INFO - 开始扫描 PENDING 状态任务...
2026-09-01 10:42:10,081 - agentgate.task.scheduler - INFO - 找到 0 个待执行任务
2026-09-01 10:43:31,703 - src.agentgate.server.application - INFO - 日志系统初始化完成
2026-09-01 10:43:31,703 - src.agentgate.server.application - INFO - 使用数据库: agentgate.db
2026-09-01 10:43:31,758 - src.agentgate.server.application - INFO - 调度器任务已创建
2026-09-01 10:43:31,760 - agentgate.task.scheduler - INFO - 任务调度器已启动，扫描间隔: 10秒
2026-09-01 10:43:31,760 - agentgate.task.service - INFO - 调度器已启动，间隔: 10秒
2026-09-01 10:43:31,760 - agentgate.task.scheduler - INFO - 开始扫描 PENDING 状态任务...
2026-09-01 10:43:31,766 - agentgate.task.scheduler - INFO - 找到 0 个待执行任务
2026-09-01 10:43:41,771 - agentgate.task.scheduler - INFO - 开始扫描 PENDING 状态任务...
2026-09-01 10:43:41,773 - agentgate.task.scheduler - INFO - 找到 0 个待执行任务
2026-09-01 10:43:51,777 - agentgate.task.scheduler - INFO - 开始扫描 PENDING 状态任务...
2026-09-01 10:43:51,778 - agentgate.task.scheduler - INFO - 找到 0 个待执行任务
2026-09-01 10:44:01,786 - agentgate.task.scheduler - INFO - 开始扫描 PENDING 状态任务...
2026-09-01 10:44:01,787 - agentgate.task.scheduler - INFO - 找到 0 个待执行任务
2026-09-01 10:44:11,799 - agentgate.task.scheduler - INFO - 开始扫描 PENDING 状态任务...
2026-09-01 10:44:11,800 - agentgate.task.scheduler - INFO - 找到 0 个待执行任务
2026-09-01 10:44:21,803 - agentgate.task.scheduler - INFO - 开始扫描 PENDING 状态任务...
2026-09-01 10:44:21,804 - agentgate.task.scheduler - INFO - 找到 0 个待执行任务
2026-09-01 10:44:29,414 - src.agentgate.server.application - INFO - 日志系统初始化完成
2026-09-01 10:44:29,415 - src.agentgate.server.application - INFO - 使用数据库: agentgate.db
2026-09-01 10:44:31,811 - agentgate.task.scheduler - INFO - 开始扫描 PENDING 状态任务...
2026-09-01 10:44:31,813 - agentgate.task.scheduler - INFO - 找到 0 个待执行任务
2026-09-01 10:44:41,825 - agentgate.task.scheduler - INFO - 开始扫描 PENDING 状态任务...
2026-09-01 10:44:41,826 - agentgate.task.scheduler - INFO - 找到 0 个待执行任务
2026-09-01 10:44:51,841 - agentgate.task.scheduler - INFO - 开始扫描 PENDING 状态任务...
2026-09-01 10:44:51,842 - agentgate.task.scheduler - INFO - 找到 0 个待执行任务
2026-09-01 10:45:01,852 - agentgate.task.scheduler - INFO - 开始扫描 PENDING 状态任务...
2026-09-01 10:45:01,854 - agentgate.task.scheduler - INFO - 找到 0 个待执行任务
2026-09-01 10:45:11,860 - agentgate.task.scheduler - INFO - 开始扫描 PENDING 状态任务...
2026-09-01 10:45:11,861 - agentgate.task.scheduler - INFO - 找到 0 个待执行任务
2026-09-01 10:45:21,868 - agentgate.task.scheduler - INFO - 开始扫描 PENDING 状态任务...
2026-09-01 10:45:21,869 - agentgate.task.scheduler - INFO - 找到 0 个待执行任务
2026-09-01 10:45:31,873 - agentgate.task.scheduler - INFO - 开始扫描 PENDING 状态任务...
2026-09-01 10:45:31,875 - agentgate.task.scheduler - INFO - 找到 0 个待执行任务
2026-09-01 10:45:41,884 - agentgate.task.scheduler - INFO - 开始扫描 PENDING 状态任务...
2026-09-01 10:45:41,886 - agentgate.task.scheduler - INFO - 找到 0 个待执行任务
2026-09-01 10:45:51,899 - agentgate.task.scheduler - INFO - 开始扫描 PENDING 状态任务...
2026-09-01 10:45:51,901 - agentgate.task.scheduler - INFO - 找到 0 个待执行任务
2026-09-01 10:46:01,906 - agentgate.task.scheduler - INFO - 开始扫描 PENDING 状态任务...
2026-09-01 10:46:01,907 - agentgate.task.scheduler - INFO - 找到 0 个待执行任务
2026-09-01 10:46:11,919 - agentgate.task.scheduler - INFO - 开始扫描 PENDING 状态任务...
2026-09-01 10:46:11,921 - agentgate.task.scheduler - INFO - 找到 0 个待执行任务
2026-09-01 10:46:21,933 - agentgate.task.scheduler - INFO - 开始扫描 PENDING 状态任务...
2026-09-01 10:46:21,935 - agentgate.task.scheduler - INFO - 找到 0 个待执行任务
2026-09-01 10:46:31,943 - agentgate.task.scheduler - INFO - 开始扫描 PENDING 状态任务...
2026-09-01 10:46:31,945 - agentgate.task.scheduler - INFO - 找到 0 个待执行任务
2026-09-01 10:46:41,959 - agentgate.task.scheduler - INFO - 开始扫描 PENDING 状态任务...
2026-09-01 10:46:41,960 - agentgate.task.scheduler - INFO - 找到 0 个待执行任务
2026-09-01 10:46:51,963 - agentgate.task.scheduler - INFO - 开始扫描 PENDING 状态任务...
2026-09-01 10:46:51,965 - agentgate.task.scheduler - INFO - 找到 0 个待执行任务
2026-09-01 10:47:01,967 - agentgate.task.scheduler - INFO - 开始扫描 PENDING 状态任务...
2026-09-01 10:47:01,968 - agentgate.task.scheduler - INFO - 找到 0 个待执行任务
2026-09-01 10:47:11,982 - agentgate.task.scheduler - INFO - 开始扫描 PENDING 状态任务...
2026-09-01 10:47:11,983 - agentgate.task.scheduler - INFO - 找到 0 个待执行任务
2026-09-01 10:47:21,985 - agentgate.task.scheduler - INFO - 开始扫描 PENDING 状态任务...
2026-09-01 10:47:21,986 - agentgate.task.scheduler - INFO - 找到 0 个待执行任务
2026-09-01 10:47:31,992 - agentgate.task.scheduler - INFO - 开始扫描 PENDING 状态任务...
2026-09-01 10:47:31,993 - agentgate.task.scheduler - INFO - 找到 0 个待执行任务
2026-09-01 10:47:41,999 - agentgate.task.scheduler - INFO - 开始扫描 PENDING 状态任务...
2026-09-01 10:47:42,000 - agentgate.task.scheduler - INFO - 找到 0 个待执行任务
2026-09-01 10:47:52,002 - agentgate.task.scheduler - INFO - 开始扫描 PENDING 状态任务...
2026-09-01 10:47:52,003 - agentgate.task.scheduler - INFO - 找到 0 个待执行任务
2026-09-01 10:48:02,019 - agentgate.task.scheduler - INFO - 开始扫描 PENDING 状态任务...
2026-09-01 10:48:02,020 - agentgate.task.scheduler - INFO - 找到 0 个待执行任务
2026-09-01 10:48:12,034 - agentgate.task.scheduler - INFO - 开始扫描 PENDING 状态任务...
2026-09-01 10:48:12,036 - agentgate.task.scheduler - INFO - 找到 0 个待执行任务
2026-09-01 10:48:22,038 - agentgate.task.scheduler - INFO - 开始扫描 PENDING 状态任务...
2026-09-01 10:48:22,040 - agentgate.task.scheduler - INFO - 找到 0 个待执行任务
2026-09-01 10:48:32,049 - agentgate.task.scheduler - INFO - 开始扫描 PENDING 状态任务...
2026-09-01 10:48:32,051 - agentgate.task.scheduler - INFO - 找到 0 个待执行任务
2026-09-01 10:48:42,067 - agentgate.task.scheduler - INFO - 开始扫描 PENDING 状态任务...
2026-09-01 10:48:42,068 - agentgate.task.scheduler - INFO - 找到 0 个待执行任务
2026-09-01 10:48:52,072 - agentgate.task.scheduler - INFO - 开始扫描 PENDING 状态任务...
2026-09-01 10:48:52,074 - agentgate.task.scheduler - INFO - 找到 0 个待执行任务
2026-09-01 10:49:02,082 - agentgate.task.scheduler - INFO - 开始扫描 PENDING 状态任务...
2026-09-01 10:49:02,084 - agentgate.task.scheduler - INFO - 找到 0 个待执行任务
2026-09-01 10:49:12,089 - agentgate.task.scheduler - INFO - 开始扫描 PENDING 状态任务...
2026-09-01 10:49:12,090 - agentgate.task.scheduler - INFO - 找到 0 个待执行任务
2026-09-01 10:49:22,099 - agentgate.task.scheduler - INFO - 开始扫描 PENDING 状态任务...
2026-09-01 10:49:22,100 - agentgate.task.scheduler - INFO - 找到 0 个待执行任务
2026-09-01 10:49:32,112 - agentgate.task.scheduler - INFO - 开始扫描 PENDING 状态任务...
2026-09-01 10:49:32,113 - agentgate.task.scheduler - INFO - 找到 0 个待执行任务
2026-09-01 10:49:42,129 - agentgate.task.scheduler - INFO - 开始扫描 PENDING 状态任务...
2026-09-01 10:49:42,130 - agentgate.task.scheduler - INFO - 找到 0 个待执行任务
2026-09-01 10:49:52,143 - agentgate.task.scheduler - INFO - 开始扫描 PENDING 状态任务...
2026-09-01 10:49:52,144 - agentgate.task.scheduler - INFO - 找到 0 个待执行任务
2026-09-01 10:50:02,149 - agentgate.task.scheduler - INFO - 开始扫描 PENDING 状态任务...
2026-09-01 10:50:02,151 - agentgate.task.scheduler - INFO - 找到 0 个待执行任务
2026-09-01 10:50:12,160 - agentgate.task.scheduler - INFO - 开始扫描 PENDING 状态任务...
2026-09-01 10:50:12,161 - agentgate.task.scheduler - INFO - 找到 0 个待执行任务
2026-09-01 10:50:22,164 - agentgate.task.scheduler - INFO - 开始扫描 PENDING 状态任务...
2026-09-01 10:50:22,166 - agentgate.task.scheduler - INFO - 找到 0 个待执行任务
2026-09-01 10:50:32,169 - agentgate.task.scheduler - INFO - 开始扫描 PENDING 状态任务...
2026-09-01 10:50:32,170 - agentgate.task.scheduler - INFO - 找到 0 个待执行任务
2026-09-01 10:50:42,171 - agentgate.task.scheduler - INFO - 开始扫描 PENDING 状态任务...
2026-09-01 10:50:42,172 - agentgate.task.scheduler - INFO - 找到 0 个待执行任务
2026-09-01 10:50:52,186 - agentgate.task.scheduler - INFO - 开始扫描 PENDING 状态任务...
2026-09-01 10:50:52,187 - agentgate.task.scheduler - INFO - 找到 0 个待执行任务
2026-09-01 10:51:02,194 - agentgate.task.scheduler - INFO - 开始扫描 PENDING 状态任务...
2026-09-01 10:51:02,196 - agentgate.task.scheduler - INFO - 找到 0 个待执行任务
2026-09-01 10:51:12,212 - agentgate.task.scheduler - INFO - 开始扫描 PENDING 状态任务...
2026-09-01 10:51:12,213 - agentgate.task.scheduler - INFO - 找到 0 个待执行任务
2026-09-01 10:51:22,220 - agentgate.task.scheduler - INFO - 开始扫描 PENDING 状态任务...
2026-09-01 10:51:22,222 - agentgate.task.scheduler - INFO - 找到 0 个待执行任务
2026-09-01 10:51:32,235 - agentgate.task.scheduler - INFO - 开始扫描 PENDING 状态任务...
2026-09-01 10:51:32,237 - agentgate.task.scheduler - INFO - 找到 0 个待执行任务
2026-09-01 10:51:42,241 - agentgate.task.scheduler - INFO - 开始扫描 PENDING 状态任务...
2026-09-01 10:51:42,242 - agentgate.task.scheduler - INFO - 找到 0 个待执行任务
2026-09-01 10:51:52,254 - agentgate.task.scheduler - INFO - 开始扫描 PENDING 状态任务...
2026-09-01 10:51:52,256 - agentgate.task.scheduler - INFO - 找到 0 个待执行任务
2026-09-01 10:52:02,270 - agentgate.task.scheduler - INFO - 开始扫描 PENDING 状态任务...
2026-09-01 10:52:02,271 - agentgate.task.scheduler - INFO - 找到 0 个待执行任务
2026-09-01 10:52:12,276 - agentgate.task.scheduler - INFO - 开始扫描 PENDING 状态任务...
2026-09-01 10:52:12,277 - agentgate.task.scheduler - INFO - 找到 0 个待执行任务
2026-09-01 10:52:22,292 - agentgate.task.scheduler - INFO - 开始扫描 PENDING 状态任务...
2026-09-01 10:52:22,294 - agentgate.task.scheduler - INFO - 找到 0 个待执行任务
2026-09-01 10:52:32,300 - agentgate.task.scheduler - INFO - 开始扫描 PENDING 状态任务...
2026-09-01 10:52:32,301 - agentgate.task.scheduler - INFO - 找到 0 个待执行任务
2026-09-01 10:52:42,312 - agentgate.task.scheduler - INFO - 开始扫描 PENDING 状态任务...
2026-09-01 10:52:42,314 - agentgate.task.scheduler - INFO - 找到 0 个待执行任务
2026-09-01 10:52:52,321 - agentgate.task.scheduler - INFO - 开始扫描 PENDING 状态任务...
2026-09-01 10:52:52,324 - agentgate.task.scheduler - INFO - 找到 0 个待执行任务
2026-09-01 10:53:02,330 - agentgate.task.scheduler - INFO - 开始扫描 PENDING 状态任务...
2026-09-01 10:53:02,331 - agentgate.task.scheduler - INFO - 找到 0 个待执行任务
2026-09-01 10:53:12,333 - agentgate.task.scheduler - INFO - 开始扫描 PENDING 状态任务...
2026-09-01 10:53:12,335 - agentgate.task.scheduler - INFO - 找到 0 个待执行任务
2026-09-01 10:53:22,344 - agentgate.task.scheduler - INFO - 开始扫描 PENDING 状态任务...
2026-09-01 10:53:22,345 - agentgate.task.scheduler - INFO - 找到 0 个待执行任务
2026-09-01 10:53:32,355 - agentgate.task.scheduler - INFO - 开始扫描 PENDING 状态任务...
2026-09-01 10:53:32,357 - agentgate.task.scheduler - INFO - 找到 0 个待执行任务
2026-09-01 10:53:42,367 - agentgate.task.scheduler - INFO - 开始扫描 PENDING 状态任务...
2026-09-01 10:53:42,368 - agentgate.task.scheduler - INFO - 找到 0 个待执行任务
2026-09-01 10:53:52,383 - agentgate.task.scheduler - INFO - 开始扫描 PENDING 状态任务...
2026-09-01 10:53:52,384 - agentgate.task.scheduler - INFO - 找到 0 个待执行任务
2026-09-01 10:54:02,392 - agentgate.task.scheduler - INFO - 开始扫描 PENDING 状态任务...
2026-09-01 10:54:02,394 - agentgate.task.scheduler - INFO - 找到 0 个待执行任务
2026-09-01 10:54:12,409 - agentgate.task.scheduler - INFO - 开始扫描 PENDING 状态任务...
2026-09-01 10:54:12,410 - agentgate.task.scheduler - INFO - 找到 0 个待执行任务
2026-09-01 10:54:22,414 - agentgate.task.scheduler - INFO - 开始扫描 PENDING 状态任务...
2026-09-01 10:54:22,415 - agentgate.task.scheduler - INFO - 找到 0 个待执行任务
2026-09-01 10:54:32,422 - agentgate.task.scheduler - INFO - 开始扫描 PENDING 状态任务...
2026-09-01 10:54:32,423 - agentgate.task.scheduler - INFO - 找到 0 个待执行任务
2026-09-01 10:54:42,435 - agentgate.task.scheduler - INFO - 开始扫描 PENDING 状态任务...
2026-09-01 10:54:42,437 - agentgate.task.scheduler - INFO - 找到 0 个待执行任务
2026-09-01 10:54:52,446 - agentgate.task.scheduler - INFO - 开始扫描 PENDING 状态任务...
2026-09-01 10:54:52,447 - agentgate.task.scheduler - INFO - 找到 0 个待执行任务
2026-09-01 10:55:02,452 - agentgate.task.scheduler - INFO - 开始扫描 PENDING 状态任务...
2026-09-01 10:55:02,453 - agentgate.task.scheduler - INFO - 找到 0 个待执行任务
2026-09-01 10:55:12,469 - agentgate.task.scheduler - INFO - 开始扫描 PENDING 状态任务...
2026-09-01 10:55:12,471 - agentgate.task.scheduler - INFO - 找到 0 个待执行任务
2026-09-01 10:55:22,486 - agentgate.task.scheduler - INFO - 开始扫描 PENDING 状态任务...
2026-09-01 10:55:22,487 - agentgate.task.scheduler - INFO - 找到 0 个待执行任务
2026-09-01 10:55:32,498 - agentgate.task.scheduler - INFO - 开始扫描 PENDING 状态任务...
2026-09-01 10:55:32,500 - agentgate.task.scheduler - INFO - 找到 0 个待执行任务
2026-09-01 10:55:42,507 - agentgate.task.scheduler - INFO - 开始扫描 PENDING 状态任务...
2026-09-01 10:55:42,509 - agentgate.task.scheduler - INFO - 找到 0 个待执行任务
2026-09-01 10:55:52,519 - agentgate.task.scheduler - INFO - 开始扫描 PENDING 状态任务...
2026-09-01 10:55:52,520 - agentgate.task.scheduler - INFO - 找到 0 个待执行任务
2026-09-01 10:55:58,544 - src.agentgate.server.application - INFO - 日志系统初始化完成
2026-09-01 10:55:58,545 - src.agentgate.server.application - INFO - 使用数据库: agentgate.db
2026-09-01 10:55:58,600 - src.agentgate.server.application - INFO - 调度器任务已创建
2026-09-01 10:55:58,603 - agentgate.task.scheduler - INFO - 任务调度器已启动，扫描间隔: 10秒
2026-09-01 10:55:58,603 - agentgate.task.service - INFO - 调度器已启动，间隔: 10秒
2026-09-01 10:55:58,604 - agentgate.task.scheduler - INFO - 开始扫描 PENDING 状态任务...
2026-09-01 10:55:58,610 - agentgate.task.scheduler - INFO - 找到 0 个待执行任务
2026-09-01 10:56:08,621 - agentgate.task.scheduler - INFO - 开始扫描 PENDING 状态任务...
2026-09-01 10:56:08,622 - agentgate.task.scheduler - INFO - 找到 0 个待执行任务
2026-09-01 10:56:18,624 - agentgate.task.scheduler - INFO - 开始扫描 PENDING 状态任务...
2026-09-01 10:56:18,625 - agentgate.task.scheduler - INFO - 找到 0 个待执行任务
2026-09-01 10:56:28,627 - agentgate.task.scheduler - INFO - 开始扫描 PENDING 状态任务...
2026-09-01 10:56:28,629 - agentgate.task.scheduler - INFO - 找到 0 个待执行任务
2026-09-01 10:56:38,645 - agentgate.task.scheduler - INFO - 开始扫描 PENDING 状态任务...
2026-09-01 10:56:38,646 - agentgate.task.scheduler - INFO - 找到 0 个待执行任务
2026-09-01 10:56:48,650 - agentgate.task.scheduler - INFO - 开始扫描 PENDING 状态任务...
2026-09-01 10:56:48,651 - agentgate.task.scheduler - INFO - 找到 0 个待执行任务
2026-09-01 10:56:58,662 - agentgate.task.scheduler - INFO - 开始扫描 PENDING 状态任务...
2026-09-01 10:56:58,663 - agentgate.task.scheduler - INFO - 找到 0 个待执行任务
2026-09-01 10:57:08,678 - agentgate.task.scheduler - INFO - 开始扫描 PENDING 状态任务...
2026-09-01 10:57:08,680 - agentgate.task.scheduler - INFO - 找到 0 个待执行任务
2026-09-01 10:57:18,687 - agentgate.task.scheduler - INFO - 开始扫描 PENDING 状态任务...
2026-09-01 10:57:18,688 - agentgate.task.scheduler - INFO - 找到 0 个待执行任务
2026-09-01 10:57:28,690 - agentgate.task.scheduler - INFO - 开始扫描 PENDING 状态任务...
2026-09-01 10:57:28,691 - agentgate.task.scheduler - INFO - 找到 0 个待执行任务
2026-09-01 10:57:37,256 - agentgate.task.service - INFO - Created task: f04f49a0-dd67-4a51-ae54-90a208fa0fa6, name: 测试任务3
2026-09-01 10:57:38,703 - agentgate.task.scheduler - INFO - 开始扫描 PENDING 状态任务...
2026-09-01 10:57:38,704 - agentgate.task.scheduler - INFO - 找到 0 个待执行任务
2026-09-01 10:57:48,465 - agentgate.task.service - INFO - Task f04f49a0-dd67-4a51-ae54-90a208fa0fa6 started, status changed to PENDING
2026-09-01 10:57:48,715 - agentgate.task.scheduler - INFO - 开始扫描 PENDING 状态任务...
2026-09-01 10:57:48,716 - agentgate.task.scheduler - INFO - 找到 1 个待执行任务
2026-09-01 10:57:48,716 - agentgate.task.scheduler - INFO - 开始执行任务: f04f49a0-dd67-4a51-ae54-90a208fa0fa6, 名称: 测试任务3
2026-09-01 10:57:48,717 - agentgate.task.scheduler - INFO - 使用已有执行记录: run_id=420b2d6f-e518-4144-9e74-48967171d6b6, run_no=1
2026-09-01 10:57:48,736 - agentgate.task.scheduler - INFO - 任务状态变更为 RUNNING: f04f49a0-dd67-4a51-ae54-90a208fa0fa6
2026-09-01 10:57:48,738 - agentgate.task.scheduler - INFO - 从数据集加载了 0 个用例
2026-09-01 10:57:48,744 - agentgate.task.scheduler - INFO - 任务执行完成: f04f49a0-dd67-4a51-ae54-90a208fa0fa6, 共执行 0 个用例
2026-09-01 10:57:58,755 - agentgate.task.scheduler - INFO - 开始扫描 PENDING 状态任务...
2026-09-01 10:57:58,756 - agentgate.task.scheduler - INFO - 找到 0 个待执行任务
2026-09-01 10:58:08,764 - agentgate.task.scheduler - INFO - 开始扫描 PENDING 状态任务...
2026-09-01 10:58:08,765 - agentgate.task.scheduler - INFO - 找到 0 个待执行任务
2026-09-01 10:58:18,772 - agentgate.task.scheduler - INFO - 开始扫描 PENDING 状态任务...
2026-09-01 10:58:18,773 - agentgate.task.scheduler - INFO - 找到 0 个待执行任务
2026-09-01 10:58:28,780 - agentgate.task.scheduler - INFO - 开始扫描 PENDING 状态任务...
2026-09-01 10:58:28,781 - agentgate.task.scheduler - INFO - 找到 0 个待执行任务
2026-09-01 10:58:38,790 - agentgate.task.scheduler - INFO - 开始扫描 PENDING 状态任务...
2026-09-01 10:58:38,791 - agentgate.task.scheduler - INFO - 找到 0 个待执行任务
2026-09-01 10:58:48,794 - agentgate.task.scheduler - INFO - 开始扫描 PENDING 状态任务...
2026-09-01 10:58:48,796 - agentgate.task.scheduler - INFO - 找到 0 个待执行任务
2026-09-01 10:58:58,801 - agentgate.task.scheduler - INFO - 开始扫描 PENDING 状态任务...
2026-09-01 10:58:58,802 - agentgate.task.scheduler - INFO - 找到 0 个待执行任务
2026-09-01 10:59:08,805 - agentgate.task.scheduler - INFO - 开始扫描 PENDING 状态任务...
2026-09-01 10:59:08,806 - agentgate.task.scheduler - INFO - 找到 0 个待执行任务
2026-09-01 10:59:18,812 - agentgate.task.scheduler - INFO - 开始扫描 PENDING 状态任务...
2026-09-01 10:59:18,813 - agentgate.task.scheduler - INFO - 找到 0 个待执行任务
2026-09-01 10:59:28,829 - agentgate.task.scheduler - INFO - 开始扫描 PENDING 状态任务...
2026-09-01 10:59:28,830 - agentgate.task.scheduler - INFO - 找到 0 个待执行任务
2026-09-01 10:59:38,836 - agentgate.task.scheduler - INFO - 开始扫描 PENDING 状态任务...
2026-09-01 10:59:38,838 - agentgate.task.scheduler - INFO - 找到 0 个待执行任务
2026-09-01 10:59:48,847 - agentgate.task.scheduler - INFO - 开始扫描 PENDING 状态任务...
2026-09-01 10:59:48,848 - agentgate.task.scheduler - INFO - 找到 0 个待执行任务
2026-09-01 10:59:58,852 - agentgate.task.scheduler - INFO - 开始扫描 PENDING 状态任务...
2026-09-01 10:59:58,853 - agentgate.task.scheduler - INFO - 找到 0 个待执行任务
2026-09-01 11:00:08,857 - agentgate.task.scheduler - INFO - 开始扫描 PENDING 状态任务...
2026-09-01 11:00:08,858 - agentgate.task.scheduler - INFO - 找到 0 个待执行任务
2026-09-01 11:00:18,864 - agentgate.task.scheduler - INFO - 开始扫描 PENDING 状态任务...
2026-09-01 11:00:18,865 - agentgate.task.scheduler - INFO - 找到 0 个待执行任务
2026-09-01 11:00:20,158 - src.agentgate.server.application - INFO - 日志系统初始化完成
2026-09-01 11:00:20,158 - src.agentgate.server.application - INFO - 使用数据库: agentgate.db
2026-09-01 11:00:28,871 - agentgate.task.scheduler - INFO - 开始扫描 PENDING 状态任务...
2026-09-01 11:00:28,872 - agentgate.task.scheduler - INFO - 找到 0 个待执行任务
2026-09-01 11:00:38,878 - agentgate.task.scheduler - INFO - 开始扫描 PENDING 状态任务...
2026-09-01 11:00:38,879 - agentgate.task.scheduler - INFO - 找到 0 个待执行任务
2026-09-01 11:00:40,382 - src.agentgate.server.application - INFO - 日志系统初始化完成
2026-09-01 11:00:40,383 - src.agentgate.server.application - INFO - 使用数据库: agentgate.db
2026-09-01 11:00:48,889 - agentgate.task.scheduler - INFO - 开始扫描 PENDING 状态任务...
2026-09-01 11:00:48,891 - agentgate.task.scheduler - INFO - 找到 0 个待执行任务
2026-09-01 11:00:58,900 - agentgate.task.scheduler - INFO - 开始扫描 PENDING 状态任务...
2026-09-01 11:00:58,901 - agentgate.task.scheduler - INFO - 找到 0 个待执行任务
2026-09-01 11:01:08,903 - agentgate.task.scheduler - INFO - 开始扫描 PENDING 状态任务...
2026-09-01 11:01:08,904 - agentgate.task.scheduler - INFO - 找到 0 个待执行任务
2026-09-01 11:01:18,909 - agentgate.task.scheduler - INFO - 开始扫描 PENDING 状态任务...
2026-09-01 11:01:18,910 - agentgate.task.scheduler - INFO - 找到 0 个待执行任务
2026-09-01 11:01:28,923 - agentgate.task.scheduler - INFO - 开始扫描 PENDING 状态任务...
2026-09-01 11:01:28,924 - agentgate.task.scheduler - INFO - 找到 0 个待执行任务
2026-09-01 11:01:38,938 - agentgate.task.scheduler - INFO - 开始扫描 PENDING 状态任务...
2026-09-01 11:01:38,939 - agentgate.task.scheduler - INFO - 找到 0 个待执行任务
2026-09-01 11:01:48,945 - agentgate.task.scheduler - INFO - 开始扫描 PENDING 状态任务...
2026-09-01 11:01:48,946 - agentgate.task.scheduler - INFO - 找到 0 个待执行任务
2026-09-01 11:01:58,949 - agentgate.task.scheduler - INFO - 开始扫描 PENDING 状态任务...
2026-09-01 11:01:58,950 - agentgate.task.scheduler - INFO - 找到 0 个待执行任务
2026-09-01 11:02:08,963 - agentgate.task.scheduler - INFO - 开始扫描 PENDING 状态任务...
2026-09-01 11:02:08,964 - agentgate.task.scheduler - INFO - 找到 0 个待执行任务
2026-09-01 11:02:18,978 - agentgate.task.scheduler - INFO - 开始扫描 PENDING 状态任务...
2026-09-01 11:02:18,980 - agentgate.task.scheduler - INFO - 找到 0 个待执行任务
2026-09-01 11:02:28,997 - agentgate.task.scheduler - INFO - 开始扫描 PENDING 状态任务...
2026-09-01 11:02:28,999 - agentgate.task.scheduler - INFO - 找到 0 个待执行任务
2026-09-01 11:02:40,853 - src.agentgate.server.application - INFO - 日志系统初始化完成
2026-09-01 11:02:40,853 - src.agentgate.server.application - INFO - 使用数据库: agentgate.db
2026-09-01 11:02:40,910 - src.agentgate.server.application - INFO - 调度器任务已创建
2026-09-01 11:02:40,915 - agentgate.task.scheduler - INFO - 任务调度器已启动，扫描间隔: 10秒
2026-09-01 11:02:40,915 - agentgate.task.service - INFO - 调度器已启动，间隔: 10秒
2026-09-01 11:02:40,915 - agentgate.task.scheduler - INFO - 开始扫描 PENDING 状态任务...
2026-09-01 11:02:40,921 - agentgate.task.scheduler - INFO - 找到 0 个待执行任务
2026-09-01 11:02:45,255 - agentgate.task.service - INFO - Created task: 7afa7b80-66a1-4b77-a86e-627b5f33cfbd, name: 测试任务4
2026-09-01 11:02:45,276 - agentgate.task.service - INFO - Task 7afa7b80-66a1-4b77-a86e-627b5f33cfbd started, status changed to PENDING
2026-09-01 11:02:50,931 - agentgate.task.scheduler - INFO - 开始扫描 PENDING 状态任务...
2026-09-01 11:02:50,933 - agentgate.task.scheduler - INFO - 找到 1 个待执行任务
2026-09-01 11:02:50,933 - agentgate.task.scheduler - INFO - 开始执行任务: 7afa7b80-66a1-4b77-a86e-627b5f33cfbd, 名称: 测试任务4
2026-09-01 11:02:50,933 - agentgate.task.scheduler - INFO - 使用已有执行记录: run_id=8aeda5e8-ffc4-46a3-a4d5-e9d254089d48, run_no=1
2026-09-01 11:02:50,942 - agentgate.task.scheduler - INFO - 任务状态变更为 RUNNING: 7afa7b80-66a1-4b77-a86e-627b5f33cfbd
2026-09-01 11:02:50,943 - agentgate.task.scheduler - INFO - 通过数据集服务获取了 3 个用例
2026-09-01 11:02:50,943 - agentgate.task.scheduler - INFO - 从数据集加载了 3 个用例
2026-09-01 11:02:50,947 - agentgate.task.scheduler - INFO - 用例执行完成: case_id=0f1278fa-610c-4b92-9426-3639c3477be2, score=85.0
2026-09-01 11:02:50,950 - agentgate.task.scheduler - INFO - 用例执行完成: case_id=c0b24f99-eb66-4d36-8a7e-9fb977660884, score=85.0
2026-09-01 11:02:50,953 - agentgate.task.scheduler - INFO - 用例执行完成: case_id=e78f986a-1d31-46e8-88dc-53fb79298c6c, score=85.0
2026-09-01 11:02:50,959 - agentgate.task.scheduler - INFO - 任务执行完成: 7afa7b80-66a1-4b77-a86e-627b5f33cfbd, 共执行 3 个用例
2026-09-01 11:03:00,973 - agentgate.task.scheduler - INFO - 开始扫描 PENDING 状态任务...
2026-09-01 11:03:00,975 - agentgate.task.scheduler - INFO - 找到 0 个待执行任务
2026-09-01 11:03:10,982 - agentgate.task.scheduler - INFO - 开始扫描 PENDING 状态任务...
2026-09-01 11:03:10,983 - agentgate.task.scheduler - INFO - 找到 0 个待执行任务
2026-09-01 11:03:20,991 - agentgate.task.scheduler - INFO - 开始扫描 PENDING 状态任务...
2026-09-01 11:03:20,992 - agentgate.task.scheduler - INFO - 找到 0 个待执行任务
2026-09-01 11:03:30,999 - agentgate.task.scheduler - INFO - 开始扫描 PENDING 状态任务...
2026-09-01 11:03:31,000 - agentgate.task.scheduler - INFO - 找到 0 个待执行任务
2026-09-01 11:03:41,003 - agentgate.task.scheduler - INFO - 开始扫描 PENDING 状态任务...
2026-09-01 11:03:41,005 - agentgate.task.scheduler - INFO - 找到 0 个待执行任务
2026-09-01 11:03:51,013 - agentgate.task.scheduler - INFO - 开始扫描 PENDING 状态任务...
2026-09-01 11:03:51,016 - agentgate.task.scheduler - INFO - 找到 0 个待执行任务
2026-09-01 11:04:01,030 - agentgate.task.scheduler - INFO - 开始扫描 PENDING 状态任务...
2026-09-01 11:04:01,031 - agentgate.task.scheduler - INFO - 找到 0 个待执行任务
2026-09-01 11:04:11,033 - agentgate.task.scheduler - INFO - 开始扫描 PENDING 状态任务...
2026-09-01 11:04:11,034 - agentgate.task.scheduler - INFO - 找到 0 个待执行任务
2026-09-01 11:04:21,040 - agentgate.task.scheduler - INFO - 开始扫描 PENDING 状态任务...
2026-09-01 11:04:21,042 - agentgate.task.scheduler - INFO - 找到 0 个待执行任务
2026-09-01 11:04:31,054 - agentgate.task.scheduler - INFO - 开始扫描 PENDING 状态任务...
2026-09-01 11:04:31,055 - agentgate.task.scheduler - INFO - 找到 0 个待执行任务
2026-09-01 11:04:41,065 - agentgate.task.scheduler - INFO - 开始扫描 PENDING 状态任务...
2026-09-01 11:04:41,067 - agentgate.task.scheduler - INFO - 找到 0 个待执行任务
2026-09-01 11:04:51,074 - agentgate.task.scheduler - INFO - 开始扫描 PENDING 状态任务...
2026-09-01 11:04:51,076 - agentgate.task.scheduler - INFO - 找到 0 个待执行任务
2026-09-01 11:05:01,078 - agentgate.task.scheduler - INFO - 开始扫描 PENDING 状态任务...
2026-09-01 11:05:01,080 - agentgate.task.scheduler - INFO - 找到 0 个待执行任务
2026-09-01 11:05:10,317 - src.agentgate.server.application - INFO - 日志系统初始化完成
2026-09-01 11:05:10,318 - src.agentgate.server.application - INFO - 使用数据库: agentgate.db
2026-09-01 11:05:10,371 - src.agentgate.server.application - INFO - 调度器任务已创建
2026-09-01 11:05:10,372 - agentgate.task.scheduler - INFO - 任务调度器已启动，扫描间隔: 10秒
2026-09-01 11:05:10,372 - agentgate.task.service - INFO - 调度器已启动，间隔: 10秒
2026-09-01 11:05:10,372 - agentgate.task.scheduler - INFO - 开始扫描 PENDING 状态任务...
2026-09-01 11:05:10,378 - agentgate.task.scheduler - INFO - 找到 0 个待执行任务
2026-09-01 11:05:14,610 - agentgate.task.service - INFO - Created task: 66e4fff9-6fdf-4c2c-a2fd-edf453e6a9f4, name: 测试任务5
2026-09-01 11:05:14,642 - agentgate.task.service - INFO - Task 66e4fff9-6fdf-4c2c-a2fd-edf453e6a9f4 started, status changed to PENDING
2026-09-01 11:05:20,383 - agentgate.task.scheduler - INFO - 开始扫描 PENDING 状态任务...
2026-09-01 11:05:20,385 - agentgate.task.scheduler - INFO - 找到 1 个待执行任务
2026-09-01 11:05:20,386 - agentgate.task.scheduler - INFO - 开始执行任务: 66e4fff9-6fdf-4c2c-a2fd-edf453e6a9f4, 名称: 测试任务5
2026-09-01 11:05:20,386 - agentgate.task.scheduler - INFO - 使用已有执行记录: run_id=8e84c7e5-38ec-4d3d-b9d8-1bf8faae7c80, run_no=1
2026-09-01 11:05:20,407 - agentgate.task.scheduler - INFO - 任务状态变更为 RUNNING: 66e4fff9-6fdf-4c2c-a2fd-edf453e6a9f4
2026-09-01 11:05:20,408 - agentgate.task.scheduler - INFO - 通过数据集服务获取了 3 个用例
2026-09-01 11:05:20,408 - agentgate.task.scheduler - INFO - 从数据集加载了 3 个用例
2026-09-01 11:05:20,412 - agentgate.task.scheduler - INFO - 用例执行完成: case_id=0f1278fa-610c-4b92-9426-3639c3477be2, score=85.0
2026-09-01 11:05:20,414 - agentgate.task.scheduler - INFO - 用例执行完成: case_id=c0b24f99-eb66-4d36-8a7e-9fb977660884, score=85.0
2026-09-01 11:05:20,417 - agentgate.task.scheduler - INFO - 用例执行完成: case_id=e78f986a-1d31-46e8-88dc-53fb79298c6c, score=85.0
2026-09-01 11:05:20,425 - agentgate.task.scheduler - INFO - 任务执行完成: 66e4fff9-6fdf-4c2c-a2fd-edf453e6a9f4, 共执行 3 个用例
2026-09-01 11:05:30,426 - agentgate.task.scheduler - INFO - 开始扫描 PENDING 状态任务...
2026-09-01 11:05:30,428 - agentgate.task.scheduler - INFO - 找到 0 个待执行任务
2026-09-01 11:05:40,433 - agentgate.task.scheduler - INFO - 开始扫描 PENDING 状态任务...
2026-09-01 11:05:40,434 - agentgate.task.scheduler - INFO - 找到 0 个待执行任务
2026-09-01 11:05:50,447 - agentgate.task.scheduler - INFO - 开始扫描 PENDING 状态任务...
2026-09-01 11:05:50,448 - agentgate.task.scheduler - INFO - 找到 0 个待执行任务
2026-09-01 11:06:00,462 - agentgate.task.scheduler - INFO - 开始扫描 PENDING 状态任务...
2026-09-01 11:06:00,463 - agentgate.task.scheduler - INFO - 找到 0 个待执行任务
2026-09-01 11:06:10,475 - agentgate.task.scheduler - INFO - 开始扫描 PENDING 状态任务...
2026-09-01 11:06:10,476 - agentgate.task.scheduler - INFO - 找到 0 个待执行任务
2026-09-01 11:06:20,487 - agentgate.task.scheduler - INFO - 开始扫描 PENDING 状态任务...
2026-09-01 11:06:20,489 - agentgate.task.scheduler - INFO - 找到 0 个待执行任务
2026-09-01 11:06:30,505 - agentgate.task.scheduler - INFO - 开始扫描 PENDING 状态任务...
2026-09-01 11:06:30,507 - agentgate.task.scheduler - INFO - 找到 0 个待执行任务
2026-09-01 11:06:40,515 - agentgate.task.scheduler - INFO - 开始扫描 PENDING 状态任务...
2026-09-01 11:06:40,517 - agentgate.task.scheduler - INFO - 找到 0 个待执行任务
2026-09-01 11:06:50,529 - agentgate.task.scheduler - INFO - 开始扫描 PENDING 状态任务...
2026-09-01 11:06:50,530 - agentgate.task.scheduler - INFO - 找到 0 个待执行任务
2026-09-01 11:07:00,543 - agentgate.task.scheduler - INFO - 开始扫描 PENDING 状态任务...
2026-09-01 11:07:00,544 - agentgate.task.scheduler - INFO - 找到 0 个待执行任务
2026-09-01 11:07:10,557 - agentgate.task.scheduler - INFO - 开始扫描 PENDING 状态任务...
2026-09-01 11:07:10,558 - agentgate.task.scheduler - INFO - 找到 0 个待执行任务
2026-09-01 11:07:20,572 - agentgate.task.scheduler - INFO - 开始扫描 PENDING 状态任务...
2026-09-01 11:07:20,574 - agentgate.task.scheduler - INFO - 找到 0 个待执行任务
2026-09-01 11:07:30,589 - agentgate.task.scheduler - INFO - 开始扫描 PENDING 状态任务...
2026-09-01 11:07:30,590 - agentgate.task.scheduler - INFO - 找到 0 个待执行任务
2026-09-01 11:07:40,593 - agentgate.task.scheduler - INFO - 开始扫描 PENDING 状态任务...
2026-09-01 11:07:40,595 - agentgate.task.scheduler - INFO - 找到 0 个待执行任务
2026-09-01 11:07:50,596 - agentgate.task.scheduler - INFO - 开始扫描 PENDING 状态任务...
2026-09-01 11:07:50,597 - agentgate.task.scheduler - INFO - 找到 0 个待执行任务
2026-09-01 11:08:00,607 - agentgate.task.scheduler - INFO - 开始扫描 PENDING 状态任务...
2026-09-01 11:08:00,608 - agentgate.task.scheduler - INFO - 找到 0 个待执行任务
2026-09-01 11:08:10,617 - agentgate.task.scheduler - INFO - 开始扫描 PENDING 状态任务...
2026-09-01 11:08:10,619 - agentgate.task.scheduler - INFO - 找到 0 个待执行任务
2026-09-01 11:08:20,627 - agentgate.task.scheduler - INFO - 开始扫描 PENDING 状态任务...
2026-09-01 11:08:20,628 - agentgate.task.scheduler - INFO - 找到 0 个待执行任务
2026-09-01 11:08:30,630 - agentgate.task.scheduler - INFO - 开始扫描 PENDING 状态任务...
2026-09-01 11:08:30,631 - agentgate.task.scheduler - INFO - 找到 0 个待执行任务
2026-09-01 11:08:40,638 - agentgate.task.scheduler - INFO - 开始扫描 PENDING 状态任务...
2026-09-01 11:08:40,639 - agentgate.task.scheduler - INFO - 找到 0 个待执行任务
2026-09-01 11:08:50,643 - agentgate.task.scheduler - INFO - 开始扫描 PENDING 状态任务...
2026-09-01 11:08:50,644 - agentgate.task.scheduler - INFO - 找到 0 个待执行任务
2026-09-01 11:09:00,646 - agentgate.task.scheduler - INFO - 开始扫描 PENDING 状态任务...
2026-09-01 11:09:00,647 - agentgate.task.scheduler - INFO - 找到 0 个待执行任务
2026-09-01 11:09:10,659 - agentgate.task.scheduler - INFO - 开始扫描 PENDING 状态任务...
2026-09-01 11:09:10,660 - agentgate.task.scheduler - INFO - 找到 0 个待执行任务
2026-09-01 11:09:20,676 - agentgate.task.scheduler - INFO - 开始扫描 PENDING 状态任务...
2026-09-01 11:09:20,678 - agentgate.task.scheduler - INFO - 找到 0 个待执行任务
2026-09-01 11:09:30,688 - agentgate.task.scheduler - INFO - 开始扫描 PENDING 状态任务...
2026-09-01 11:09:30,689 - agentgate.task.scheduler - INFO - 找到 0 个待执行任务
2026-09-01 11:09:40,704 - agentgate.task.scheduler - INFO - 开始扫描 PENDING 状态任务...
2026-09-01 11:09:40,705 - agentgate.task.scheduler - INFO - 找到 0 个待执行任务
2026-09-01 11:09:50,716 - agentgate.task.scheduler - INFO - 开始扫描 PENDING 状态任务...
2026-09-01 11:09:50,718 - agentgate.task.scheduler - INFO - 找到 0 个待执行任务
2026-09-01 11:10:00,728 - agentgate.task.scheduler - INFO - 开始扫描 PENDING 状态任务...
2026-09-01 11:10:00,730 - agentgate.task.scheduler - INFO - 找到 0 个待执行任务
2026-09-01 11:10:10,746 - agentgate.task.scheduler - INFO - 开始扫描 PENDING 状态任务...
2026-09-01 11:10:10,747 - agentgate.task.scheduler - INFO - 找到 0 个待执行任务
2026-09-01 11:10:20,752 - agentgate.task.scheduler - INFO - 开始扫描 PENDING 状态任务...
2026-09-01 11:10:20,753 - agentgate.task.scheduler - INFO - 找到 0 个待执行任务
2026-09-01 11:10:30,763 - agentgate.task.scheduler - INFO - 开始扫描 PENDING 状态任务...
2026-09-01 11:10:30,764 - agentgate.task.scheduler - INFO - 找到 0 个待执行任务
2026-09-01 11:10:40,773 - agentgate.task.scheduler - INFO - 开始扫描 PENDING 状态任务...
2026-09-01 11:10:40,774 - agentgate.task.scheduler - INFO - 找到 0 个待执行任务
2026-09-01 11:10:50,779 - agentgate.task.scheduler - INFO - 开始扫描 PENDING 状态任务...
2026-09-01 11:10:50,781 - agentgate.task.scheduler - INFO - 找到 0 个待执行任务
2026-09-01 11:11:00,794 - agentgate.task.scheduler - INFO - 开始扫描 PENDING 状态任务...
2026-09-01 11:11:00,796 - agentgate.task.scheduler - INFO - 找到 0 个待执行任务
2026-09-01 11:11:10,811 - agentgate.task.scheduler - INFO - 开始扫描 PENDING 状态任务...
2026-09-01 11:11:10,812 - agentgate.task.scheduler - INFO - 找到 0 个待执行任务
2026-09-01 11:11:20,814 - agentgate.task.scheduler - INFO - 开始扫描 PENDING 状态任务...
2026-09-01 11:11:20,816 - agentgate.task.scheduler - INFO - 找到 0 个待执行任务
2026-09-01 11:11:30,830 - agentgate.task.scheduler - INFO - 开始扫描 PENDING 状态任务...
2026-09-01 11:11:30,832 - agentgate.task.scheduler - INFO - 找到 0 个待执行任务
2026-09-01 11:11:40,844 - agentgate.task.scheduler - INFO - 开始扫描 PENDING 状态任务...
2026-09-01 11:11:40,846 - agentgate.task.scheduler - INFO - 找到 0 个待执行任务
2026-09-01 11:11:50,861 - agentgate.task.scheduler - INFO - 开始扫描 PENDING 状态任务...
2026-09-01 11:11:50,862 - agentgate.task.scheduler - INFO - 找到 0 个待执行任务
2026-09-01 11:12:00,867 - agentgate.task.scheduler - INFO - 开始扫描 PENDING 状态任务...
2026-09-01 11:12:00,868 - agentgate.task.scheduler - INFO - 找到 0 个待执行任务
2026-09-01 11:12:10,879 - agentgate.task.scheduler - INFO - 开始扫描 PENDING 状态任务...
2026-09-01 11:12:10,880 - agentgate.task.scheduler - INFO - 找到 0 个待执行任务
2026-09-01 11:12:20,881 - agentgate.task.scheduler - INFO - 开始扫描 PENDING 状态任务...
2026-09-01 11:12:20,882 - agentgate.task.scheduler - INFO - 找到 0 个待执行任务
2026-09-01 11:12:30,896 - agentgate.task.scheduler - INFO - 开始扫描 PENDING 状态任务...
2026-09-01 11:12:30,898 - agentgate.task.scheduler - INFO - 找到 0 个待执行任务
2026-09-01 11:12:40,899 - agentgate.task.scheduler - INFO - 开始扫描 PENDING 状态任务...
2026-09-01 11:12:40,900 - agentgate.task.scheduler - INFO - 找到 0 个待执行任务
2026-09-01 11:12:50,905 - agentgate.task.scheduler - INFO - 开始扫描 PENDING 状态任务...
2026-09-01 11:12:50,907 - agentgate.task.scheduler - INFO - 找到 0 个待执行任务
2026-09-01 11:13:00,918 - agentgate.task.scheduler - INFO - 开始扫描 PENDING 状态任务...
2026-09-01 11:13:00,919 - agentgate.task.scheduler - INFO - 找到 0 个待执行任务
2026-09-01 11:13:10,933 - agentgate.task.scheduler - INFO - 开始扫描 PENDING 状态任务...
2026-09-01 11:13:10,934 - agentgate.task.scheduler - INFO - 找到 0 个待执行任务
2026-09-01 11:13:20,946 - agentgate.task.scheduler - INFO - 开始扫描 PENDING 状态任务...
2026-09-01 11:13:20,948 - agentgate.task.scheduler - INFO - 找到 0 个待执行任务
2026-09-01 11:13:30,960 - agentgate.task.scheduler - INFO - 开始扫描 PENDING 状态任务...
2026-09-01 11:13:30,962 - agentgate.task.scheduler - INFO - 找到 0 个待执行任务
2026-09-01 11:13:40,976 - agentgate.task.scheduler - INFO - 开始扫描 PENDING 状态任务...
2026-09-01 11:13:40,978 - agentgate.task.scheduler - INFO - 找到 0 个待执行任务
2026-09-01 11:13:50,992 - agentgate.task.scheduler - INFO - 开始扫描 PENDING 状态任务...
2026-09-01 11:13:50,993 - agentgate.task.scheduler - INFO - 找到 0 个待执行任务
2026-09-01 11:14:01,003 - agentgate.task.scheduler - INFO - 开始扫描 PENDING 状态任务...
2026-09-01 11:14:01,004 - agentgate.task.scheduler - INFO - 找到 0 个待执行任务
2026-09-01 11:14:11,008 - agentgate.task.scheduler - INFO - 开始扫描 PENDING 状态任务...
2026-09-01 11:14:11,009 - agentgate.task.scheduler - INFO - 找到 0 个待执行任务
2026-09-01 11:14:21,018 - agentgate.task.scheduler - INFO - 开始扫描 PENDING 状态任务...
2026-09-01 11:14:21,019 - agentgate.task.scheduler - INFO - 找到 0 个待执行任务
2026-09-01 11:14:31,035 - agentgate.task.scheduler - INFO - 开始扫描 PENDING 状态任务...
2026-09-01 11:14:31,036 - agentgate.task.scheduler - INFO - 找到 0 个待执行任务
2026-09-01 11:14:41,042 - agentgate.task.scheduler - INFO - 开始扫描 PENDING 状态任务...
2026-09-01 11:14:41,044 - agentgate.task.scheduler - INFO - 找到 0 个待执行任务
2026-09-01 11:14:51,060 - agentgate.task.scheduler - INFO - 开始扫描 PENDING 状态任务...
2026-09-01 11:14:51,062 - agentgate.task.scheduler - INFO - 找到 0 个待执行任务
2026-09-01 11:15:01,074 - agentgate.task.scheduler - INFO - 开始扫描 PENDING 状态任务...
2026-09-01 11:15:01,075 - agentgate.task.scheduler - INFO - 找到 0 个待执行任务
2026-09-01 11:15:11,079 - agentgate.task.scheduler - INFO - 开始扫描 PENDING 状态任务...
2026-09-01 11:15:11,081 - agentgate.task.scheduler - INFO - 找到 0 个待执行任务
2026-09-01 11:15:21,082 - agentgate.task.scheduler - INFO - 开始扫描 PENDING 状态任务...
2026-09-01 11:15:21,084 - agentgate.task.scheduler - INFO - 找到 0 个待执行任务
2026-09-01 11:15:31,085 - agentgate.task.scheduler - INFO - 开始扫描 PENDING 状态任务...
2026-09-01 11:15:31,086 - agentgate.task.scheduler - INFO - 找到 0 个待执行任务
2026-09-01 11:15:41,102 - agentgate.task.scheduler - INFO - 开始扫描 PENDING 状态任务...
2026-09-01 11:15:41,103 - agentgate.task.scheduler - INFO - 找到 0 个待执行任务
2026-09-01 11:15:51,109 - agentgate.task.scheduler - INFO - 开始扫描 PENDING 状态任务...
2026-09-01 11:15:51,110 - agentgate.task.scheduler - INFO - 找到 0 个待执行任务
2026-09-01 11:16:01,124 - agentgate.task.scheduler - INFO - 开始扫描 PENDING 状态任务...
2026-09-01 11:16:01,125 - agentgate.task.scheduler - INFO - 找到 0 个待执行任务
2026-09-01 11:16:11,141 - agentgate.task.scheduler - INFO - 开始扫描 PENDING 状态任务...
2026-09-01 11:16:11,142 - agentgate.task.scheduler - INFO - 找到 0 个待执行任务
2026-09-01 11:16:21,145 - agentgate.task.scheduler - INFO - 开始扫描 PENDING 状态任务...
2026-09-01 11:16:21,147 - agentgate.task.scheduler - INFO - 找到 0 个待执行任务
2026-09-01 11:16:31,155 - agentgate.task.scheduler - INFO - 开始扫描 PENDING 状态任务...
2026-09-01 11:16:31,156 - agentgate.task.scheduler - INFO - 找到 0 个待执行任务
2026-09-01 11:16:41,160 - agentgate.task.scheduler - INFO - 开始扫描 PENDING 状态任务...
2026-09-01 11:16:41,162 - agentgate.task.scheduler - INFO - 找到 0 个待执行任务
2026-09-01 11:16:51,166 - agentgate.task.scheduler - INFO - 开始扫描 PENDING 状态任务...
2026-09-01 11:16:51,167 - agentgate.task.scheduler - INFO - 找到 0 个待执行任务
2026-09-01 11:17:01,170 - agentgate.task.scheduler - INFO - 开始扫描 PENDING 状态任务...
2026-09-01 11:17:01,171 - agentgate.task.scheduler - INFO - 找到 0 个待执行任务
2026-09-01 11:17:11,181 - agentgate.task.scheduler - INFO - 开始扫描 PENDING 状态任务...
2026-09-01 11:17:11,182 - agentgate.task.scheduler - INFO - 找到 0 个待执行任务
2026-09-01 11:17:21,194 - agentgate.task.scheduler - INFO - 开始扫描 PENDING 状态任务...
2026-09-01 11:17:21,196 - agentgate.task.scheduler - INFO - 找到 0 个待执行任务
2026-09-01 11:17:31,205 - agentgate.task.scheduler - INFO - 开始扫描 PENDING 状态任务...
2026-09-01 11:17:31,207 - agentgate.task.scheduler - INFO - 找到 0 个待执行任务
2026-09-01 11:17:41,214 - agentgate.task.scheduler - INFO - 开始扫描 PENDING 状态任务...
2026-09-01 11:17:41,216 - agentgate.task.scheduler - INFO - 找到 0 个待执行任务
2026-09-01 11:17:51,226 - agentgate.task.scheduler - INFO - 开始扫描 PENDING 状态任务...
2026-09-01 11:17:51,228 - agentgate.task.scheduler - INFO - 找到 0 个待执行任务
2026-09-01 11:18:01,229 - agentgate.task.scheduler - INFO - 开始扫描 PENDING 状态任务...
2026-09-01 11:18:01,230 - agentgate.task.scheduler - INFO - 找到 0 个待执行任务
2026-09-01 11:18:11,236 - agentgate.task.scheduler - INFO - 开始扫描 PENDING 状态任务...
2026-09-01 11:18:11,237 - agentgate.task.scheduler - INFO - 找到 0 个待执行任务
2026-09-01 11:18:21,250 - agentgate.task.scheduler - INFO - 开始扫描 PENDING 状态任务...
2026-09-01 11:18:21,251 - agentgate.task.scheduler - INFO - 找到 0 个待执行任务
2026-09-01 11:18:31,259 - agentgate.task.scheduler - INFO - 开始扫描 PENDING 状态任务...
2026-09-01 11:18:31,260 - agentgate.task.scheduler - INFO - 找到 0 个待执行任务
2026-09-01 11:18:41,269 - agentgate.task.scheduler - INFO - 开始扫描 PENDING 状态任务...
2026-09-01 11:18:41,270 - agentgate.task.scheduler - INFO - 找到 0 个待执行任务
2026-09-01 11:18:51,284 - agentgate.task.scheduler - INFO - 开始扫描 PENDING 状态任务...
2026-09-01 11:18:51,285 - agentgate.task.scheduler - INFO - 找到 0 个待执行任务
2026-09-01 11:19:01,290 - agentgate.task.scheduler - INFO - 开始扫描 PENDING 状态任务...
2026-09-01 11:19:01,291 - agentgate.task.scheduler - INFO - 找到 0 个待执行任务
2026-09-01 11:19:11,306 - agentgate.task.scheduler - INFO - 开始扫描 PENDING 状态任务...
2026-09-01 11:19:11,308 - agentgate.task.scheduler - INFO - 找到 0 个待执行任务
2026-09-01 11:19:21,320 - agentgate.task.scheduler - INFO - 开始扫描 PENDING 状态任务...
2026-09-01 11:19:21,322 - agentgate.task.scheduler - INFO - 找到 0 个待执行任务
2026-09-01 11:19:31,334 - agentgate.task.scheduler - INFO - 开始扫描 PENDING 状态任务...
2026-09-01 11:19:31,335 - agentgate.task.scheduler - INFO - 找到 0 个待执行任务
2026-09-01 11:19:41,349 - agentgate.task.scheduler - INFO - 开始扫描 PENDING 状态任务...
2026-09-01 11:19:41,351 - agentgate.task.scheduler - INFO - 找到 0 个待执行任务
2026-09-01 11:19:51,352 - agentgate.task.scheduler - INFO - 开始扫描 PENDING 状态任务...
2026-09-01 11:19:51,353 - agentgate.task.scheduler - INFO - 找到 0 个待执行任务
2026-09-01 11:20:01,363 - agentgate.task.scheduler - INFO - 开始扫描 PENDING 状态任务...
2026-09-01 11:20:01,365 - agentgate.task.scheduler - INFO - 找到 0 个待执行任务
2026-09-01 11:20:11,368 - agentgate.task.scheduler - INFO - 开始扫描 PENDING 状态任务...
2026-09-01 11:20:11,370 - agentgate.task.scheduler - INFO - 找到 0 个待执行任务
2026-09-01 11:20:21,373 - agentgate.task.scheduler - INFO - 开始扫描 PENDING 状态任务...
2026-09-01 11:20:21,374 - agentgate.task.scheduler - INFO - 找到 0 个待执行任务
2026-09-01 11:20:31,383 - agentgate.task.scheduler - INFO - 开始扫描 PENDING 状态任务...
2026-09-01 11:20:31,385 - agentgate.task.scheduler - INFO - 找到 0 个待执行任务
2026-09-01 11:20:41,395 - agentgate.task.scheduler - INFO - 开始扫描 PENDING 状态任务...
2026-09-01 11:20:41,396 - agentgate.task.scheduler - INFO - 找到 0 个待执行任务
2026-09-01 11:20:51,397 - agentgate.task.scheduler - INFO - 开始扫描 PENDING 状态任务...
2026-09-01 11:20:51,399 - agentgate.task.scheduler - INFO - 找到 0 个待执行任务
2026-09-01 11:21:01,405 - agentgate.task.scheduler - INFO - 开始扫描 PENDING 状态任务...
2026-09-01 11:21:01,406 - agentgate.task.scheduler - INFO - 找到 0 个待执行任务
2026-09-01 11:21:11,413 - agentgate.task.scheduler - INFO - 开始扫描 PENDING 状态任务...
2026-09-01 11:21:11,414 - agentgate.task.scheduler - INFO - 找到 0 个待执行任务
2026-09-01 11:21:21,428 - agentgate.task.scheduler - INFO - 开始扫描 PENDING 状态任务...
2026-09-01 11:21:21,430 - agentgate.task.scheduler - INFO - 找到 0 个待执行任务
2026-09-01 11:21:31,439 - agentgate.task.scheduler - INFO - 开始扫描 PENDING 状态任务...
2026-09-01 11:21:31,441 - agentgate.task.scheduler - INFO - 找到 0 个待执行任务
2026-09-01 11:21:41,457 - agentgate.task.scheduler - INFO - 开始扫描 PENDING 状态任务...
2026-09-01 11:21:41,458 - agentgate.task.scheduler - INFO - 找到 0 个待执行任务
2026-09-01 11:21:51,472 - agentgate.task.scheduler - INFO - 开始扫描 PENDING 状态任务...
2026-09-01 11:21:51,473 - agentgate.task.scheduler - INFO - 找到 0 个待执行任务
2026-09-01 11:22:01,482 - agentgate.task.scheduler - INFO - 开始扫描 PENDING 状态任务...
2026-09-01 11:22:01,484 - agentgate.task.scheduler - INFO - 找到 0 个待执行任务
2026-09-01 11:22:11,498 - agentgate.task.scheduler - INFO - 开始扫描 PENDING 状态任务...
2026-09-01 11:22:11,500 - agentgate.task.scheduler - INFO - 找到 0 个待执行任务
2026-09-01 11:22:21,506 - agentgate.task.scheduler - INFO - 开始扫描 PENDING 状态任务...
2026-09-01 11:22:21,507 - agentgate.task.scheduler - INFO - 找到 0 个待执行任务
2026-09-01 11:22:31,521 - agentgate.task.scheduler - INFO - 开始扫描 PENDING 状态任务...
2026-09-01 11:22:31,523 - agentgate.task.scheduler - INFO - 找到 0 个待执行任务
2026-09-01 11:22:41,535 - agentgate.task.scheduler - INFO - 开始扫描 PENDING 状态任务...
2026-09-01 11:22:41,537 - agentgate.task.scheduler - INFO - 找到 0 个待执行任务
2026-09-01 11:22:51,538 - agentgate.task.scheduler - INFO - 开始扫描 PENDING 状态任务...
2026-09-01 11:22:51,540 - agentgate.task.scheduler - INFO - 找到 0 个待执行任务
2026-09-01 11:23:01,547 - agentgate.task.scheduler - INFO - 开始扫描 PENDING 状态任务...
2026-09-01 11:23:01,549 - agentgate.task.scheduler - INFO - 找到 0 个待执行任务
2026-09-01 11:23:11,557 - agentgate.task.scheduler - INFO - 开始扫描 PENDING 状态任务...
2026-09-01 11:23:11,559 - agentgate.task.scheduler - INFO - 找到 0 个待执行任务
2026-09-01 11:23:21,561 - agentgate.task.scheduler - INFO - 开始扫描 PENDING 状态任务...
2026-09-01 11:23:21,563 - agentgate.task.scheduler - INFO - 找到 0 个待执行任务
2026-09-01 11:23:31,565 - agentgate.task.scheduler - INFO - 开始扫描 PENDING 状态任务...
2026-09-01 11:23:31,566 - agentgate.task.scheduler - INFO - 找到 0 个待执行任务
2026-09-01 11:23:41,581 - agentgate.task.scheduler - INFO - 开始扫描 PENDING 状态任务...
2026-09-01 11:23:41,582 - agentgate.task.scheduler - INFO - 找到 0 个待执行任务
2026-09-01 11:23:51,582 - agentgate.task.scheduler - INFO - 开始扫描 PENDING 状态任务...
2026-09-01 11:23:51,584 - agentgate.task.scheduler - INFO - 找到 0 个待执行任务
2026-09-01 11:24:01,597 - agentgate.task.scheduler - INFO - 开始扫描 PENDING 状态任务...
2026-09-01 11:24:01,598 - agentgate.task.scheduler - INFO - 找到 0 个待执行任务
2026-09-01 11:24:11,608 - agentgate.task.scheduler - INFO - 开始扫描 PENDING 状态任务...
2026-09-01 11:24:11,609 - agentgate.task.scheduler - INFO - 找到 0 个待执行任务
2026-09-01 11:24:21,621 - agentgate.task.scheduler - INFO - 开始扫描 PENDING 状态任务...
2026-09-01 11:24:21,622 - agentgate.task.scheduler - INFO - 找到 0 个待执行任务
2026-09-01 11:24:31,632 - agentgate.task.scheduler - INFO - 开始扫描 PENDING 状态任务...
2026-09-01 11:24:31,633 - agentgate.task.scheduler - INFO - 找到 0 个待执行任务
2026-09-01 11:24:41,644 - agentgate.task.scheduler - INFO - 开始扫描 PENDING 状态任务...
2026-09-01 11:24:41,645 - agentgate.task.scheduler - INFO - 找到 0 个待执行任务
2026-09-01 11:24:51,652 - agentgate.task.scheduler - INFO - 开始扫描 PENDING 状态任务...
2026-09-01 11:24:51,654 - agentgate.task.scheduler - INFO - 找到 0 个待执行任务
2026-09-01 11:25:01,657 - agentgate.task.scheduler - INFO - 开始扫描 PENDING 状态任务...
2026-09-01 11:25:01,658 - agentgate.task.scheduler - INFO - 找到 0 个待执行任务
2026-09-01 11:25:11,670 - agentgate.task.scheduler - INFO - 开始扫描 PENDING 状态任务...
2026-09-01 11:25:11,672 - agentgate.task.scheduler - INFO - 找到 0 个待执行任务
2026-09-01 11:25:21,681 - agentgate.task.scheduler - INFO - 开始扫描 PENDING 状态任务...
2026-09-01 11:25:21,683 - agentgate.task.scheduler - INFO - 找到 0 个待执行任务
2026-09-01 11:25:31,692 - agentgate.task.scheduler - INFO - 开始扫描 PENDING 状态任务...
2026-09-01 11:25:31,693 - agentgate.task.scheduler - INFO - 找到 0 个待执行任务
2026-09-01 11:25:41,698 - agentgate.task.scheduler - INFO - 开始扫描 PENDING 状态任务...
2026-09-01 11:25:41,700 - agentgate.task.scheduler - INFO - 找到 0 个待执行任务
2026-09-01 11:25:51,705 - agentgate.task.scheduler - INFO - 开始扫描 PENDING 状态任务...
2026-09-01 11:25:51,706 - agentgate.task.scheduler - INFO - 找到 0 个待执行任务
2026-09-01 11:26:01,708 - agentgate.task.scheduler - INFO - 开始扫描 PENDING 状态任务...
2026-09-01 11:26:01,709 - agentgate.task.scheduler - INFO - 找到 0 个待执行任务
2026-09-01 11:26:11,721 - agentgate.task.scheduler - INFO - 开始扫描 PENDING 状态任务...
2026-09-01 11:26:11,722 - agentgate.task.scheduler - INFO - 找到 0 个待执行任务
2026-09-01 11:26:21,731 - agentgate.task.scheduler - INFO - 开始扫描 PENDING 状态任务...
2026-09-01 11:26:21,733 - agentgate.task.scheduler - INFO - 找到 0 个待执行任务
2026-09-01 11:26:31,744 - agentgate.task.scheduler - INFO - 开始扫描 PENDING 状态任务...
2026-09-01 11:26:31,745 - agentgate.task.scheduler - INFO - 找到 0 个待执行任务
2026-09-01 11:26:41,758 - agentgate.task.scheduler - INFO - 开始扫描 PENDING 状态任务...
2026-09-01 11:26:41,759 - agentgate.task.scheduler - INFO - 找到 0 个待执行任务
2026-09-01 11:26:51,766 - agentgate.task.scheduler - INFO - 开始扫描 PENDING 状态任务...
2026-09-01 11:26:51,768 - agentgate.task.scheduler - INFO - 找到 0 个待执行任务
2026-09-01 11:27:01,778 - agentgate.task.scheduler - INFO - 开始扫描 PENDING 状态任务...
2026-09-01 11:27:01,780 - agentgate.task.scheduler - INFO - 找到 0 个待执行任务
2026-09-01 11:27:11,783 - agentgate.task.scheduler - INFO - 开始扫描 PENDING 状态任务...
2026-09-01 11:27:11,785 - agentgate.task.scheduler - INFO - 找到 0 个待执行任务
2026-09-01 11:27:21,789 - agentgate.task.scheduler - INFO - 开始扫描 PENDING 状态任务...
2026-09-01 11:27:21,790 - agentgate.task.scheduler - INFO - 找到 0 个待执行任务
2026-09-01 11:27:31,793 - agentgate.task.scheduler - INFO - 开始扫描 PENDING 状态任务...
2026-09-01 11:27:31,794 - agentgate.task.scheduler - INFO - 找到 0 个待执行任务
2026-09-01 11:27:41,807 - agentgate.task.scheduler - INFO - 开始扫描 PENDING 状态任务...
2026-09-01 11:27:41,809 - agentgate.task.scheduler - INFO - 找到 0 个待执行任务
2026-09-01 11:27:51,812 - agentgate.task.scheduler - INFO - 开始扫描 PENDING 状态任务...
2026-09-01 11:27:51,813 - agentgate.task.scheduler - INFO - 找到 0 个待执行任务
2026-09-01 11:28:01,814 - agentgate.task.scheduler - INFO - 开始扫描 PENDING 状态任务...
2026-09-01 11:28:01,815 - agentgate.task.scheduler - INFO - 找到 0 个待执行任务
2026-09-01 11:28:11,825 - agentgate.task.scheduler - INFO - 开始扫描 PENDING 状态任务...
2026-09-01 11:28:11,827 - agentgate.task.scheduler - INFO - 找到 0 个待执行任务
2026-09-01 11:28:21,832 - agentgate.task.scheduler - INFO - 开始扫描 PENDING 状态任务...
2026-09-01 11:28:21,834 - agentgate.task.scheduler - INFO - 找到 0 个待执行任务
2026-09-01 11:28:31,840 - agentgate.task.scheduler - INFO - 开始扫描 PENDING 状态任务...
2026-09-01 11:28:31,841 - agentgate.task.scheduler - INFO - 找到 0 个待执行任务
2026-09-01 11:28:41,850 - agentgate.task.scheduler - INFO - 开始扫描 PENDING 状态任务...
2026-09-01 11:28:41,851 - agentgate.task.scheduler - INFO - 找到 0 个待执行任务
2026-09-01 11:28:51,854 - agentgate.task.scheduler - INFO - 开始扫描 PENDING 状态任务...
2026-09-01 11:28:51,855 - agentgate.task.scheduler - INFO - 找到 0 个待执行任务
2026-09-01 11:29:01,870 - agentgate.task.scheduler - INFO - 开始扫描 PENDING 状态任务...
2026-09-01 11:29:01,871 - agentgate.task.scheduler - INFO - 找到 0 个待执行任务
2026-09-01 11:29:11,887 - agentgate.task.scheduler - INFO - 开始扫描 PENDING 状态任务...
2026-09-01 11:29:11,889 - agentgate.task.scheduler - INFO - 找到 0 个待执行任务
2026-09-01 11:29:21,902 - agentgate.task.scheduler - INFO - 开始扫描 PENDING 状态任务...
2026-09-01 11:29:21,903 - agentgate.task.scheduler - INFO - 找到 0 个待执行任务
2026-09-01 11:29:31,913 - agentgate.task.scheduler - INFO - 开始扫描 PENDING 状态任务...
2026-09-01 11:29:31,914 - agentgate.task.scheduler - INFO - 找到 0 个待执行任务
2026-09-01 11:29:41,919 - agentgate.task.scheduler - INFO - 开始扫描 PENDING 状态任务...
2026-09-01 11:29:41,920 - agentgate.task.scheduler - INFO - 找到 0 个待执行任务
2026-09-01 11:29:51,922 - agentgate.task.scheduler - INFO - 开始扫描 PENDING 状态任务...
2026-09-01 11:29:51,923 - agentgate.task.scheduler - INFO - 找到 0 个待执行任务
2026-09-01 11:30:01,934 - agentgate.task.scheduler - INFO - 开始扫描 PENDING 状态任务...
2026-09-01 11:30:01,936 - agentgate.task.scheduler - INFO - 找到 0 个待执行任务
2026-09-01 11:30:11,952 - agentgate.task.scheduler - INFO - 开始扫描 PENDING 状态任务...
2026-09-01 11:30:11,953 - agentgate.task.scheduler - INFO - 找到 0 个待执行任务
2026-09-01 11:30:21,965 - agentgate.task.scheduler - INFO - 开始扫描 PENDING 状态任务...
2026-09-01 11:30:21,966 - agentgate.task.scheduler - INFO - 找到 0 个待执行任务
2026-09-01 11:30:31,979 - agentgate.task.scheduler - INFO - 开始扫描 PENDING 状态任务...
2026-09-01 11:30:31,981 - agentgate.task.scheduler - INFO - 找到 0 个待执行任务
2026-09-01 11:30:41,984 - agentgate.task.scheduler - INFO - 开始扫描 PENDING 状态任务...
2026-09-01 11:30:41,986 - agentgate.task.scheduler - INFO - 找到 0 个待执行任务
2026-09-01 11:30:51,996 - agentgate.task.scheduler - INFO - 开始扫描 PENDING 状态任务...
2026-09-01 11:30:51,998 - agentgate.task.scheduler - INFO - 找到 0 个待执行任务
2026-09-01 11:31:02,003 - agentgate.task.scheduler - INFO - 开始扫描 PENDING 状态任务...
2026-09-01 11:31:02,005 - agentgate.task.scheduler - INFO - 找到 0 个待执行任务
2026-09-01 11:31:12,009 - agentgate.task.scheduler - INFO - 开始扫描 PENDING 状态任务...
2026-09-01 11:31:12,011 - agentgate.task.scheduler - INFO - 找到 0 个待执行任务
2026-09-01 11:31:22,013 - agentgate.task.scheduler - INFO - 开始扫描 PENDING 状态任务...
2026-09-01 11:31:22,014 - agentgate.task.scheduler - INFO - 找到 0 个待执行任务
2026-09-01 11:31:32,028 - agentgate.task.scheduler - INFO - 开始扫描 PENDING 状态任务...
2026-09-01 11:31:32,029 - agentgate.task.scheduler - INFO - 找到 0 个待执行任务
2026-09-01 11:31:42,040 - agentgate.task.scheduler - INFO - 开始扫描 PENDING 状态任务...
2026-09-01 11:31:42,041 - agentgate.task.scheduler - INFO - 找到 0 个待执行任务
2026-09-01 11:31:52,056 - agentgate.task.scheduler - INFO - 开始扫描 PENDING 状态任务...
2026-09-01 11:31:52,058 - agentgate.task.scheduler - INFO - 找到 0 个待执行任务
2026-09-01 11:32:02,062 - agentgate.task.scheduler - INFO - 开始扫描 PENDING 状态任务...
2026-09-01 11:32:02,063 - agentgate.task.scheduler - INFO - 找到 0 个待执行任务
2026-09-01 11:32:12,066 - agentgate.task.scheduler - INFO - 开始扫描 PENDING 状态任务...
2026-09-01 11:32:12,068 - agentgate.task.scheduler - INFO - 找到 0 个待执行任务
2026-09-01 11:32:22,079 - agentgate.task.scheduler - INFO - 开始扫描 PENDING 状态任务...
2026-09-01 11:32:22,081 - agentgate.task.scheduler - INFO - 找到 0 个待执行任务
2026-09-01 11:32:32,085 - agentgate.task.scheduler - INFO - 开始扫描 PENDING 状态任务...
2026-09-01 11:32:32,087 - agentgate.task.scheduler - INFO - 找到 0 个待执行任务
2026-09-01 11:32:42,090 - agentgate.task.scheduler - INFO - 开始扫描 PENDING 状态任务...
2026-09-01 11:32:42,091 - agentgate.task.scheduler - INFO - 找到 0 个待执行任务
2026-09-01 11:32:52,097 - agentgate.task.scheduler - INFO - 开始扫描 PENDING 状态任务...
2026-09-01 11:32:52,099 - agentgate.task.scheduler - INFO - 找到 0 个待执行任务
2026-09-01 11:33:02,108 - agentgate.task.scheduler - INFO - 开始扫描 PENDING 状态任务...
2026-09-01 11:33:02,110 - agentgate.task.scheduler - INFO - 找到 0 个待执行任务
2026-09-01 11:33:12,113 - agentgate.task.scheduler - INFO - 开始扫描 PENDING 状态任务...
2026-09-01 11:33:12,113 - agentgate.task.scheduler - INFO - 找到 0 个待执行任务
2026-09-01 11:33:22,116 - agentgate.task.scheduler - INFO - 开始扫描 PENDING 状态任务...
2026-09-01 11:33:22,118 - agentgate.task.scheduler - INFO - 找到 0 个待执行任务
2026-09-01 11:33:32,118 - agentgate.task.scheduler - INFO - 开始扫描 PENDING 状态任务...
2026-09-01 11:33:32,119 - agentgate.task.scheduler - INFO - 找到 0 个待执行任务
2026-09-01 11:33:42,130 - agentgate.task.scheduler - INFO - 开始扫描 PENDING 状态任务...
2026-09-01 11:33:42,131 - agentgate.task.scheduler - INFO - 找到 0 个待执行任务
2026-09-01 11:33:52,140 - agentgate.task.scheduler - INFO - 开始扫描 PENDING 状态任务...
2026-09-01 11:33:52,142 - agentgate.task.scheduler - INFO - 找到 0 个待执行任务
2026-09-01 11:34:02,158 - agentgate.task.scheduler - INFO - 开始扫描 PENDING 状态任务...
2026-09-01 11:34:02,159 - agentgate.task.scheduler - INFO - 找到 0 个待执行任务
2026-09-01 11:34:12,167 - agentgate.task.scheduler - INFO - 开始扫描 PENDING 状态任务...
2026-09-01 11:34:12,169 - agentgate.task.scheduler - INFO - 找到 0 个待执行任务
2026-09-01 11:34:22,176 - agentgate.task.scheduler - INFO - 开始扫描 PENDING 状态任务...
2026-09-01 11:34:22,177 - agentgate.task.scheduler - INFO - 找到 0 个待执行任务
2026-09-01 11:34:32,191 - agentgate.task.scheduler - INFO - 开始扫描 PENDING 状态任务...
2026-09-01 11:34:32,192 - agentgate.task.scheduler - INFO - 找到 0 个待执行任务
2026-09-01 11:34:42,206 - agentgate.task.scheduler - INFO - 开始扫描 PENDING 状态任务...
2026-09-01 11:34:42,207 - agentgate.task.scheduler - INFO - 找到 0 个待执行任务
2026-09-01 11:34:52,215 - agentgate.task.scheduler - INFO - 开始扫描 PENDING 状态任务...
2026-09-01 11:34:52,217 - agentgate.task.scheduler - INFO - 找到 0 个待执行任务
2026-09-01 11:35:02,226 - agentgate.task.scheduler - INFO - 开始扫描 PENDING 状态任务...
2026-09-01 11:35:02,227 - agentgate.task.scheduler - INFO - 找到 0 个待执行任务
2026-09-01 11:35:12,240 - agentgate.task.scheduler - INFO - 开始扫描 PENDING 状态任务...
2026-09-01 11:35:12,242 - agentgate.task.scheduler - INFO - 找到 0 个待执行任务
2026-09-01 11:35:22,254 - agentgate.task.scheduler - INFO - 开始扫描 PENDING 状态任务...
2026-09-01 11:35:22,255 - agentgate.task.scheduler - INFO - 找到 0 个待执行任务
2026-09-01 11:35:32,267 - agentgate.task.scheduler - INFO - 开始扫描 PENDING 状态任务...
2026-09-01 11:35:32,269 - agentgate.task.scheduler - INFO - 找到 0 个待执行任务
2026-09-01 11:35:42,281 - agentgate.task.scheduler - INFO - 开始扫描 PENDING 状态任务...
2026-09-01 11:35:42,282 - agentgate.task.scheduler - INFO - 找到 0 个待执行任务
2026-09-01 11:35:52,293 - agentgate.task.scheduler - INFO - 开始扫描 PENDING 状态任务...
2026-09-01 11:35:52,295 - agentgate.task.scheduler - INFO - 找到 0 个待执行任务
2026-09-01 11:36:02,310 - agentgate.task.scheduler - INFO - 开始扫描 PENDING 状态任务...
2026-09-01 11:36:02,311 - agentgate.task.scheduler - INFO - 找到 0 个待执行任务
2026-09-01 11:36:12,315 - agentgate.task.scheduler - INFO - 开始扫描 PENDING 状态任务...
2026-09-01 11:36:12,317 - agentgate.task.scheduler - INFO - 找到 0 个待执行任务
2026-09-01 11:36:22,332 - agentgate.task.scheduler - INFO - 开始扫描 PENDING 状态任务...
2026-09-01 11:36:22,333 - agentgate.task.scheduler - INFO - 找到 0 个待执行任务
2026-09-01 11:36:32,335 - agentgate.task.scheduler - INFO - 开始扫描 PENDING 状态任务...
2026-09-01 11:36:32,337 - agentgate.task.scheduler - INFO - 找到 0 个待执行任务
2026-09-01 11:36:42,351 - agentgate.task.scheduler - INFO - 开始扫描 PENDING 状态任务...
2026-09-01 11:36:42,353 - agentgate.task.scheduler - INFO - 找到 0 个待执行任务
2026-09-01 11:36:52,365 - agentgate.task.scheduler - INFO - 开始扫描 PENDING 状态任务...
2026-09-01 11:36:52,366 - agentgate.task.scheduler - INFO - 找到 0 个待执行任务
2026-09-01 11:37:02,378 - agentgate.task.scheduler - INFO - 开始扫描 PENDING 状态任务...
2026-09-01 11:37:02,380 - agentgate.task.scheduler - INFO - 找到 0 个待执行任务
2026-09-01 11:37:12,389 - agentgate.task.scheduler - INFO - 开始扫描 PENDING 状态任务...
2026-09-01 11:37:12,391 - agentgate.task.scheduler - INFO - 找到 0 个待执行任务
2026-09-01 11:37:22,393 - agentgate.task.scheduler - INFO - 开始扫描 PENDING 状态任务...
2026-09-01 11:37:22,393 - agentgate.task.scheduler - INFO - 找到 0 个待执行任务
2026-09-01 11:37:32,402 - agentgate.task.scheduler - INFO - 开始扫描 PENDING 状态任务...
2026-09-01 11:37:32,404 - agentgate.task.scheduler - INFO - 找到 0 个待执行任务
2026-09-01 11:37:42,418 - agentgate.task.scheduler - INFO - 开始扫描 PENDING 状态任务...
2026-09-01 11:37:42,419 - agentgate.task.scheduler - INFO - 找到 0 个待执行任务
2026-09-01 11:37:52,422 - agentgate.task.scheduler - INFO - 开始扫描 PENDING 状态任务...
2026-09-01 11:37:52,423 - agentgate.task.scheduler - INFO - 找到 0 个待执行任务
2026-09-01 11:38:02,433 - agentgate.task.scheduler - INFO - 开始扫描 PENDING 状态任务...
2026-09-01 11:38:02,434 - agentgate.task.scheduler - INFO - 找到 0 个待执行任务
2026-09-01 11:38:12,443 - agentgate.task.scheduler - INFO - 开始扫描 PENDING 状态任务...
2026-09-01 11:38:12,444 - agentgate.task.scheduler - INFO - 找到 0 个待执行任务
2026-09-01 11:38:22,453 - agentgate.task.scheduler - INFO - 开始扫描 PENDING 状态任务...
2026-09-01 11:38:22,454 - agentgate.task.scheduler - INFO - 找到 0 个待执行任务
2026-09-01 11:38:32,470 - agentgate.task.scheduler - INFO - 开始扫描 PENDING 状态任务...
2026-09-01 11:38:32,471 - agentgate.task.scheduler - INFO - 找到 0 个待执行任务
2026-09-01 11:38:42,472 - agentgate.task.scheduler - INFO - 开始扫描 PENDING 状态任务...
2026-09-01 11:38:42,474 - agentgate.task.scheduler - INFO - 找到 0 个待执行任务
2026-09-01 11:38:52,482 - agentgate.task.scheduler - INFO - 开始扫描 PENDING 状态任务...
2026-09-01 11:38:52,484 - agentgate.task.scheduler - INFO - 找到 0 个待执行任务
2026-09-01 11:39:02,492 - agentgate.task.scheduler - INFO - 开始扫描 PENDING 状态任务...
2026-09-01 11:39:02,493 - agentgate.task.scheduler - INFO - 找到 0 个待执行任务
2026-09-01 11:39:12,499 - agentgate.task.scheduler - INFO - 开始扫描 PENDING 状态任务...
2026-09-01 11:39:12,500 - agentgate.task.scheduler - INFO - 找到 0 个待执行任务
2026-09-01 11:39:22,514 - agentgate.task.scheduler - INFO - 开始扫描 PENDING 状态任务...
2026-09-01 11:39:22,515 - agentgate.task.scheduler - INFO - 找到 0 个待执行任务
2026-09-01 11:39:32,522 - agentgate.task.scheduler - INFO - 开始扫描 PENDING 状态任务...
2026-09-01 11:39:32,523 - agentgate.task.scheduler - INFO - 找到 0 个待执行任务
2026-09-01 11:39:42,536 - agentgate.task.scheduler - INFO - 开始扫描 PENDING 状态任务...
2026-09-01 11:39:42,538 - agentgate.task.scheduler - INFO - 找到 0 个待执行任务
2026-09-01 11:39:52,550 - agentgate.task.scheduler - INFO - 开始扫描 PENDING 状态任务...
2026-09-01 11:39:52,552 - agentgate.task.scheduler - INFO - 找到 0 个待执行任务
2026-09-01 11:40:02,567 - agentgate.task.scheduler - INFO - 开始扫描 PENDING 状态任务...
2026-09-01 11:40:02,569 - agentgate.task.scheduler - INFO - 找到 0 个待执行任务
2026-09-01 11:40:12,573 - agentgate.task.scheduler - INFO - 开始扫描 PENDING 状态任务...
2026-09-01 11:40:12,575 - agentgate.task.scheduler - INFO - 找到 0 个待执行任务
2026-09-01 11:40:22,579 - agentgate.task.scheduler - INFO - 开始扫描 PENDING 状态任务...
2026-09-01 11:40:22,581 - agentgate.task.scheduler - INFO - 找到 0 个待执行任务
2026-09-01 11:40:32,598 - agentgate.task.scheduler - INFO - 开始扫描 PENDING 状态任务...
2026-09-01 11:40:32,599 - agentgate.task.scheduler - INFO - 找到 0 个待执行任务
2026-09-01 11:40:42,612 - agentgate.task.scheduler - INFO - 开始扫描 PENDING 状态任务...
2026-09-01 11:40:42,613 - agentgate.task.scheduler - INFO - 找到 0 个待执行任务
2026-09-01 11:40:52,625 - agentgate.task.scheduler - INFO - 开始扫描 PENDING 状态任务...
2026-09-01 11:40:52,627 - agentgate.task.scheduler - INFO - 找到 0 个待执行任务
2026-09-01 11:41:02,640 - agentgate.task.scheduler - INFO - 开始扫描 PENDING 状态任务...
2026-09-01 11:41:02,641 - agentgate.task.scheduler - INFO - 找到 0 个待执行任务
2026-09-01 11:41:12,643 - agentgate.task.scheduler - INFO - 开始扫描 PENDING 状态任务...
2026-09-01 11:41:12,645 - agentgate.task.scheduler - INFO - 找到 0 个待执行任务
2026-09-01 11:41:22,649 - agentgate.task.scheduler - INFO - 开始扫描 PENDING 状态任务...
2026-09-01 11:41:22,650 - agentgate.task.scheduler - INFO - 找到 0 个待执行任务
2026-09-01 11:41:32,655 - agentgate.task.scheduler - INFO - 开始扫描 PENDING 状态任务...
2026-09-01 11:41:32,657 - agentgate.task.scheduler - INFO - 找到 0 个待执行任务
2026-09-01 11:41:42,661 - agentgate.task.scheduler - INFO - 开始扫描 PENDING 状态任务...
2026-09-01 11:41:42,662 - agentgate.task.scheduler - INFO - 找到 0 个待执行任务
2026-09-01 11:41:52,676 - agentgate.task.scheduler - INFO - 开始扫描 PENDING 状态任务...
2026-09-01 11:41:52,677 - agentgate.task.scheduler - INFO - 找到 0 个待执行任务
2026-09-01 11:42:02,686 - agentgate.task.scheduler - INFO - 开始扫描 PENDING 状态任务...
2026-09-01 11:42:02,687 - agentgate.task.scheduler - INFO - 找到 0 个待执行任务
2026-09-01 11:42:12,703 - agentgate.task.scheduler - INFO - 开始扫描 PENDING 状态任务...
2026-09-01 11:42:12,704 - agentgate.task.scheduler - INFO - 找到 0 个待执行任务
2026-09-01 11:42:22,707 - agentgate.task.scheduler - INFO - 开始扫描 PENDING 状态任务...
2026-09-01 11:42:22,708 - agentgate.task.scheduler - INFO - 找到 0 个待执行任务
2026-09-01 11:42:32,720 - agentgate.task.scheduler - INFO - 开始扫描 PENDING 状态任务...
2026-09-01 11:42:32,721 - agentgate.task.scheduler - INFO - 找到 0 个待执行任务
2026-09-01 11:42:42,728 - agentgate.task.scheduler - INFO - 开始扫描 PENDING 状态任务...
2026-09-01 11:42:42,730 - agentgate.task.scheduler - INFO - 找到 0 个待执行任务
2026-09-01 11:42:52,744 - agentgate.task.scheduler - INFO - 开始扫描 PENDING 状态任务...
2026-09-01 11:42:52,745 - agentgate.task.scheduler - INFO - 找到 0 个待执行任务
2026-09-01 11:43:02,762 - agentgate.task.scheduler - INFO - 开始扫描 PENDING 状态任务...
2026-09-01 11:43:02,763 - agentgate.task.scheduler - INFO - 找到 0 个待执行任务
2026-09-01 11:43:12,775 - agentgate.task.scheduler - INFO - 开始扫描 PENDING 状态任务...
2026-09-01 11:43:12,777 - agentgate.task.scheduler - INFO - 找到 0 个待执行任务
2026-09-01 11:43:22,784 - agentgate.task.scheduler - INFO - 开始扫描 PENDING 状态任务...
2026-09-01 11:43:22,786 - agentgate.task.scheduler - INFO - 找到 0 个待执行任务
2026-09-01 11:43:32,798 - agentgate.task.scheduler - INFO - 开始扫描 PENDING 状态任务...
2026-09-01 11:43:32,800 - agentgate.task.scheduler - INFO - 找到 0 个待执行任务
2026-09-01 11:43:42,815 - agentgate.task.scheduler - INFO - 开始扫描 PENDING 状态任务...
2026-09-01 11:43:42,816 - agentgate.task.scheduler - INFO - 找到 0 个待执行任务
2026-09-01 11:43:52,821 - agentgate.task.scheduler - INFO - 开始扫描 PENDING 状态任务...
2026-09-01 11:43:52,823 - agentgate.task.scheduler - INFO - 找到 0 个待执行任务
2026-09-01 11:44:02,824 - agentgate.task.scheduler - INFO - 开始扫描 PENDING 状态任务...
2026-09-01 11:44:02,825 - agentgate.task.scheduler - INFO - 找到 0 个待执行任务
2026-09-01 11:44:12,829 - agentgate.task.scheduler - INFO - 开始扫描 PENDING 状态任务...
2026-09-01 11:44:12,831 - agentgate.task.scheduler - INFO - 找到 0 个待执行任务
2026-09-01 11:44:22,847 - agentgate.task.scheduler - INFO - 开始扫描 PENDING 状态任务...
2026-09-01 11:44:22,848 - agentgate.task.scheduler - INFO - 找到 0 个待执行任务
2026-09-01 11:44:32,862 - agentgate.task.scheduler - INFO - 开始扫描 PENDING 状态任务...
2026-09-01 11:44:32,863 - agentgate.task.scheduler - INFO - 找到 0 个待执行任务
2026-09-01 11:44:42,865 - agentgate.task.scheduler - INFO - 开始扫描 PENDING 状态任务...
2026-09-01 11:44:42,866 - agentgate.task.scheduler - INFO - 找到 0 个待执行任务
2026-09-01 11:44:52,882 - agentgate.task.scheduler - INFO - 开始扫描 PENDING 状态任务...
2026-09-01 11:44:52,884 - agentgate.task.scheduler - INFO - 找到 0 个待执行任务
2026-09-01 11:45:02,898 - agentgate.task.scheduler - INFO - 开始扫描 PENDING 状态任务...
2026-09-01 11:45:02,899 - agentgate.task.scheduler - INFO - 找到 0 个待执行任务
2026-09-01 11:45:12,911 - agentgate.task.scheduler - INFO - 开始扫描 PENDING 状态任务...
2026-09-01 11:45:12,912 - agentgate.task.scheduler - INFO - 找到 0 个待执行任务
2026-09-01 11:45:22,925 - agentgate.task.scheduler - INFO - 开始扫描 PENDING 状态任务...
2026-09-01 11:45:22,927 - agentgate.task.scheduler - INFO - 找到 0 个待执行任务
2026-09-01 11:45:32,928 - agentgate.task.scheduler - INFO - 开始扫描 PENDING 状态任务...
2026-09-01 11:45:32,930 - agentgate.task.scheduler - INFO - 找到 0 个待执行任务
2026-09-01 11:45:42,944 - agentgate.task.scheduler - INFO - 开始扫描 PENDING 状态任务...
2026-09-01 11:45:42,946 - agentgate.task.scheduler - INFO - 找到 0 个待执行任务
2026-09-01 11:45:52,959 - agentgate.task.scheduler - INFO - 开始扫描 PENDING 状态任务...
2026-09-01 11:45:52,960 - agentgate.task.scheduler - INFO - 找到 0 个待执行任务
2026-09-01 11:46:02,964 - agentgate.task.scheduler - INFO - 开始扫描 PENDING 状态任务...
2026-09-01 11:46:02,965 - agentgate.task.scheduler - INFO - 找到 0 个待执行任务
2026-09-01 11:46:12,975 - agentgate.task.scheduler - INFO - 开始扫描 PENDING 状态任务...
2026-09-01 11:46:12,976 - agentgate.task.scheduler - INFO - 找到 0 个待执行任务
2026-09-01 11:46:22,982 - agentgate.task.scheduler - INFO - 开始扫描 PENDING 状态任务...
2026-09-01 11:46:22,984 - agentgate.task.scheduler - INFO - 找到 0 个待执行任务
2026-09-01 11:46:32,991 - agentgate.task.scheduler - INFO - 开始扫描 PENDING 状态任务...
2026-09-01 11:46:32,993 - agentgate.task.scheduler - INFO - 找到 0 个待执行任务
2026-09-01 11:46:42,993 - agentgate.task.scheduler - INFO - 开始扫描 PENDING 状态任务...
2026-09-01 11:46:42,995 - agentgate.task.scheduler - INFO - 找到 0 个待执行任务
2026-09-01 11:46:53,004 - agentgate.task.scheduler - INFO - 开始扫描 PENDING 状态任务...
2026-09-01 11:46:53,006 - agentgate.task.scheduler - INFO - 找到 0 个待执行任务
2026-09-01 11:47:03,009 - agentgate.task.scheduler - INFO - 开始扫描 PENDING 状态任务...
2026-09-01 11:47:03,011 - agentgate.task.scheduler - INFO - 找到 0 个待执行任务
2026-09-01 11:47:13,015 - agentgate.task.scheduler - INFO - 开始扫描 PENDING 状态任务...
2026-09-01 11:47:13,016 - agentgate.task.scheduler - INFO - 找到 0 个待执行任务
2026-09-01 11:47:23,031 - agentgate.task.scheduler - INFO - 开始扫描 PENDING 状态任务...
2026-09-01 11:47:23,032 - agentgate.task.scheduler - INFO - 找到 0 个待执行任务
2026-09-01 11:47:33,036 - agentgate.task.scheduler - INFO - 开始扫描 PENDING 状态任务...
2026-09-01 11:47:33,038 - agentgate.task.scheduler - INFO - 找到 0 个待执行任务
2026-09-01 11:47:43,044 - agentgate.task.scheduler - INFO - 开始扫描 PENDING 状态任务...
2026-09-01 11:47:43,045 - agentgate.task.scheduler - INFO - 找到 0 个待执行任务
2026-09-01 11:47:53,060 - agentgate.task.scheduler - INFO - 开始扫描 PENDING 状态任务...
2026-09-01 11:47:53,062 - agentgate.task.scheduler - INFO - 找到 0 个待执行任务
2026-09-01 11:48:03,065 - agentgate.task.scheduler - INFO - 开始扫描 PENDING 状态任务...
2026-09-01 11:48:03,066 - agentgate.task.scheduler - INFO - 找到 0 个待执行任务
2026-09-01 11:48:13,075 - agentgate.task.scheduler - INFO - 开始扫描 PENDING 状态任务...
2026-09-01 11:48:13,077 - agentgate.task.scheduler - INFO - 找到 0 个待执行任务
2026-09-01 11:48:23,085 - agentgate.task.scheduler - INFO - 开始扫描 PENDING 状态任务...
2026-09-01 11:48:23,087 - agentgate.task.scheduler - INFO - 找到 0 个待执行任务
2026-09-01 11:48:33,088 - agentgate.task.scheduler - INFO - 开始扫描 PENDING 状态任务...
2026-09-01 11:48:33,089 - agentgate.task.scheduler - INFO - 找到 0 个待执行任务
2026-09-01 11:48:43,098 - agentgate.task.scheduler - INFO - 开始扫描 PENDING 状态任务...
2026-09-01 11:48:43,100 - agentgate.task.scheduler - INFO - 找到 0 个待执行任务
2026-09-01 11:48:53,116 - agentgate.task.scheduler - INFO - 开始扫描 PENDING 状态任务...
2026-09-01 11:48:53,117 - agentgate.task.scheduler - INFO - 找到 0 个待执行任务
2026-09-01 11:49:03,131 - agentgate.task.scheduler - INFO - 开始扫描 PENDING 状态任务...
2026-09-01 11:49:03,133 - agentgate.task.scheduler - INFO - 找到 0 个待执行任务
2026-09-01 11:49:13,144 - agentgate.task.scheduler - INFO - 开始扫描 PENDING 状态任务...
2026-09-01 11:49:13,146 - agentgate.task.scheduler - INFO - 找到 0 个待执行任务
2026-09-01 11:49:23,160 - agentgate.task.scheduler - INFO - 开始扫描 PENDING 状态任务...
2026-09-01 11:49:23,162 - agentgate.task.scheduler - INFO - 找到 0 个待执行任务
2026-09-01 11:49:33,168 - agentgate.task.scheduler - INFO - 开始扫描 PENDING 状态任务...
2026-09-01 11:49:33,169 - agentgate.task.scheduler - INFO - 找到 0 个待执行任务
2026-09-01 11:49:43,182 - agentgate.task.scheduler - INFO - 开始扫描 PENDING 状态任务...
2026-09-01 11:49:43,183 - agentgate.task.scheduler - INFO - 找到 0 个待执行任务
2026-09-01 11:49:53,195 - agentgate.task.scheduler - INFO - 开始扫描 PENDING 状态任务...
2026-09-01 11:49:53,197 - agentgate.task.scheduler - INFO - 找到 0 个待执行任务
2026-09-01 11:50:03,207 - agentgate.task.scheduler - INFO - 开始扫描 PENDING 状态任务...
2026-09-01 11:50:03,209 - agentgate.task.scheduler - INFO - 找到 0 个待执行任务
2026-09-01 11:50:13,223 - agentgate.task.scheduler - INFO - 开始扫描 PENDING 状态任务...
2026-09-01 11:50:13,225 - agentgate.task.scheduler - INFO - 找到 0 个待执行任务
2026-09-01 11:50:23,239 - agentgate.task.scheduler - INFO - 开始扫描 PENDING 状态任务...
2026-09-01 11:50:23,241 - agentgate.task.scheduler - INFO - 找到 0 个待执行任务
2026-09-01 11:50:33,253 - agentgate.task.scheduler - INFO - 开始扫描 PENDING 状态任务...
2026-09-01 11:50:33,255 - agentgate.task.scheduler - INFO - 找到 0 个待执行任务
2026-09-01 11:50:43,266 - agentgate.task.scheduler - INFO - 开始扫描 PENDING 状态任务...
2026-09-01 11:50:43,267 - agentgate.task.scheduler - INFO - 找到 0 个待执行任务
2026-09-01 11:50:53,277 - agentgate.task.scheduler - INFO - 开始扫描 PENDING 状态任务...
2026-09-01 11:50:53,279 - agentgate.task.scheduler - INFO - 找到 0 个待执行任务
2026-09-01 11:51:03,285 - agentgate.task.scheduler - INFO - 开始扫描 PENDING 状态任务...
2026-09-01 11:51:03,286 - agentgate.task.scheduler - INFO - 找到 0 个待执行任务
2026-09-01 11:51:13,287 - agentgate.task.scheduler - INFO - 开始扫描 PENDING 状态任务...
2026-09-01 11:51:13,288 - agentgate.task.scheduler - INFO - 找到 0 个待执行任务
2026-09-01 11:51:23,297 - agentgate.task.scheduler - INFO - 开始扫描 PENDING 状态任务...
2026-09-01 11:51:23,299 - agentgate.task.scheduler - INFO - 找到 0 个待执行任务
2026-09-01 11:51:33,311 - agentgate.task.scheduler - INFO - 开始扫描 PENDING 状态任务...
2026-09-01 11:51:33,312 - agentgate.task.scheduler - INFO - 找到 0 个待执行任务
2026-09-01 11:51:43,315 - agentgate.task.scheduler - INFO - 开始扫描 PENDING 状态任务...
2026-09-01 11:51:43,317 - agentgate.task.scheduler - INFO - 找到 0 个待执行任务
2026-09-01 11:51:53,332 - agentgate.task.scheduler - INFO - 开始扫描 PENDING 状态任务...
2026-09-01 11:51:53,333 - agentgate.task.scheduler - INFO - 找到 0 个待执行任务
2026-09-01 11:52:03,339 - agentgate.task.scheduler - INFO - 开始扫描 PENDING 状态任务...
2026-09-01 11:52:03,340 - agentgate.task.scheduler - INFO - 找到 0 个待执行任务
2026-09-01 11:52:13,343 - agentgate.task.scheduler - INFO - 开始扫描 PENDING 状态任务...
2026-09-01 11:52:13,345 - agentgate.task.scheduler - INFO - 找到 0 个待执行任务
2026-09-01 11:52:23,355 - agentgate.task.scheduler - INFO - 开始扫描 PENDING 状态任务...
2026-09-01 11:52:23,356 - agentgate.task.scheduler - INFO - 找到 0 个待执行任务
2026-09-01 11:52:33,365 - agentgate.task.scheduler - INFO - 开始扫描 PENDING 状态任务...
2026-09-01 11:52:33,367 - agentgate.task.scheduler - INFO - 找到 0 个待执行任务
2026-09-01 11:52:43,375 - agentgate.task.scheduler - INFO - 开始扫描 PENDING 状态任务...
2026-09-01 11:52:43,376 - agentgate.task.scheduler - INFO - 找到 0 个待执行任务
2026-09-01 11:52:53,391 - agentgate.task.scheduler - INFO - 开始扫描 PENDING 状态任务...
2026-09-01 11:52:53,393 - agentgate.task.scheduler - INFO - 找到 0 个待执行任务
2026-09-01 11:53:03,393 - agentgate.task.scheduler - INFO - 开始扫描 PENDING 状态任务...
2026-09-01 11:53:03,395 - agentgate.task.scheduler - INFO - 找到 0 个待执行任务
2026-09-01 11:53:13,403 - agentgate.task.scheduler - INFO - 开始扫描 PENDING 状态任务...
2026-09-01 11:53:13,404 - agentgate.task.scheduler - INFO - 找到 0 个待执行任务
2026-09-01 11:53:23,420 - agentgate.task.scheduler - INFO - 开始扫描 PENDING 状态任务...
2026-09-01 11:53:23,421 - agentgate.task.scheduler - INFO - 找到 0 个待执行任务
2026-09-01 11:53:33,422 - agentgate.task.scheduler - INFO - 开始扫描 PENDING 状态任务...
2026-09-01 11:53:33,424 - agentgate.task.scheduler - INFO - 找到 0 个待执行任务
2026-09-01 11:53:43,425 - agentgate.task.scheduler - INFO - 开始扫描 PENDING 状态任务...
2026-09-01 11:53:43,426 - agentgate.task.scheduler - INFO - 找到 0 个待执行任务
2026-09-01 11:53:53,429 - agentgate.task.scheduler - INFO - 开始扫描 PENDING 状态任务...
2026-09-01 11:53:53,430 - agentgate.task.scheduler - INFO - 找到 0 个待执行任务
2026-09-01 11:54:03,441 - agentgate.task.scheduler - INFO - 开始扫描 PENDING 状态任务...
2026-09-01 11:54:03,443 - agentgate.task.scheduler - INFO - 找到 0 个待执行任务
2026-09-01 11:54:13,448 - agentgate.task.scheduler - INFO - 开始扫描 PENDING 状态任务...
2026-09-01 11:54:13,449 - agentgate.task.scheduler - INFO - 找到 0 个待执行任务
2026-09-01 11:54:23,456 - agentgate.task.scheduler - INFO - 开始扫描 PENDING 状态任务...
2026-09-01 11:54:23,458 - agentgate.task.scheduler - INFO - 找到 0 个待执行任务
2026-09-01 11:54:33,466 - agentgate.task.scheduler - INFO - 开始扫描 PENDING 状态任务...
2026-09-01 11:54:33,468 - agentgate.task.scheduler - INFO - 找到 0 个待执行任务
2026-09-01 11:54:43,472 - agentgate.task.scheduler - INFO - 开始扫描 PENDING 状态任务...
2026-09-01 11:54:43,474 - agentgate.task.scheduler - INFO - 找到 0 个待执行任务
2026-09-01 11:54:53,485 - agentgate.task.scheduler - INFO - 开始扫描 PENDING 状态任务...
2026-09-01 11:54:53,487 - agentgate.task.scheduler - INFO - 找到 0 个待执行任务
2026-09-01 11:55:03,500 - agentgate.task.scheduler - INFO - 开始扫描 PENDING 状态任务...
2026-09-01 11:55:03,501 - agentgate.task.scheduler - INFO - 找到 0 个待执行任务
2026-09-01 11:55:13,504 - agentgate.task.scheduler - INFO - 开始扫描 PENDING 状态任务...
2026-09-01 11:55:13,506 - agentgate.task.scheduler - INFO - 找到 0 个待执行任务
2026-09-01 11:55:23,511 - agentgate.task.scheduler - INFO - 开始扫描 PENDING 状态任务...
2026-09-01 11:55:23,512 - agentgate.task.scheduler - INFO - 找到 0 个待执行任务
2026-09-01 11:55:33,529 - agentgate.task.scheduler - INFO - 开始扫描 PENDING 状态任务...
2026-09-01 11:55:33,530 - agentgate.task.scheduler - INFO - 找到 0 个待执行任务
2026-09-01 11:55:43,534 - agentgate.task.scheduler - INFO - 开始扫描 PENDING 状态任务...
2026-09-01 11:55:43,535 - agentgate.task.scheduler - INFO - 找到 0 个待执行任务
2026-09-01 11:55:53,538 - agentgate.task.scheduler - INFO - 开始扫描 PENDING 状态任务...
2026-09-01 11:55:53,540 - agentgate.task.scheduler - INFO - 找到 0 个待执行任务
2026-09-01 11:56:03,555 - agentgate.task.scheduler - INFO - 开始扫描 PENDING 状态任务...
2026-09-01 11:56:03,556 - agentgate.task.scheduler - INFO - 找到 0 个待执行任务
2026-09-01 11:56:13,567 - agentgate.task.scheduler - INFO - 开始扫描 PENDING 状态任务...
2026-09-01 11:56:13,569 - agentgate.task.scheduler - INFO - 找到 0 个待执行任务
2026-09-01 11:56:23,585 - agentgate.task.scheduler - INFO - 开始扫描 PENDING 状态任务...
2026-09-01 11:56:23,586 - agentgate.task.scheduler - INFO - 找到 0 个待执行任务
2026-09-01 11:56:33,601 - agentgate.task.scheduler - INFO - 开始扫描 PENDING 状态任务...
2026-09-01 11:56:33,602 - agentgate.task.scheduler - INFO - 找到 0 个待执行任务
2026-09-01 11:56:43,603 - agentgate.task.scheduler - INFO - 开始扫描 PENDING 状态任务...
2026-09-01 11:56:43,604 - agentgate.task.scheduler - INFO - 找到 0 个待执行任务
2026-09-01 11:56:53,608 - agentgate.task.scheduler - INFO - 开始扫描 PENDING 状态任务...
2026-09-01 11:56:53,610 - agentgate.task.scheduler - INFO - 找到 0 个待执行任务
2026-09-01 11:57:03,623 - agentgate.task.scheduler - INFO - 开始扫描 PENDING 状态任务...
2026-09-01 11:57:03,624 - agentgate.task.scheduler - INFO - 找到 0 个待执行任务
2026-09-01 11:57:13,625 - agentgate.task.scheduler - INFO - 开始扫描 PENDING 状态任务...
2026-09-01 11:57:13,626 - agentgate.task.scheduler - INFO - 找到 0 个待执行任务
2026-09-01 11:57:23,628 - agentgate.task.scheduler - INFO - 开始扫描 PENDING 状态任务...
2026-09-01 11:57:23,629 - agentgate.task.scheduler - INFO - 找到 0 个待执行任务
2026-09-01 11:57:33,630 - agentgate.task.scheduler - INFO - 开始扫描 PENDING 状态任务...
2026-09-01 11:57:33,632 - agentgate.task.scheduler - INFO - 找到 0 个待执行任务
2026-09-01 11:57:43,639 - agentgate.task.scheduler - INFO - 开始扫描 PENDING 状态任务...
2026-09-01 11:57:43,640 - agentgate.task.scheduler - INFO - 找到 0 个待执行任务
2026-09-01 11:57:53,650 - agentgate.task.scheduler - INFO - 开始扫描 PENDING 状态任务...
2026-09-01 11:57:53,651 - agentgate.task.scheduler - INFO - 找到 0 个待执行任务
2026-09-01 11:58:03,653 - agentgate.task.scheduler - INFO - 开始扫描 PENDING 状态任务...
2026-09-01 11:58:03,654 - agentgate.task.scheduler - INFO - 找到 0 个待执行任务
2026-09-01 11:58:13,664 - agentgate.task.scheduler - INFO - 开始扫描 PENDING 状态任务...
2026-09-01 11:58:13,665 - agentgate.task.scheduler - INFO - 找到 0 个待执行任务
2026-09-01 11:58:23,676 - agentgate.task.scheduler - INFO - 开始扫描 PENDING 状态任务...
2026-09-01 11:58:23,678 - agentgate.task.scheduler - INFO - 找到 0 个待执行任务
2026-09-01 11:58:33,683 - agentgate.task.scheduler - INFO - 开始扫描 PENDING 状态任务...
2026-09-01 11:58:33,685 - agentgate.task.scheduler - INFO - 找到 0 个待执行任务
2026-09-01 11:58:43,696 - agentgate.task.scheduler - INFO - 开始扫描 PENDING 状态任务...
2026-09-01 11:58:43,697 - agentgate.task.scheduler - INFO - 找到 0 个待执行任务
2026-09-01 11:58:53,706 - agentgate.task.scheduler - INFO - 开始扫描 PENDING 状态任务...
2026-09-01 11:58:53,708 - agentgate.task.scheduler - INFO - 找到 0 个待执行任务
2026-09-01 11:59:03,724 - agentgate.task.scheduler - INFO - 开始扫描 PENDING 状态任务...
2026-09-01 11:59:03,725 - agentgate.task.scheduler - INFO - 找到 0 个待执行任务
2026-09-01 11:59:13,739 - agentgate.task.scheduler - INFO - 开始扫描 PENDING 状态任务...
2026-09-01 11:59:13,741 - agentgate.task.scheduler - INFO - 找到 0 个待执行任务
2026-09-01 11:59:23,744 - agentgate.task.scheduler - INFO - 开始扫描 PENDING 状态任务...
2026-09-01 11:59:23,745 - agentgate.task.scheduler - INFO - 找到 0 个待执行任务
2026-09-01 11:59:33,760 - agentgate.task.scheduler - INFO - 开始扫描 PENDING 状态任务...
2026-09-01 11:59:33,762 - agentgate.task.scheduler - INFO - 找到 0 个待执行任务
2026-09-01 11:59:43,763 - agentgate.task.scheduler - INFO - 开始扫描 PENDING 状态任务...
2026-09-01 11:59:43,765 - agentgate.task.scheduler - INFO - 找到 0 个待执行任务
2026-09-01 11:59:53,776 - agentgate.task.scheduler - INFO - 开始扫描 PENDING 状态任务...
2026-09-01 11:59:53,778 - agentgate.task.scheduler - INFO - 找到 0 个待执行任务
2026-09-01 12:00:03,792 - agentgate.task.scheduler - INFO - 开始扫描 PENDING 状态任务...
2026-09-01 12:00:03,793 - agentgate.task.scheduler - INFO - 找到 0 个待执行任务
2026-09-01 12:00:13,796 - agentgate.task.scheduler - INFO - 开始扫描 PENDING 状态任务...
2026-09-01 12:00:13,797 - agentgate.task.scheduler - INFO - 找到 0 个待执行任务
2026-09-01 12:00:23,804 - agentgate.task.scheduler - INFO - 开始扫描 PENDING 状态任务...
2026-09-01 12:00:23,806 - agentgate.task.scheduler - INFO - 找到 0 个待执行任务
2026-09-01 12:00:33,822 - agentgate.task.scheduler - INFO - 开始扫描 PENDING 状态任务...
2026-09-01 12:00:33,823 - agentgate.task.scheduler - INFO - 找到 0 个待执行任务
2026-09-01 12:00:43,837 - agentgate.task.scheduler - INFO - 开始扫描 PENDING 状态任务...
2026-09-01 12:00:43,839 - agentgate.task.scheduler - INFO - 找到 0 个待执行任务
2026-09-01 12:00:53,849 - agentgate.task.scheduler - INFO - 开始扫描 PENDING 状态任务...
2026-09-01 12:00:53,850 - agentgate.task.scheduler - INFO - 找到 0 个待执行任务
2026-09-01 12:01:03,865 - agentgate.task.scheduler - INFO - 开始扫描 PENDING 状态任务...
2026-09-01 12:01:03,866 - agentgate.task.scheduler - INFO - 找到 0 个待执行任务
2026-09-01 12:01:13,877 - agentgate.task.scheduler - INFO - 开始扫描 PENDING 状态任务...
2026-09-01 12:01:13,879 - agentgate.task.scheduler - INFO - 找到 0 个待执行任务
2026-09-01 12:01:23,894 - agentgate.task.scheduler - INFO - 开始扫描 PENDING 状态任务...
2026-09-01 12:01:23,896 - agentgate.task.scheduler - INFO - 找到 0 个待执行任务
2026-09-01 12:01:33,904 - agentgate.task.scheduler - INFO - 开始扫描 PENDING 状态任务...
2026-09-01 12:01:33,906 - agentgate.task.scheduler - INFO - 找到 0 个待执行任务
2026-09-01 12:01:43,919 - agentgate.task.scheduler - INFO - 开始扫描 PENDING 状态任务...
2026-09-01 12:01:43,920 - agentgate.task.scheduler - INFO - 找到 0 个待执行任务
2026-09-01 12:01:53,923 - agentgate.task.scheduler - INFO - 开始扫描 PENDING 状态任务...
2026-09-01 12:01:53,925 - agentgate.task.scheduler - INFO - 找到 0 个待执行任务
2026-09-01 12:02:03,937 - agentgate.task.scheduler - INFO - 开始扫描 PENDING 状态任务...
2026-09-01 12:02:03,939 - agentgate.task.scheduler - INFO - 找到 0 个待执行任务
2026-09-01 12:02:13,946 - agentgate.task.scheduler - INFO - 开始扫描 PENDING 状态任务...
2026-09-01 12:02:13,948 - agentgate.task.scheduler - INFO - 找到 0 个待执行任务
2026-09-01 12:02:23,954 - agentgate.task.scheduler - INFO - 开始扫描 PENDING 状态任务...
2026-09-01 12:02:23,955 - agentgate.task.scheduler - INFO - 找到 0 个待执行任务
2026-09-01 12:02:33,958 - agentgate.task.scheduler - INFO - 开始扫描 PENDING 状态任务...
2026-09-01 12:02:33,959 - agentgate.task.scheduler - INFO - 找到 0 个待执行任务
2026-09-01 12:02:43,973 - agentgate.task.scheduler - INFO - 开始扫描 PENDING 状态任务...
2026-09-01 12:02:43,974 - agentgate.task.scheduler - INFO - 找到 0 个待执行任务
2026-09-01 12:02:53,979 - agentgate.task.scheduler - INFO - 开始扫描 PENDING 状态任务...
2026-09-01 12:02:53,981 - agentgate.task.scheduler - INFO - 找到 0 个待执行任务
2026-09-01 12:03:03,985 - agentgate.task.scheduler - INFO - 开始扫描 PENDING 状态任务...
2026-09-01 12:03:03,987 - agentgate.task.scheduler - INFO - 找到 0 个待执行任务
2026-09-01 12:03:13,998 - agentgate.task.scheduler - INFO - 开始扫描 PENDING 状态任务...
2026-09-01 12:03:14,000 - agentgate.task.scheduler - INFO - 找到 0 个待执行任务
2026-09-01 12:03:24,014 - agentgate.task.scheduler - INFO - 开始扫描 PENDING 状态任务...
2026-09-01 12:03:24,016 - agentgate.task.scheduler - INFO - 找到 0 个待执行任务
2026-09-01 12:03:34,017 - agentgate.task.scheduler - INFO - 开始扫描 PENDING 状态任务...
2026-09-01 12:03:34,018 - agentgate.task.scheduler - INFO - 找到 0 个待执行任务
2026-09-01 12:03:44,024 - agentgate.task.scheduler - INFO - 开始扫描 PENDING 状态任务...
2026-09-01 12:03:44,026 - agentgate.task.scheduler - INFO - 找到 0 个待执行任务
2026-09-01 12:03:54,031 - agentgate.task.scheduler - INFO - 开始扫描 PENDING 状态任务...
2026-09-01 12:03:54,033 - agentgate.task.scheduler - INFO - 找到 0 个待执行任务
2026-09-01 12:04:04,046 - agentgate.task.scheduler - INFO - 开始扫描 PENDING 状态任务...
2026-09-01 12:04:04,047 - agentgate.task.scheduler - INFO - 找到 0 个待执行任务
2026-09-01 12:04:14,050 - agentgate.task.scheduler - INFO - 开始扫描 PENDING 状态任务...
2026-09-01 12:04:14,052 - agentgate.task.scheduler - INFO - 找到 0 个待执行任务
2026-09-01 12:04:24,054 - agentgate.task.scheduler - INFO - 开始扫描 PENDING 状态任务...
2026-09-01 12:04:24,056 - agentgate.task.scheduler - INFO - 找到 0 个待执行任务
2026-09-01 12:04:34,063 - agentgate.task.scheduler - INFO - 开始扫描 PENDING 状态任务...
2026-09-01 12:04:34,065 - agentgate.task.scheduler - INFO - 找到 0 个待执行任务
2026-09-01 12:04:44,069 - agentgate.task.scheduler - INFO - 开始扫描 PENDING 状态任务...
2026-09-01 12:04:44,070 - agentgate.task.scheduler - INFO - 找到 0 个待执行任务
2026-09-01 12:04:54,082 - agentgate.task.scheduler - INFO - 开始扫描 PENDING 状态任务...
2026-09-01 12:04:54,084 - agentgate.task.scheduler - INFO - 找到 0 个待执行任务
2026-09-01 12:05:04,093 - agentgate.task.scheduler - INFO - 开始扫描 PENDING 状态任务...
2026-09-01 12:05:04,095 - agentgate.task.scheduler - INFO - 找到 0 个待执行任务
2026-09-01 12:05:14,097 - agentgate.task.scheduler - INFO - 开始扫描 PENDING 状态任务...
2026-09-01 12:05:14,098 - agentgate.task.scheduler - INFO - 找到 0 个待执行任务
2026-09-01 12:05:24,115 - agentgate.task.scheduler - INFO - 开始扫描 PENDING 状态任务...
2026-09-01 12:05:24,117 - agentgate.task.scheduler - INFO - 找到 0 个待执行任务
2026-09-01 12:05:34,126 - agentgate.task.scheduler - INFO - 开始扫描 PENDING 状态任务...
2026-09-01 12:05:34,128 - agentgate.task.scheduler - INFO - 找到 0 个待执行任务
2026-09-01 12:05:44,134 - agentgate.task.scheduler - INFO - 开始扫描 PENDING 状态任务...
2026-09-01 12:05:44,136 - agentgate.task.scheduler - INFO - 找到 0 个待执行任务
2026-09-01 12:05:54,139 - agentgate.task.scheduler - INFO - 开始扫描 PENDING 状态任务...
2026-09-01 12:05:54,141 - agentgate.task.scheduler - INFO - 找到 0 个待执行任务
2026-09-01 12:06:04,154 - agentgate.task.scheduler - INFO - 开始扫描 PENDING 状态任务...
2026-09-01 12:06:04,156 - agentgate.task.scheduler - INFO - 找到 0 个待执行任务
2026-09-01 12:06:14,168 - agentgate.task.scheduler - INFO - 开始扫描 PENDING 状态任务...
2026-09-01 12:06:14,169 - agentgate.task.scheduler - INFO - 找到 0 个待执行任务
2026-09-01 12:06:24,179 - agentgate.task.scheduler - INFO - 开始扫描 PENDING 状态任务...
2026-09-01 12:06:24,180 - agentgate.task.scheduler - INFO - 找到 0 个待执行任务
2026-09-01 12:06:34,184 - agentgate.task.scheduler - INFO - 开始扫描 PENDING 状态任务...
2026-09-01 12:06:34,185 - agentgate.task.scheduler - INFO - 找到 0 个待执行任务
2026-09-01 12:06:44,199 - agentgate.task.scheduler - INFO - 开始扫描 PENDING 状态任务...
2026-09-01 12:06:44,201 - agentgate.task.scheduler - INFO - 找到 0 个待执行任务
2026-09-01 12:06:54,208 - agentgate.task.scheduler - INFO - 开始扫描 PENDING 状态任务...
2026-09-01 12:06:54,210 - agentgate.task.scheduler - INFO - 找到 0 个待执行任务
2026-09-01 12:07:04,220 - agentgate.task.scheduler - INFO - 开始扫描 PENDING 状态任务...
2026-09-01 12:07:04,222 - agentgate.task.scheduler - INFO - 找到 0 个待执行任务
2026-09-01 12:07:14,223 - agentgate.task.scheduler - INFO - 开始扫描 PENDING 状态任务...
2026-09-01 12:07:14,225 - agentgate.task.scheduler - INFO - 找到 0 个待执行任务
2026-09-01 12:07:24,228 - agentgate.task.scheduler - INFO - 开始扫描 PENDING 状态任务...
2026-09-01 12:07:24,229 - agentgate.task.scheduler - INFO - 找到 0 个待执行任务
2026-09-01 12:07:34,241 - agentgate.task.scheduler - INFO - 开始扫描 PENDING 状态任务...
2026-09-01 12:07:34,243 - agentgate.task.scheduler - INFO - 找到 0 个待执行任务
2026-09-01 12:07:44,256 - agentgate.task.scheduler - INFO - 开始扫描 PENDING 状态任务...
2026-09-01 12:07:44,258 - agentgate.task.scheduler - INFO - 找到 0 个待执行任务
2026-09-01 12:07:54,272 - agentgate.task.scheduler - INFO - 开始扫描 PENDING 状态任务...
2026-09-01 12:07:54,274 - agentgate.task.scheduler - INFO - 找到 0 个待执行任务
2026-09-01 12:08:04,287 - agentgate.task.scheduler - INFO - 开始扫描 PENDING 状态任务...
2026-09-01 12:08:04,289 - agentgate.task.scheduler - INFO - 找到 0 个待执行任务
2026-09-01 12:08:14,293 - agentgate.task.scheduler - INFO - 开始扫描 PENDING 状态任务...
2026-09-01 12:08:14,294 - agentgate.task.scheduler - INFO - 找到 0 个待执行任务
2026-09-01 12:08:24,309 - agentgate.task.scheduler - INFO - 开始扫描 PENDING 状态任务...
2026-09-01 12:08:24,310 - agentgate.task.scheduler - INFO - 找到 0 个待执行任务
2026-09-01 12:08:34,315 - agentgate.task.scheduler - INFO - 开始扫描 PENDING 状态任务...
2026-09-01 12:08:34,317 - agentgate.task.scheduler - INFO - 找到 0 个待执行任务
2026-09-01 12:08:44,332 - agentgate.task.scheduler - INFO - 开始扫描 PENDING 状态任务...
2026-09-01 12:08:44,334 - agentgate.task.scheduler - INFO - 找到 0 个待执行任务
2026-09-01 12:08:54,348 - agentgate.task.scheduler - INFO - 开始扫描 PENDING 状态任务...
2026-09-01 12:08:54,350 - agentgate.task.scheduler - INFO - 找到 0 个待执行任务
2026-09-01 12:09:04,352 - agentgate.task.scheduler - INFO - 开始扫描 PENDING 状态任务...
2026-09-01 12:09:04,354 - agentgate.task.scheduler - INFO - 找到 0 个待执行任务
2026-09-01 12:09:14,366 - agentgate.task.scheduler - INFO - 开始扫描 PENDING 状态任务...
2026-09-01 12:09:14,368 - agentgate.task.scheduler - INFO - 找到 0 个待执行任务
2026-09-01 12:09:24,369 - agentgate.task.scheduler - INFO - 开始扫描 PENDING 状态任务...
2026-09-01 12:09:24,370 - agentgate.task.scheduler - INFO - 找到 0 个待执行任务
2026-09-01 12:09:34,373 - agentgate.task.scheduler - INFO - 开始扫描 PENDING 状态任务...
2026-09-01 12:09:34,374 - agentgate.task.scheduler - INFO - 找到 0 个待执行任务
2026-09-01 12:09:44,380 - agentgate.task.scheduler - INFO - 开始扫描 PENDING 状态任务...
2026-09-01 12:09:44,382 - agentgate.task.scheduler - INFO - 找到 0 个待执行任务
2026-09-01 12:09:54,384 - agentgate.task.scheduler - INFO - 开始扫描 PENDING 状态任务...
2026-09-01 12:09:54,385 - agentgate.task.scheduler - INFO - 找到 0 个待执行任务
2026-09-01 12:10:04,390 - agentgate.task.scheduler - INFO - 开始扫描 PENDING 状态任务...
2026-09-01 12:10:04,391 - agentgate.task.scheduler - INFO - 找到 0 个待执行任务
2026-09-01 12:10:14,403 - agentgate.task.scheduler - INFO - 开始扫描 PENDING 状态任务...
2026-09-01 12:10:14,404 - agentgate.task.scheduler - INFO - 找到 0 个待执行任务
2026-09-01 12:10:24,417 - agentgate.task.scheduler - INFO - 开始扫描 PENDING 状态任务...
2026-09-01 12:10:24,418 - agentgate.task.scheduler - INFO - 找到 0 个待执行任务
2026-09-01 12:10:34,434 - agentgate.task.scheduler - INFO - 开始扫描 PENDING 状态任务...
2026-09-01 12:10:34,435 - agentgate.task.scheduler - INFO - 找到 0 个待执行任务
2026-09-01 12:10:44,446 - agentgate.task.scheduler - INFO - 开始扫描 PENDING 状态任务...
2026-09-01 12:10:44,447 - agentgate.task.scheduler - INFO - 找到 0 个待执行任务
2026-09-01 12:10:54,460 - agentgate.task.scheduler - INFO - 开始扫描 PENDING 状态任务...
2026-09-01 12:10:54,462 - agentgate.task.scheduler - INFO - 找到 0 个待执行任务
2026-09-01 12:11:04,476 - agentgate.task.scheduler - INFO - 开始扫描 PENDING 状态任务...
2026-09-01 12:11:04,478 - agentgate.task.scheduler - INFO - 找到 0 个待执行任务
2026-09-01 12:11:14,478 - agentgate.task.scheduler - INFO - 开始扫描 PENDING 状态任务...
2026-09-01 12:11:14,480 - agentgate.task.scheduler - INFO - 找到 0 个待执行任务
2026-09-01 12:11:24,485 - agentgate.task.scheduler - INFO - 开始扫描 PENDING 状态任务...
2026-09-01 12:11:24,487 - agentgate.task.scheduler - INFO - 找到 0 个待执行任务
2026-09-01 12:11:34,493 - agentgate.task.scheduler - INFO - 开始扫描 PENDING 状态任务...
2026-09-01 12:11:34,494 - agentgate.task.scheduler - INFO - 找到 0 个待执行任务
2026-09-01 12:11:44,500 - agentgate.task.scheduler - INFO - 开始扫描 PENDING 状态任务...
2026-09-01 12:11:44,502 - agentgate.task.scheduler - INFO - 找到 0 个待执行任务
2026-09-01 12:11:54,508 - agentgate.task.scheduler - INFO - 开始扫描 PENDING 状态任务...
2026-09-01 12:11:54,509 - agentgate.task.scheduler - INFO - 找到 0 个待执行任务
2026-09-01 12:12:04,513 - agentgate.task.scheduler - INFO - 开始扫描 PENDING 状态任务...
2026-09-01 12:12:04,515 - agentgate.task.scheduler - INFO - 找到 0 个待执行任务
2026-09-01 12:12:14,521 - agentgate.task.scheduler - INFO - 开始扫描 PENDING 状态任务...
2026-09-01 12:12:14,523 - agentgate.task.scheduler - INFO - 找到 0 个待执行任务
2026-09-01 12:12:24,528 - agentgate.task.scheduler - INFO - 开始扫描 PENDING 状态任务...
2026-09-01 12:12:24,529 - agentgate.task.scheduler - INFO - 找到 0 个待执行任务
2026-09-01 12:12:34,533 - agentgate.task.scheduler - INFO - 开始扫描 PENDING 状态任务...
2026-09-01 12:12:34,535 - agentgate.task.scheduler - INFO - 找到 0 个待执行任务
2026-09-01 12:12:44,540 - agentgate.task.scheduler - INFO - 开始扫描 PENDING 状态任务...
2026-09-01 12:12:44,542 - agentgate.task.scheduler - INFO - 找到 0 个待执行任务
2026-09-01 12:12:54,556 - agentgate.task.scheduler - INFO - 开始扫描 PENDING 状态任务...
2026-09-01 12:12:54,557 - agentgate.task.scheduler - INFO - 找到 0 个待执行任务
2026-09-01 12:13:04,574 - agentgate.task.scheduler - INFO - 开始扫描 PENDING 状态任务...
2026-09-01 12:13:04,575 - agentgate.task.scheduler - INFO - 找到 0 个待执行任务
2026-09-01 12:13:14,587 - agentgate.task.scheduler - INFO - 开始扫描 PENDING 状态任务...
2026-09-01 12:13:14,588 - agentgate.task.scheduler - INFO - 找到 0 个待执行任务
2026-09-01 12:13:24,593 - agentgate.task.scheduler - INFO - 开始扫描 PENDING 状态任务...
2026-09-01 12:13:24,595 - agentgate.task.scheduler - INFO - 找到 0 个待执行任务
2026-09-01 12:13:34,602 - agentgate.task.scheduler - INFO - 开始扫描 PENDING 状态任务...
2026-09-01 12:13:34,604 - agentgate.task.scheduler - INFO - 找到 0 个待执行任务
2026-09-01 12:13:44,611 - agentgate.task.scheduler - INFO - 开始扫描 PENDING 状态任务...
2026-09-01 12:13:44,612 - agentgate.task.scheduler - INFO - 找到 0 个待执行任务
2026-09-01 12:13:54,617 - agentgate.task.scheduler - INFO - 开始扫描 PENDING 状态任务...
2026-09-01 12:13:54,618 - agentgate.task.scheduler - INFO - 找到 0 个待执行任务
2026-09-01 12:14:04,628 - agentgate.task.scheduler - INFO - 开始扫描 PENDING 状态任务...
2026-09-01 12:14:04,629 - agentgate.task.scheduler - INFO - 找到 0 个待执行任务
2026-09-01 12:14:14,634 - agentgate.task.scheduler - INFO - 开始扫描 PENDING 状态任务...
2026-09-01 12:14:14,636 - agentgate.task.scheduler - INFO - 找到 0 个待执行任务
2026-09-01 12:14:24,650 - agentgate.task.scheduler - INFO - 开始扫描 PENDING 状态任务...
2026-09-01 12:14:24,652 - agentgate.task.scheduler - INFO - 找到 0 个待执行任务
2026-09-01 12:14:34,661 - agentgate.task.scheduler - INFO - 开始扫描 PENDING 状态任务...
2026-09-01 12:14:34,663 - agentgate.task.scheduler - INFO - 找到 0 个待执行任务
2026-09-01 12:14:44,664 - agentgate.task.scheduler - INFO - 开始扫描 PENDING 状态任务...
2026-09-01 12:14:44,665 - agentgate.task.scheduler - INFO - 找到 0 个待执行任务
2026-09-01 12:14:54,669 - agentgate.task.scheduler - INFO - 开始扫描 PENDING 状态任务...
2026-09-01 12:14:54,670 - agentgate.task.scheduler - INFO - 找到 0 个待执行任务
2026-09-01 12:15:04,677 - agentgate.task.scheduler - INFO - 开始扫描 PENDING 状态任务...
2026-09-01 12:15:04,679 - agentgate.task.scheduler - INFO - 找到 0 个待执行任务
2026-09-01 12:15:14,680 - agentgate.task.scheduler - INFO - 开始扫描 PENDING 状态任务...
2026-09-01 12:15:14,682 - agentgate.task.scheduler - INFO - 找到 0 个待执行任务
2026-09-01 12:15:24,688 - agentgate.task.scheduler - INFO - 开始扫描 PENDING 状态任务...
2026-09-01 12:15:24,690 - agentgate.task.scheduler - INFO - 找到 0 个待执行任务
2026-09-01 12:15:34,702 - agentgate.task.scheduler - INFO - 开始扫描 PENDING 状态任务...
2026-09-01 12:15:34,703 - agentgate.task.scheduler - INFO - 找到 0 个待执行任务
2026-09-01 12:15:44,710 - agentgate.task.scheduler - INFO - 开始扫描 PENDING 状态任务...
2026-09-01 12:15:44,712 - agentgate.task.scheduler - INFO - 找到 0 个待执行任务
2026-09-01 12:15:54,719 - agentgate.task.scheduler - INFO - 开始扫描 PENDING 状态任务...
2026-09-01 12:15:54,720 - agentgate.task.scheduler - INFO - 找到 0 个待执行任务
2026-09-01 12:16:04,726 - agentgate.task.scheduler - INFO - 开始扫描 PENDING 状态任务...
2026-09-01 12:16:04,727 - agentgate.task.scheduler - INFO - 找到 0 个待执行任务
2026-09-01 12:16:14,743 - agentgate.task.scheduler - INFO - 开始扫描 PENDING 状态任务...
2026-09-01 12:16:14,744 - agentgate.task.scheduler - INFO - 找到 0 个待执行任务
2026-09-01 12:16:24,750 - agentgate.task.scheduler - INFO - 开始扫描 PENDING 状态任务...
2026-09-01 12:16:24,751 - agentgate.task.scheduler - INFO - 找到 0 个待执行任务
2026-09-01 12:16:34,755 - agentgate.task.scheduler - INFO - 开始扫描 PENDING 状态任务...
2026-09-01 12:16:34,757 - agentgate.task.scheduler - INFO - 找到 0 个待执行任务
2026-09-01 12:16:44,764 - agentgate.task.scheduler - INFO - 开始扫描 PENDING 状态任务...
2026-09-01 12:16:44,766 - agentgate.task.scheduler - INFO - 找到 0 个待执行任务
2026-09-01 12:16:54,770 - agentgate.task.scheduler - INFO - 开始扫描 PENDING 状态任务...
2026-09-01 12:16:54,771 - agentgate.task.scheduler - INFO - 找到 0 个待执行任务
2026-09-01 12:17:04,776 - agentgate.task.scheduler - INFO - 开始扫描 PENDING 状态任务...
2026-09-01 12:17:04,777 - agentgate.task.scheduler - INFO - 找到 0 个待执行任务
2026-09-01 12:17:14,791 - agentgate.task.scheduler - INFO - 开始扫描 PENDING 状态任务...
2026-09-01 12:17:14,792 - agentgate.task.scheduler - INFO - 找到 0 个待执行任务
2026-09-01 12:17:24,806 - agentgate.task.scheduler - INFO - 开始扫描 PENDING 状态任务...
2026-09-01 12:17:24,807 - agentgate.task.scheduler - INFO - 找到 0 个待执行任务
2026-09-01 12:17:34,819 - agentgate.task.scheduler - INFO - 开始扫描 PENDING 状态任务...
2026-09-01 12:17:34,821 - agentgate.task.scheduler - INFO - 找到 0 个待执行任务
2026-09-01 12:17:44,823 - agentgate.task.scheduler - INFO - 开始扫描 PENDING 状态任务...
2026-09-01 12:17:44,824 - agentgate.task.scheduler - INFO - 找到 0 个待执行任务
2026-09-01 12:17:54,838 - agentgate.task.scheduler - INFO - 开始扫描 PENDING 状态任务...
2026-09-01 12:17:54,839 - agentgate.task.scheduler - INFO - 找到 0 个待执行任务
2026-09-01 12:18:04,844 - agentgate.task.scheduler - INFO - 开始扫描 PENDING 状态任务...
2026-09-01 12:18:04,845 - agentgate.task.scheduler - INFO - 找到 0 个待执行任务
2026-09-01 12:18:14,849 - agentgate.task.scheduler - INFO - 开始扫描 PENDING 状态任务...
2026-09-01 12:18:14,851 - agentgate.task.scheduler - INFO - 找到 0 个待执行任务
2026-09-01 12:18:24,867 - agentgate.task.scheduler - INFO - 开始扫描 PENDING 状态任务...
2026-09-01 12:18:24,868 - agentgate.task.scheduler - INFO - 找到 0 个待执行任务
2026-09-01 12:18:34,878 - agentgate.task.scheduler - INFO - 开始扫描 PENDING 状态任务...
2026-09-01 12:18:34,879 - agentgate.task.scheduler - INFO - 找到 0 个待执行任务
2026-09-01 12:18:44,890 - agentgate.task.scheduler - INFO - 开始扫描 PENDING 状态任务...
2026-09-01 12:18:44,892 - agentgate.task.scheduler - INFO - 找到 0 个待执行任务
2026-09-01 12:18:54,894 - agentgate.task.scheduler - INFO - 开始扫描 PENDING 状态任务...
2026-09-01 12:18:54,895 - agentgate.task.scheduler - INFO - 找到 0 个待执行任务
2026-09-01 12:19:04,899 - agentgate.task.scheduler - INFO - 开始扫描 PENDING 状态任务...
2026-09-01 12:19:04,901 - agentgate.task.scheduler - INFO - 找到 0 个待执行任务
2026-09-01 12:19:14,916 - agentgate.task.scheduler - INFO - 开始扫描 PENDING 状态任务...
2026-09-01 12:19:14,918 - agentgate.task.scheduler - INFO - 找到 0 个待执行任务
2026-09-01 12:19:24,923 - agentgate.task.scheduler - INFO - 开始扫描 PENDING 状态任务...
2026-09-01 12:19:24,924 - agentgate.task.scheduler - INFO - 找到 0 个待执行任务
2026-09-01 12:19:34,936 - agentgate.task.scheduler - INFO - 开始扫描 PENDING 状态任务...
2026-09-01 12:19:34,938 - agentgate.task.scheduler - INFO - 找到 0 个待执行任务
2026-09-01 12:19:44,949 - agentgate.task.scheduler - INFO - 开始扫描 PENDING 状态任务...
2026-09-01 12:19:44,950 - agentgate.task.scheduler - INFO - 找到 0 个待执行任务
2026-09-01 12:19:54,965 - agentgate.task.scheduler - INFO - 开始扫描 PENDING 状态任务...
2026-09-01 12:19:54,966 - agentgate.task.scheduler - INFO - 找到 0 个待执行任务
2026-09-01 12:20:04,977 - agentgate.task.scheduler - INFO - 开始扫描 PENDING 状态任务...
2026-09-01 12:20:04,979 - agentgate.task.scheduler - INFO - 找到 0 个待执行任务
2026-09-01 12:20:14,979 - agentgate.task.scheduler - INFO - 开始扫描 PENDING 状态任务...
2026-09-01 12:20:14,981 - agentgate.task.scheduler - INFO - 找到 0 个待执行任务
2026-09-01 12:20:24,995 - agentgate.task.scheduler - INFO - 开始扫描 PENDING 状态任务...
2026-09-01 12:20:24,996 - agentgate.task.scheduler - INFO - 找到 0 个待执行任务
2026-09-01 12:20:35,003 - agentgate.task.scheduler - INFO - 开始扫描 PENDING 状态任务...
2026-09-01 12:20:35,005 - agentgate.task.scheduler - INFO - 找到 0 个待执行任务
2026-09-01 12:20:45,019 - agentgate.task.scheduler - INFO - 开始扫描 PENDING 状态任务...
2026-09-01 12:20:45,021 - agentgate.task.scheduler - INFO - 找到 0 个待执行任务
2026-09-01 12:20:55,032 - agentgate.task.scheduler - INFO - 开始扫描 PENDING 状态任务...
2026-09-01 12:20:55,034 - agentgate.task.scheduler - INFO - 找到 0 个待执行任务
2026-09-01 12:21:05,035 - agentgate.task.scheduler - INFO - 开始扫描 PENDING 状态任务...
2026-09-01 12:21:05,036 - agentgate.task.scheduler - INFO - 找到 0 个待执行任务
2026-09-01 12:21:15,049 - agentgate.task.scheduler - INFO - 开始扫描 PENDING 状态任务...
2026-09-01 12:21:15,050 - agentgate.task.scheduler - INFO - 找到 0 个待执行任务
2026-09-01 12:21:25,063 - agentgate.task.scheduler - INFO - 开始扫描 PENDING 状态任务...
2026-09-01 12:21:25,064 - agentgate.task.scheduler - INFO - 找到 0 个待执行任务
2026-09-01 12:21:35,068 - agentgate.task.scheduler - INFO - 开始扫描 PENDING 状态任务...
2026-09-01 12:21:35,070 - agentgate.task.scheduler - INFO - 找到 0 个待执行任务
2026-09-01 12:21:45,079 - agentgate.task.scheduler - INFO - 开始扫描 PENDING 状态任务...
2026-09-01 12:21:45,081 - agentgate.task.scheduler - INFO - 找到 0 个待执行任务
2026-09-01 12:21:55,083 - agentgate.task.scheduler - INFO - 开始扫描 PENDING 状态任务...
2026-09-01 12:21:55,085 - agentgate.task.scheduler - INFO - 找到 0 个待执行任务
2026-09-01 12:22:05,098 - agentgate.task.scheduler - INFO - 开始扫描 PENDING 状态任务...
2026-09-01 12:22:05,100 - agentgate.task.scheduler - INFO - 找到 0 个待执行任务
2026-09-01 12:22:15,103 - agentgate.task.scheduler - INFO - 开始扫描 PENDING 状态任务...
2026-09-01 12:22:15,105 - agentgate.task.scheduler - INFO - 找到 0 个待执行任务
2026-09-01 12:22:25,116 - agentgate.task.scheduler - INFO - 开始扫描 PENDING 状态任务...
2026-09-01 12:22:25,118 - agentgate.task.scheduler - INFO - 找到 0 个待执行任务
2026-09-01 12:22:35,125 - agentgate.task.scheduler - INFO - 开始扫描 PENDING 状态任务...
2026-09-01 12:22:35,127 - agentgate.task.scheduler - INFO - 找到 0 个待执行任务
2026-09-01 12:22:45,135 - agentgate.task.scheduler - INFO - 开始扫描 PENDING 状态任务...
2026-09-01 12:22:45,137 - agentgate.task.scheduler - INFO - 找到 0 个待执行任务
2026-09-01 12:22:55,149 - agentgate.task.scheduler - INFO - 开始扫描 PENDING 状态任务...
2026-09-01 12:22:55,151 - agentgate.task.scheduler - INFO - 找到 0 个待执行任务
2026-09-01 12:23:05,154 - agentgate.task.scheduler - INFO - 开始扫描 PENDING 状态任务...
2026-09-01 12:23:05,155 - agentgate.task.scheduler - INFO - 找到 0 个待执行任务
2026-09-01 12:23:15,160 - agentgate.task.scheduler - INFO - 开始扫描 PENDING 状态任务...
2026-09-01 12:23:15,161 - agentgate.task.scheduler - INFO - 找到 0 个待执行任务
2026-09-01 12:23:25,167 - agentgate.task.scheduler - INFO - 开始扫描 PENDING 状态任务...
2026-09-01 12:23:25,168 - agentgate.task.scheduler - INFO - 找到 0 个待执行任务
2026-09-01 12:23:35,169 - agentgate.task.scheduler - INFO - 开始扫描 PENDING 状态任务...
2026-09-01 12:23:35,171 - agentgate.task.scheduler - INFO - 找到 0 个待执行任务
2026-09-01 12:23:45,172 - agentgate.task.scheduler - INFO - 开始扫描 PENDING 状态任务...
2026-09-01 12:23:45,174 - agentgate.task.scheduler - INFO - 找到 0 个待执行任务
2026-09-01 12:23:55,187 - agentgate.task.scheduler - INFO - 开始扫描 PENDING 状态任务...
2026-09-01 12:23:55,188 - agentgate.task.scheduler - INFO - 找到 0 个待执行任务
2026-09-01 12:24:05,189 - agentgate.task.scheduler - INFO - 开始扫描 PENDING 状态任务...
2026-09-01 12:24:05,191 - agentgate.task.scheduler - INFO - 找到 0 个待执行任务
2026-09-01 12:24:15,197 - agentgate.task.scheduler - INFO - 开始扫描 PENDING 状态任务...
2026-09-01 12:24:15,199 - agentgate.task.scheduler - INFO - 找到 0 个待执行任务
2026-09-01 12:24:25,210 - agentgate.task.scheduler - INFO - 开始扫描 PENDING 状态任务...
2026-09-01 12:24:25,212 - agentgate.task.scheduler - INFO - 找到 0 个待执行任务
2026-09-01 12:24:35,223 - agentgate.task.scheduler - INFO - 开始扫描 PENDING 状态任务...
2026-09-01 12:24:35,225 - agentgate.task.scheduler - INFO - 找到 0 个待执行任务
2026-09-01 12:24:45,234 - agentgate.task.scheduler - INFO - 开始扫描 PENDING 状态任务...
2026-09-01 12:24:45,235 - agentgate.task.scheduler - INFO - 找到 0 个待执行任务
2026-09-01 12:24:55,241 - agentgate.task.scheduler - INFO - 开始扫描 PENDING 状态任务...
2026-09-01 12:24:55,242 - agentgate.task.scheduler - INFO - 找到 0 个待执行任务
2026-09-01 12:25:05,257 - agentgate.task.scheduler - INFO - 开始扫描 PENDING 状态任务...
2026-09-01 12:25:05,259 - agentgate.task.scheduler - INFO - 找到 0 个待执行任务
2026-09-01 13:57:17,975 - agentgate.task.scheduler - INFO - 开始扫描 PENDING 状态任务...
2026-09-01 13:57:17,976 - agentgate.task.scheduler - INFO - 找到 0 个待执行任务
2026-09-01 13:57:27,982 - agentgate.task.scheduler - INFO - 开始扫描 PENDING 状态任务...
2026-09-01 13:57:27,983 - agentgate.task.scheduler - INFO - 找到 0 个待执行任务
2026-09-01 13:57:37,993 - agentgate.task.scheduler - INFO - 开始扫描 PENDING 状态任务...
2026-09-01 13:57:37,994 - agentgate.task.scheduler - INFO - 找到 0 个待执行任务
2026-09-01 13:57:48,005 - agentgate.task.scheduler - INFO - 开始扫描 PENDING 状态任务...
2026-09-01 13:57:48,007 - agentgate.task.scheduler - INFO - 找到 0 个待执行任务
2026-09-01 13:57:58,015 - agentgate.task.scheduler - INFO - 开始扫描 PENDING 状态任务...
2026-09-01 13:57:58,017 - agentgate.task.scheduler - INFO - 找到 0 个待执行任务
2026-09-01 13:58:08,020 - agentgate.task.scheduler - INFO - 开始扫描 PENDING 状态任务...
2026-09-01 13:58:08,022 - agentgate.task.scheduler - INFO - 找到 0 个待执行任务
2026-09-01 13:58:18,030 - agentgate.task.scheduler - INFO - 开始扫描 PENDING 状态任务...
2026-09-01 13:58:18,031 - agentgate.task.scheduler - INFO - 找到 0 个待执行任务
2026-09-01 13:58:28,044 - agentgate.task.scheduler - INFO - 开始扫描 PENDING 状态任务...
2026-09-01 13:58:28,046 - agentgate.task.scheduler - INFO - 找到 0 个待执行任务
2026-09-01 13:58:38,056 - agentgate.task.scheduler - INFO - 开始扫描 PENDING 状态任务...
2026-09-01 13:58:38,058 - agentgate.task.scheduler - INFO - 找到 0 个待执行任务
2026-09-01 13:58:48,072 - agentgate.task.scheduler - INFO - 开始扫描 PENDING 状态任务...
2026-09-01 13:58:48,075 - agentgate.task.scheduler - INFO - 找到 0 个待执行任务
2026-09-01 13:58:58,082 - agentgate.task.scheduler - INFO - 开始扫描 PENDING 状态任务...
2026-09-01 13:58:58,084 - agentgate.task.scheduler - INFO - 找到 0 个待执行任务
2026-09-01 13:59:08,092 - agentgate.task.scheduler - INFO - 开始扫描 PENDING 状态任务...
2026-09-01 13:59:08,093 - agentgate.task.scheduler - INFO - 找到 0 个待执行任务
2026-09-01 13:59:18,095 - agentgate.task.scheduler - INFO - 开始扫描 PENDING 状态任务...
2026-09-01 13:59:18,096 - agentgate.task.scheduler - INFO - 找到 0 个待执行任务
2026-09-01 13:59:28,106 - agentgate.task.scheduler - INFO - 开始扫描 PENDING 状态任务...
2026-09-01 13:59:28,109 - agentgate.task.scheduler - INFO - 找到 0 个待执行任务
2026-09-01 13:59:38,118 - agentgate.task.scheduler - INFO - 开始扫描 PENDING 状态任务...
2026-09-01 13:59:38,119 - agentgate.task.scheduler - INFO - 找到 0 个待执行任务
2026-09-01 13:59:48,129 - agentgate.task.scheduler - INFO - 开始扫描 PENDING 状态任务...
2026-09-01 13:59:48,130 - agentgate.task.scheduler - INFO - 找到 0 个待执行任务
2026-09-01 13:59:58,132 - agentgate.task.scheduler - INFO - 开始扫描 PENDING 状态任务...
2026-09-01 13:59:58,133 - agentgate.task.scheduler - INFO - 找到 0 个待执行任务
2026-09-01 14:00:08,144 - agentgate.task.scheduler - INFO - 开始扫描 PENDING 状态任务...
2026-09-01 14:00:08,145 - agentgate.task.scheduler - INFO - 找到 0 个待执行任务
2026-09-01 14:00:18,154 - agentgate.task.scheduler - INFO - 开始扫描 PENDING 状态任务...
2026-09-01 14:00:18,155 - agentgate.task.scheduler - INFO - 找到 0 个待执行任务
2026-09-01 14:00:28,166 - agentgate.task.scheduler - INFO - 开始扫描 PENDING 状态任务...
2026-09-01 14:00:28,167 - agentgate.task.scheduler - INFO - 找到 0 个待执行任务
2026-09-01 14:00:38,178 - agentgate.task.scheduler - INFO - 开始扫描 PENDING 状态任务...
2026-09-01 14:00:38,179 - agentgate.task.scheduler - INFO - 找到 0 个待执行任务
2026-09-01 14:00:48,194 - agentgate.task.scheduler - INFO - 开始扫描 PENDING 状态任务...
2026-09-01 14:00:48,195 - agentgate.task.scheduler - INFO - 找到 0 个待执行任务
2026-09-01 14:00:58,203 - agentgate.task.scheduler - INFO - 开始扫描 PENDING 状态任务...
2026-09-01 14:00:58,204 - agentgate.task.scheduler - INFO - 找到 0 个待执行任务
2026-09-01 14:01:08,220 - agentgate.task.scheduler - INFO - 开始扫描 PENDING 状态任务...
2026-09-01 14:01:08,221 - agentgate.task.scheduler - INFO - 找到 0 个待执行任务
2026-09-01 14:01:18,227 - agentgate.task.scheduler - INFO - 开始扫描 PENDING 状态任务...
2026-09-01 14:01:18,228 - agentgate.task.scheduler - INFO - 找到 0 个待执行任务
2026-09-01 14:01:28,232 - agentgate.task.scheduler - INFO - 开始扫描 PENDING 状态任务...
2026-09-01 14:01:28,233 - agentgate.task.scheduler - INFO - 找到 0 个待执行任务
2026-09-01 14:01:38,242 - agentgate.task.scheduler - INFO - 开始扫描 PENDING 状态任务...
2026-09-01 14:01:38,243 - agentgate.task.scheduler - INFO - 找到 0 个待执行任务
2026-09-01 14:01:48,251 - agentgate.task.scheduler - INFO - 开始扫描 PENDING 状态任务...
2026-09-01 14:01:48,252 - agentgate.task.scheduler - INFO - 找到 0 个待执行任务
2026-09-01 14:01:58,255 - agentgate.task.scheduler - INFO - 开始扫描 PENDING 状态任务...
2026-09-01 14:01:58,256 - agentgate.task.scheduler - INFO - 找到 0 个待执行任务
2026-09-01 14:02:08,260 - agentgate.task.scheduler - INFO - 开始扫描 PENDING 状态任务...
2026-09-01 14:02:08,261 - agentgate.task.scheduler - INFO - 找到 0 个待执行任务
2026-09-01 14:02:18,267 - agentgate.task.scheduler - INFO - 开始扫描 PENDING 状态任务...
2026-09-01 14:02:18,268 - agentgate.task.scheduler - INFO - 找到 0 个待执行任务
2026-09-01 14:02:28,284 - agentgate.task.scheduler - INFO - 开始扫描 PENDING 状态任务...
2026-09-01 14:02:28,286 - agentgate.task.scheduler - INFO - 找到 0 个待执行任务
2026-09-01 14:02:38,299 - agentgate.task.scheduler - INFO - 开始扫描 PENDING 状态任务...
2026-09-01 14:02:38,301 - agentgate.task.scheduler - INFO - 找到 0 个待执行任务
2026-09-01 14:02:48,301 - agentgate.task.scheduler - INFO - 开始扫描 PENDING 状态任务...
2026-09-01 14:02:48,302 - agentgate.task.scheduler - INFO - 找到 0 个待执行任务
2026-09-01 14:02:58,305 - agentgate.task.scheduler - INFO - 开始扫描 PENDING 状态任务...
2026-09-01 14:02:58,306 - agentgate.task.scheduler - INFO - 找到 0 个待执行任务
2026-09-01 14:03:08,316 - agentgate.task.scheduler - INFO - 开始扫描 PENDING 状态任务...
2026-09-01 14:03:08,318 - agentgate.task.scheduler - INFO - 找到 0 个待执行任务
2026-09-01 14:03:18,330 - agentgate.task.scheduler - INFO - 开始扫描 PENDING 状态任务...
2026-09-01 14:03:18,332 - agentgate.task.scheduler - INFO - 找到 0 个待执行任务
2026-09-01 14:03:28,338 - agentgate.task.scheduler - INFO - 开始扫描 PENDING 状态任务...
2026-09-01 14:03:28,339 - agentgate.task.scheduler - INFO - 找到 0 个待执行任务
2026-09-01 14:03:38,347 - agentgate.task.scheduler - INFO - 开始扫描 PENDING 状态任务...
2026-09-01 14:03:38,348 - agentgate.task.scheduler - INFO - 找到 0 个待执行任务
2026-09-01 14:03:48,354 - agentgate.task.scheduler - INFO - 开始扫描 PENDING 状态任务...
2026-09-01 14:03:48,355 - agentgate.task.scheduler - INFO - 找到 0 个待执行任务
2026-09-01 14:03:58,361 - agentgate.task.scheduler - INFO - 开始扫描 PENDING 状态任务...
2026-09-01 14:03:58,362 - agentgate.task.scheduler - INFO - 找到 0 个待执行任务
2026-09-01 14:04:08,371 - agentgate.task.scheduler - INFO - 开始扫描 PENDING 状态任务...
2026-09-01 14:04:08,372 - agentgate.task.scheduler - INFO - 找到 0 个待执行任务
2026-09-01 14:04:18,374 - agentgate.task.scheduler - INFO - 开始扫描 PENDING 状态任务...
2026-09-01 14:04:18,376 - agentgate.task.scheduler - INFO - 找到 0 个待执行任务
2026-09-01 14:04:28,380 - agentgate.task.scheduler - INFO - 开始扫描 PENDING 状态任务...
2026-09-01 14:04:28,381 - agentgate.task.scheduler - INFO - 找到 0 个待执行任务
2026-09-01 14:04:38,387 - agentgate.task.scheduler - INFO - 开始扫描 PENDING 状态任务...
2026-09-01 14:04:38,389 - agentgate.task.scheduler - INFO - 找到 0 个待执行任务
2026-09-01 14:04:48,398 - agentgate.task.scheduler - INFO - 开始扫描 PENDING 状态任务...
2026-09-01 14:04:48,399 - agentgate.task.scheduler - INFO - 找到 0 个待执行任务
2026-09-01 14:04:58,410 - agentgate.task.scheduler - INFO - 开始扫描 PENDING 状态任务...
2026-09-01 14:04:58,412 - agentgate.task.scheduler - INFO - 找到 0 个待执行任务
2026-09-01 14:05:08,423 - agentgate.task.scheduler - INFO - 开始扫描 PENDING 状态任务...
2026-09-01 14:05:08,424 - agentgate.task.scheduler - INFO - 找到 0 个待执行任务
2026-09-01 14:05:18,433 - agentgate.task.scheduler - INFO - 开始扫描 PENDING 状态任务...
2026-09-01 14:05:18,434 - agentgate.task.scheduler - INFO - 找到 0 个待执行任务
2026-09-01 14:05:28,436 - agentgate.task.scheduler - INFO - 开始扫描 PENDING 状态任务...
2026-09-01 14:05:28,439 - agentgate.task.scheduler - INFO - 找到 0 个待执行任务
2026-09-01 14:05:38,451 - agentgate.task.scheduler - INFO - 开始扫描 PENDING 状态任务...
2026-09-01 14:05:38,453 - agentgate.task.scheduler - INFO - 找到 0 个待执行任务
2026-09-01 14:05:48,453 - agentgate.task.scheduler - INFO - 开始扫描 PENDING 状态任务...
2026-09-01 14:05:48,455 - agentgate.task.scheduler - INFO - 找到 0 个待执行任务
2026-09-01 14:05:58,459 - agentgate.task.scheduler - INFO - 开始扫描 PENDING 状态任务...
2026-09-01 14:05:58,461 - agentgate.task.scheduler - INFO - 找到 0 个待执行任务
2026-09-01 14:06:08,468 - agentgate.task.scheduler - INFO - 开始扫描 PENDING 状态任务...
2026-09-01 14:06:08,470 - agentgate.task.scheduler - INFO - 找到 0 个待执行任务
2026-09-01 14:06:18,473 - agentgate.task.scheduler - INFO - 开始扫描 PENDING 状态任务...
2026-09-01 14:06:18,475 - agentgate.task.scheduler - INFO - 找到 0 个待执行任务
2026-09-01 14:06:28,478 - agentgate.task.scheduler - INFO - 开始扫描 PENDING 状态任务...
2026-09-01 14:06:28,480 - agentgate.task.scheduler - INFO - 找到 0 个待执行任务
2026-09-01 14:06:38,494 - agentgate.task.scheduler - INFO - 开始扫描 PENDING 状态任务...
2026-09-01 14:06:38,496 - agentgate.task.scheduler - INFO - 找到 0 个待执行任务
2026-09-01 14:06:48,507 - agentgate.task.scheduler - INFO - 开始扫描 PENDING 状态任务...
2026-09-01 14:06:48,508 - agentgate.task.scheduler - INFO - 找到 0 个待执行任务
2026-09-01 14:06:58,523 - agentgate.task.scheduler - INFO - 开始扫描 PENDING 状态任务...
2026-09-01 14:06:58,524 - agentgate.task.scheduler - INFO - 找到 0 个待执行任务
2026-09-01 14:07:08,530 - agentgate.task.scheduler - INFO - 开始扫描 PENDING 状态任务...
2026-09-01 14:07:08,532 - agentgate.task.scheduler - INFO - 找到 0 个待执行任务
2026-09-01 14:07:18,533 - agentgate.task.scheduler - INFO - 开始扫描 PENDING 状态任务...
2026-09-01 14:07:18,535 - agentgate.task.scheduler - INFO - 找到 0 个待执行任务
2026-09-01 14:07:28,546 - agentgate.task.scheduler - INFO - 开始扫描 PENDING 状态任务...
2026-09-01 14:07:28,548 - agentgate.task.scheduler - INFO - 找到 0 个待执行任务
2026-09-01 14:07:38,552 - agentgate.task.scheduler - INFO - 开始扫描 PENDING 状态任务...
2026-09-01 14:07:38,553 - agentgate.task.scheduler - INFO - 找到 0 个待执行任务
2026-09-01 14:07:48,555 - agentgate.task.scheduler - INFO - 开始扫描 PENDING 状态任务...
2026-09-01 14:07:48,557 - agentgate.task.scheduler - INFO - 找到 0 个待执行任务
2026-09-01 14:07:58,558 - agentgate.task.scheduler - INFO - 开始扫描 PENDING 状态任务...
2026-09-01 14:07:58,560 - agentgate.task.scheduler - INFO - 找到 0 个待执行任务
2026-09-01 14:08:08,573 - agentgate.task.scheduler - INFO - 开始扫描 PENDING 状态任务...
2026-09-01 14:08:08,575 - agentgate.task.scheduler - INFO - 找到 0 个待执行任务
2026-09-01 14:08:18,576 - agentgate.task.scheduler - INFO - 开始扫描 PENDING 状态任务...
2026-09-01 14:08:18,578 - agentgate.task.scheduler - INFO - 找到 0 个待执行任务
2026-09-01 14:08:28,589 - agentgate.task.scheduler - INFO - 开始扫描 PENDING 状态任务...
2026-09-01 14:08:28,590 - agentgate.task.scheduler - INFO - 找到 0 个待执行任务
2026-09-01 14:08:38,602 - agentgate.task.scheduler - INFO - 开始扫描 PENDING 状态任务...
2026-09-01 14:08:38,604 - agentgate.task.scheduler - INFO - 找到 0 个待执行任务
2026-09-01 14:08:48,606 - agentgate.task.scheduler - INFO - 开始扫描 PENDING 状态任务...
2026-09-01 14:08:48,607 - agentgate.task.scheduler - INFO - 找到 0 个待执行任务
2026-09-01 14:08:58,619 - agentgate.task.scheduler - INFO - 开始扫描 PENDING 状态任务...
2026-09-01 14:08:58,620 - agentgate.task.scheduler - INFO - 找到 0 个待执行任务
2026-09-01 14:09:08,622 - agentgate.task.scheduler - INFO - 开始扫描 PENDING 状态任务...
2026-09-01 14:09:08,624 - agentgate.task.scheduler - INFO - 找到 0 个待执行任务
2026-09-01 14:09:18,637 - agentgate.task.scheduler - INFO - 开始扫描 PENDING 状态任务...
2026-09-01 14:09:18,638 - agentgate.task.scheduler - INFO - 找到 0 个待执行任务
2026-09-01 14:09:28,649 - agentgate.task.scheduler - INFO - 开始扫描 PENDING 状态任务...
2026-09-01 14:09:28,650 - agentgate.task.scheduler - INFO - 找到 0 个待执行任务
2026-09-01 14:09:38,660 - agentgate.task.scheduler - INFO - 开始扫描 PENDING 状态任务...
2026-09-01 14:09:38,661 - agentgate.task.scheduler - INFO - 找到 0 个待执行任务
2026-09-01 14:09:48,666 - agentgate.task.scheduler - INFO - 开始扫描 PENDING 状态任务...
2026-09-01 14:09:48,667 - agentgate.task.scheduler - INFO - 找到 0 个待执行任务
2026-09-01 14:09:58,671 - agentgate.task.scheduler - INFO - 开始扫描 PENDING 状态任务...
2026-09-01 14:09:58,672 - agentgate.task.scheduler - INFO - 找到 0 个待执行任务
2026-09-01 14:10:08,680 - agentgate.task.scheduler - INFO - 开始扫描 PENDING 状态任务...
2026-09-01 14:10:08,681 - agentgate.task.scheduler - INFO - 找到 0 个待执行任务
2026-09-01 14:10:18,693 - agentgate.task.scheduler - INFO - 开始扫描 PENDING 状态任务...
2026-09-01 14:10:18,694 - agentgate.task.scheduler - INFO - 找到 0 个待执行任务
2026-09-01 14:10:28,708 - agentgate.task.scheduler - INFO - 开始扫描 PENDING 状态任务...
2026-09-01 14:10:28,709 - agentgate.task.scheduler - INFO - 找到 0 个待执行任务
2026-09-01 14:10:38,715 - agentgate.task.scheduler - INFO - 开始扫描 PENDING 状态任务...
2026-09-01 14:10:38,717 - agentgate.task.scheduler - INFO - 找到 0 个待执行任务
2026-09-01 14:10:48,730 - agentgate.task.scheduler - INFO - 开始扫描 PENDING 状态任务...
2026-09-01 14:10:48,731 - agentgate.task.scheduler - INFO - 找到 0 个待执行任务
2026-09-01 14:10:58,734 - agentgate.task.scheduler - INFO - 开始扫描 PENDING 状态任务...
2026-09-01 14:10:58,736 - agentgate.task.scheduler - INFO - 找到 0 个待执行任务
2026-09-01 14:11:08,742 - agentgate.task.scheduler - INFO - 开始扫描 PENDING 状态任务...
2026-09-01 14:11:08,743 - agentgate.task.scheduler - INFO - 找到 0 个待执行任务
2026-09-01 14:11:18,749 - agentgate.task.scheduler - INFO - 开始扫描 PENDING 状态任务...
2026-09-01 14:11:18,750 - agentgate.task.scheduler - INFO - 找到 0 个待执行任务
2026-09-01 14:11:28,752 - agentgate.task.scheduler - INFO - 开始扫描 PENDING 状态任务...
2026-09-01 14:11:28,754 - agentgate.task.scheduler - INFO - 找到 0 个待执行任务
2026-09-01 14:11:38,767 - agentgate.task.scheduler - INFO - 开始扫描 PENDING 状态任务...
2026-09-01 14:11:38,768 - agentgate.task.scheduler - INFO - 找到 0 个待执行任务
2026-09-01 14:11:48,776 - agentgate.task.scheduler - INFO - 开始扫描 PENDING 状态任务...
2026-09-01 14:11:48,777 - agentgate.task.scheduler - INFO - 找到 0 个待执行任务
2026-09-01 14:11:58,786 - agentgate.task.scheduler - INFO - 开始扫描 PENDING 状态任务...
2026-09-01 14:11:58,787 - agentgate.task.scheduler - INFO - 找到 0 个待执行任务
2026-09-01 14:12:08,796 - agentgate.task.scheduler - INFO - 开始扫描 PENDING 状态任务...
2026-09-01 14:12:08,797 - agentgate.task.scheduler - INFO - 找到 0 个待执行任务
2026-09-01 14:12:18,802 - agentgate.task.scheduler - INFO - 开始扫描 PENDING 状态任务...
2026-09-01 14:12:18,804 - agentgate.task.scheduler - INFO - 找到 0 个待执行任务
2026-09-01 14:12:28,813 - agentgate.task.scheduler - INFO - 开始扫描 PENDING 状态任务...
2026-09-01 14:12:28,815 - agentgate.task.scheduler - INFO - 找到 0 个待执行任务
2026-09-01 14:12:38,817 - agentgate.task.scheduler - INFO - 开始扫描 PENDING 状态任务...
2026-09-01 14:12:38,819 - agentgate.task.scheduler - INFO - 找到 0 个待执行任务
2026-09-01 14:12:48,834 - agentgate.task.scheduler - INFO - 开始扫描 PENDING 状态任务...
2026-09-01 14:12:48,836 - agentgate.task.scheduler - INFO - 找到 0 个待执行任务
2026-09-01 14:12:58,847 - agentgate.task.scheduler - INFO - 开始扫描 PENDING 状态任务...
2026-09-01 14:12:58,849 - agentgate.task.scheduler - INFO - 找到 0 个待执行任务
2026-09-01 14:13:08,855 - agentgate.task.scheduler - INFO - 开始扫描 PENDING 状态任务...
2026-09-01 14:13:08,856 - agentgate.task.scheduler - INFO - 找到 0 个待执行任务
2026-09-01 14:13:18,861 - agentgate.task.scheduler - INFO - 开始扫描 PENDING 状态任务...
2026-09-01 14:13:18,862 - agentgate.task.scheduler - INFO - 找到 0 个待执行任务
2026-09-01 14:13:28,863 - agentgate.task.scheduler - INFO - 开始扫描 PENDING 状态任务...
2026-09-01 14:13:28,864 - agentgate.task.scheduler - INFO - 找到 0 个待执行任务
2026-09-01 14:13:38,867 - agentgate.task.scheduler - INFO - 开始扫描 PENDING 状态任务...
2026-09-01 14:13:38,869 - agentgate.task.scheduler - INFO - 找到 0 个待执行任务
2026-09-01 14:13:48,874 - agentgate.task.scheduler - INFO - 开始扫描 PENDING 状态任务...
2026-09-01 14:13:48,875 - agentgate.task.scheduler - INFO - 找到 0 个待执行任务
2026-09-01 14:13:58,884 - agentgate.task.scheduler - INFO - 开始扫描 PENDING 状态任务...
2026-09-01 14:13:58,885 - agentgate.task.scheduler - INFO - 找到 0 个待执行任务
2026-09-01 14:14:08,899 - agentgate.task.scheduler - INFO - 开始扫描 PENDING 状态任务...
2026-09-01 14:14:08,901 - agentgate.task.scheduler - INFO - 找到 0 个待执行任务
2026-09-01 14:14:18,906 - agentgate.task.scheduler - INFO - 开始扫描 PENDING 状态任务...
2026-09-01 14:14:18,908 - agentgate.task.scheduler - INFO - 找到 0 个待执行任务
2026-09-01 14:14:28,916 - agentgate.task.scheduler - INFO - 开始扫描 PENDING 状态任务...
2026-09-01 14:14:28,917 - agentgate.task.scheduler - INFO - 找到 0 个待执行任务
2026-09-01 14:14:38,921 - agentgate.task.scheduler - INFO - 开始扫描 PENDING 状态任务...
2026-09-01 14:14:38,922 - agentgate.task.scheduler - INFO - 找到 0 个待执行任务
2026-09-01 14:14:48,932 - agentgate.task.scheduler - INFO - 开始扫描 PENDING 状态任务...
2026-09-01 14:14:48,933 - agentgate.task.scheduler - INFO - 找到 0 个待执行任务
2026-09-01 14:14:58,943 - agentgate.task.scheduler - INFO - 开始扫描 PENDING 状态任务...
2026-09-01 14:14:58,945 - agentgate.task.scheduler - INFO - 找到 0 个待执行任务
2026-09-01 14:15:08,948 - agentgate.task.scheduler - INFO - 开始扫描 PENDING 状态任务...
2026-09-01 14:15:08,950 - agentgate.task.scheduler - INFO - 找到 0 个待执行任务
2026-09-01 14:15:18,959 - agentgate.task.scheduler - INFO - 开始扫描 PENDING 状态任务...
2026-09-01 14:15:18,960 - agentgate.task.scheduler - INFO - 找到 0 个待执行任务
2026-09-01 14:15:28,963 - agentgate.task.scheduler - INFO - 开始扫描 PENDING 状态任务...
2026-09-01 14:15:28,964 - agentgate.task.scheduler - INFO - 找到 0 个待执行任务
2026-09-01 14:15:38,978 - agentgate.task.scheduler - INFO - 开始扫描 PENDING 状态任务...
2026-09-01 14:15:38,980 - agentgate.task.scheduler - INFO - 找到 0 个待执行任务
2026-09-01 14:15:48,994 - agentgate.task.scheduler - INFO - 开始扫描 PENDING 状态任务...
2026-09-01 14:15:48,995 - agentgate.task.scheduler - INFO - 找到 0 个待执行任务
2026-09-01 14:15:59,008 - agentgate.task.scheduler - INFO - 开始扫描 PENDING 状态任务...
2026-09-01 14:15:59,010 - agentgate.task.scheduler - INFO - 找到 0 个待执行任务
2026-09-01 14:16:09,017 - agentgate.task.scheduler - INFO - 开始扫描 PENDING 状态任务...
2026-09-01 14:16:09,019 - agentgate.task.scheduler - INFO - 找到 0 个待执行任务
2026-09-01 14:16:19,030 - agentgate.task.scheduler - INFO - 开始扫描 PENDING 状态任务...
2026-09-01 14:16:19,032 - agentgate.task.scheduler - INFO - 找到 0 个待执行任务
2026-09-01 14:16:29,046 - agentgate.task.scheduler - INFO - 开始扫描 PENDING 状态任务...
2026-09-01 14:16:29,047 - agentgate.task.scheduler - INFO - 找到 0 个待执行任务
2026-09-01 14:16:39,060 - agentgate.task.scheduler - INFO - 开始扫描 PENDING 状态任务...
2026-09-01 14:16:39,061 - agentgate.task.scheduler - INFO - 找到 0 个待执行任务
2026-09-01 14:16:49,065 - agentgate.task.scheduler - INFO - 开始扫描 PENDING 状态任务...
2026-09-01 14:16:49,067 - agentgate.task.scheduler - INFO - 找到 0 个待执行任务
2026-09-01 14:16:59,072 - agentgate.task.scheduler - INFO - 开始扫描 PENDING 状态任务...
2026-09-01 14:16:59,074 - agentgate.task.scheduler - INFO - 找到 0 个待执行任务
2026-09-01 14:17:09,077 - agentgate.task.scheduler - INFO - 开始扫描 PENDING 状态任务...
2026-09-01 14:17:09,079 - agentgate.task.scheduler - INFO - 找到 0 个待执行任务
2026-09-01 14:17:19,091 - agentgate.task.scheduler - INFO - 开始扫描 PENDING 状态任务...
2026-09-01 14:17:19,093 - agentgate.task.scheduler - INFO - 找到 0 个待执行任务
2026-09-01 14:17:29,106 - agentgate.task.scheduler - INFO - 开始扫描 PENDING 状态任务...
2026-09-01 14:17:29,107 - agentgate.task.scheduler - INFO - 找到 0 个待执行任务
2026-09-01 14:17:39,111 - agentgate.task.scheduler - INFO - 开始扫描 PENDING 状态任务...
2026-09-01 14:17:39,113 - agentgate.task.scheduler - INFO - 找到 0 个待执行任务
2026-09-01 14:17:49,114 - agentgate.task.scheduler - INFO - 开始扫描 PENDING 状态任务...
2026-09-01 14:17:49,116 - agentgate.task.scheduler - INFO - 找到 0 个待执行任务
2026-09-01 14:17:59,125 - agentgate.task.scheduler - INFO - 开始扫描 PENDING 状态任务...
2026-09-01 14:17:59,127 - agentgate.task.scheduler - INFO - 找到 0 个待执行任务
2026-09-01 14:18:09,140 - agentgate.task.scheduler - INFO - 开始扫描 PENDING 状态任务...
2026-09-01 14:18:09,141 - agentgate.task.scheduler - INFO - 找到 0 个待执行任务
2026-09-01 14:18:19,152 - agentgate.task.scheduler - INFO - 开始扫描 PENDING 状态任务...
2026-09-01 14:18:19,153 - agentgate.task.scheduler - INFO - 找到 0 个待执行任务
2026-09-01 14:18:29,161 - agentgate.task.scheduler - INFO - 开始扫描 PENDING 状态任务...
2026-09-01 14:18:29,162 - agentgate.task.scheduler - INFO - 找到 0 个待执行任务
2026-09-01 14:18:39,171 - agentgate.task.scheduler - INFO - 开始扫描 PENDING 状态任务...
2026-09-01 14:18:39,172 - agentgate.task.scheduler - INFO - 找到 0 个待执行任务
2026-09-01 14:18:49,180 - agentgate.task.scheduler - INFO - 开始扫描 PENDING 状态任务...
2026-09-01 14:18:49,182 - agentgate.task.scheduler - INFO - 找到 0 个待执行任务
2026-09-01 14:18:59,195 - agentgate.task.scheduler - INFO - 开始扫描 PENDING 状态任务...
2026-09-01 14:18:59,197 - agentgate.task.scheduler - INFO - 找到 0 个待执行任务
2026-09-01 14:19:09,202 - agentgate.task.scheduler - INFO - 开始扫描 PENDING 状态任务...
2026-09-01 14:19:09,203 - agentgate.task.scheduler - INFO - 找到 0 个待执行任务
2026-09-01 14:19:19,204 - agentgate.task.scheduler - INFO - 开始扫描 PENDING 状态任务...
2026-09-01 14:19:19,206 - agentgate.task.scheduler - INFO - 找到 0 个待执行任务
2026-09-01 14:19:29,211 - agentgate.task.scheduler - INFO - 开始扫描 PENDING 状态任务...
2026-09-01 14:19:29,213 - agentgate.task.scheduler - INFO - 找到 0 个待执行任务
2026-09-01 14:19:39,222 - agentgate.task.scheduler - INFO - 开始扫描 PENDING 状态任务...
2026-09-01 14:19:39,223 - agentgate.task.scheduler - INFO - 找到 0 个待执行任务
2026-09-01 14:19:49,232 - agentgate.task.scheduler - INFO - 开始扫描 PENDING 状态任务...
2026-09-01 14:19:49,233 - agentgate.task.scheduler - INFO - 找到 0 个待执行任务
2026-09-01 14:19:59,234 - agentgate.task.scheduler - INFO - 开始扫描 PENDING 状态任务...
2026-09-01 14:19:59,236 - agentgate.task.scheduler - INFO - 找到 0 个待执行任务
2026-09-01 14:20:09,246 - agentgate.task.scheduler - INFO - 开始扫描 PENDING 状态任务...
2026-09-01 14:20:09,247 - agentgate.task.scheduler - INFO - 找到 0 个待执行任务
2026-09-01 14:20:19,254 - agentgate.task.scheduler - INFO - 开始扫描 PENDING 状态任务...
2026-09-01 14:20:19,256 - agentgate.task.scheduler - INFO - 找到 0 个待执行任务
2026-09-01 14:20:29,258 - agentgate.task.scheduler - INFO - 开始扫描 PENDING 状态任务...
2026-09-01 14:20:29,259 - agentgate.task.scheduler - INFO - 找到 0 个待执行任务
2026-09-01 14:20:39,267 - agentgate.task.scheduler - INFO - 开始扫描 PENDING 状态任务...
2026-09-01 14:20:39,268 - agentgate.task.scheduler - INFO - 找到 0 个待执行任务
2026-09-01 14:20:49,282 - agentgate.task.scheduler - INFO - 开始扫描 PENDING 状态任务...
2026-09-01 14:20:49,283 - agentgate.task.scheduler - INFO - 找到 0 个待执行任务
2026-09-01 14:20:59,287 - agentgate.task.scheduler - INFO - 开始扫描 PENDING 状态任务...
2026-09-01 14:20:59,288 - agentgate.task.scheduler - INFO - 找到 0 个待执行任务
2026-09-01 14:21:09,293 - agentgate.task.scheduler - INFO - 开始扫描 PENDING 状态任务...
2026-09-01 14:21:09,294 - agentgate.task.scheduler - INFO - 找到 0 个待执行任务
2026-09-01 14:21:19,296 - agentgate.task.scheduler - INFO - 开始扫描 PENDING 状态任务...
2026-09-01 14:21:19,297 - agentgate.task.scheduler - INFO - 找到 0 个待执行任务
2026-09-01 14:21:29,311 - agentgate.task.scheduler - INFO - 开始扫描 PENDING 状态任务...
2026-09-01 14:21:29,312 - agentgate.task.scheduler - INFO - 找到 0 个待执行任务
2026-09-01 14:21:39,323 - agentgate.task.scheduler - INFO - 开始扫描 PENDING 状态任务...
2026-09-01 14:21:39,324 - agentgate.task.scheduler - INFO - 找到 0 个待执行任务
2026-09-01 14:21:49,331 - agentgate.task.scheduler - INFO - 开始扫描 PENDING 状态任务...
2026-09-01 14:21:49,332 - agentgate.task.scheduler - INFO - 找到 0 个待执行任务
2026-09-01 14:21:59,342 - agentgate.task.scheduler - INFO - 开始扫描 PENDING 状态任务...
2026-09-01 14:21:59,344 - agentgate.task.scheduler - INFO - 找到 0 个待执行任务
2026-09-01 14:22:09,354 - agentgate.task.scheduler - INFO - 开始扫描 PENDING 状态任务...
2026-09-01 14:22:09,355 - agentgate.task.scheduler - INFO - 找到 0 个待执行任务
2026-09-01 14:22:19,363 - agentgate.task.scheduler - INFO - 开始扫描 PENDING 状态任务...
2026-09-01 14:22:19,364 - agentgate.task.scheduler - INFO - 找到 0 个待执行任务
2026-09-01 14:22:29,374 - agentgate.task.scheduler - INFO - 开始扫描 PENDING 状态任务...
2026-09-01 14:22:29,375 - agentgate.task.scheduler - INFO - 找到 0 个待执行任务
2026-09-01 14:22:39,388 - agentgate.task.scheduler - INFO - 开始扫描 PENDING 状态任务...
2026-09-01 14:22:39,389 - agentgate.task.scheduler - INFO - 找到 0 个待执行任务
2026-09-01 14:22:49,403 - agentgate.task.scheduler - INFO - 开始扫描 PENDING 状态任务...
2026-09-01 14:22:49,404 - agentgate.task.scheduler - INFO - 找到 0 个待执行任务
2026-09-01 14:22:59,407 - agentgate.task.scheduler - INFO - 开始扫描 PENDING 状态任务...
2026-09-01 14:22:59,409 - agentgate.task.scheduler - INFO - 找到 0 个待执行任务
2026-09-01 14:23:09,425 - agentgate.task.scheduler - INFO - 开始扫描 PENDING 状态任务...
2026-09-01 14:23:09,426 - agentgate.task.scheduler - INFO - 找到 0 个待执行任务
2026-09-01 14:23:19,432 - agentgate.task.scheduler - INFO - 开始扫描 PENDING 状态任务...
2026-09-01 14:23:19,434 - agentgate.task.scheduler - INFO - 找到 0 个待执行任务
2026-09-01 14:23:29,442 - agentgate.task.scheduler - INFO - 开始扫描 PENDING 状态任务...
2026-09-01 14:23:29,443 - agentgate.task.scheduler - INFO - 找到 0 个待执行任务
2026-09-01 14:23:39,457 - agentgate.task.scheduler - INFO - 开始扫描 PENDING 状态任务...
2026-09-01 14:23:39,459 - agentgate.task.scheduler - INFO - 找到 0 个待执行任务
2026-09-01 14:23:49,470 - agentgate.task.scheduler - INFO - 开始扫描 PENDING 状态任务...
2026-09-01 14:23:49,471 - agentgate.task.scheduler - INFO - 找到 0 个待执行任务
2026-09-01 14:23:59,475 - agentgate.task.scheduler - INFO - 开始扫描 PENDING 状态任务...
2026-09-01 14:23:59,476 - agentgate.task.scheduler - INFO - 找到 0 个待执行任务
2026-09-01 14:24:09,486 - agentgate.task.scheduler - INFO - 开始扫描 PENDING 状态任务...
2026-09-01 14:24:09,488 - agentgate.task.scheduler - INFO - 找到 0 个待执行任务
2026-09-01 14:24:19,500 - agentgate.task.scheduler - INFO - 开始扫描 PENDING 状态任务...
2026-09-01 14:24:19,501 - agentgate.task.scheduler - INFO - 找到 0 个待执行任务
2026-09-01 14:24:29,503 - agentgate.task.scheduler - INFO - 开始扫描 PENDING 状态任务...
2026-09-01 14:24:29,504 - agentgate.task.scheduler - INFO - 找到 0 个待执行任务
2026-09-01 14:24:39,518 - agentgate.task.scheduler - INFO - 开始扫描 PENDING 状态任务...
2026-09-01 14:24:39,519 - agentgate.task.scheduler - INFO - 找到 0 个待执行任务
2026-09-01 14:24:49,521 - agentgate.task.scheduler - INFO - 开始扫描 PENDING 状态任务...
2026-09-01 14:24:49,522 - agentgate.task.scheduler - INFO - 找到 0 个待执行任务
2026-09-01 14:24:59,535 - agentgate.task.scheduler - INFO - 开始扫描 PENDING 状态任务...
2026-09-01 14:24:59,536 - agentgate.task.scheduler - INFO - 找到 0 个待执行任务
2026-09-01 14:25:09,538 - agentgate.task.scheduler - INFO - 开始扫描 PENDING 状态任务...
2026-09-01 14:25:09,539 - agentgate.task.scheduler - INFO - 找到 0 个待执行任务
2026-09-01 14:25:19,543 - agentgate.task.scheduler - INFO - 开始扫描 PENDING 状态任务...
2026-09-01 14:25:19,545 - agentgate.task.scheduler - INFO - 找到 0 个待执行任务
2026-09-01 14:25:29,559 - agentgate.task.scheduler - INFO - 开始扫描 PENDING 状态任务...
2026-09-01 14:25:29,560 - agentgate.task.scheduler - INFO - 找到 0 个待执行任务
2026-09-01 14:25:39,570 - agentgate.task.scheduler - INFO - 开始扫描 PENDING 状态任务...
2026-09-01 14:25:39,571 - agentgate.task.scheduler - INFO - 找到 0 个待执行任务
2026-09-01 14:25:49,580 - agentgate.task.scheduler - INFO - 开始扫描 PENDING 状态任务...
2026-09-01 14:25:49,582 - agentgate.task.scheduler - INFO - 找到 0 个待执行任务
2026-09-01 14:25:59,588 - agentgate.task.scheduler - INFO - 开始扫描 PENDING 状态任务...
2026-09-01 14:25:59,590 - agentgate.task.scheduler - INFO - 找到 0 个待执行任务
2026-09-01 14:26:09,594 - agentgate.task.scheduler - INFO - 开始扫描 PENDING 状态任务...
2026-09-01 14:26:09,597 - agentgate.task.scheduler - INFO - 找到 0 个待执行任务
2026-09-01 14:26:19,602 - agentgate.task.scheduler - INFO - 开始扫描 PENDING 状态任务...
2026-09-01 14:26:19,604 - agentgate.task.scheduler - INFO - 找到 0 个待执行任务
2026-09-01 14:26:29,617 - agentgate.task.scheduler - INFO - 开始扫描 PENDING 状态任务...
2026-09-01 14:26:29,619 - agentgate.task.scheduler - INFO - 找到 0 个待执行任务
2026-09-01 14:26:39,631 - agentgate.task.scheduler - INFO - 开始扫描 PENDING 状态任务...
2026-09-01 14:26:39,632 - agentgate.task.scheduler - INFO - 找到 0 个待执行任务
2026-09-01 14:26:49,637 - agentgate.task.scheduler - INFO - 开始扫描 PENDING 状态任务...
2026-09-01 14:26:49,638 - agentgate.task.scheduler - INFO - 找到 0 个待执行任务
2026-09-01 14:26:59,648 - agentgate.task.scheduler - INFO - 开始扫描 PENDING 状态任务...
2026-09-01 14:26:59,650 - agentgate.task.scheduler - INFO - 找到 0 个待执行任务
2026-09-01 14:27:09,661 - agentgate.task.scheduler - INFO - 开始扫描 PENDING 状态任务...
2026-09-01 14:27:09,662 - agentgate.task.scheduler - INFO - 找到 0 个待执行任务
2026-09-01 14:27:19,677 - agentgate.task.scheduler - INFO - 开始扫描 PENDING 状态任务...
2026-09-01 14:27:19,678 - agentgate.task.scheduler - INFO - 找到 0 个待执行任务
2026-09-01 14:27:29,686 - agentgate.task.scheduler - INFO - 开始扫描 PENDING 状态任务...
2026-09-01 14:27:29,688 - agentgate.task.scheduler - INFO - 找到 0 个待执行任务
2026-09-01 14:27:39,705 - agentgate.task.scheduler - INFO - 开始扫描 PENDING 状态任务...
2026-09-01 14:27:39,707 - agentgate.task.scheduler - INFO - 找到 0 个待执行任务
2026-09-01 14:27:49,716 - agentgate.task.scheduler - INFO - 开始扫描 PENDING 状态任务...
2026-09-01 14:27:49,718 - agentgate.task.scheduler - INFO - 找到 0 个待执行任务
2026-09-01 14:27:59,735 - agentgate.task.scheduler - INFO - 开始扫描 PENDING 状态任务...
2026-09-01 14:27:59,736 - agentgate.task.scheduler - INFO - 找到 0 个待执行任务
2026-09-01 14:28:09,751 - agentgate.task.scheduler - INFO - 开始扫描 PENDING 状态任务...
2026-09-01 14:28:09,753 - agentgate.task.scheduler - INFO - 找到 0 个待执行任务
2026-09-01 14:28:19,773 - agentgate.task.scheduler - INFO - 开始扫描 PENDING 状态任务...
2026-09-01 14:28:19,774 - agentgate.task.scheduler - INFO - 找到 0 个待执行任务
2026-09-01 14:28:29,778 - agentgate.task.scheduler - INFO - 开始扫描 PENDING 状态任务...
2026-09-01 14:28:29,780 - agentgate.task.scheduler - INFO - 找到 0 个待执行任务
2026-09-01 14:28:39,794 - agentgate.task.scheduler - INFO - 开始扫描 PENDING 状态任务...
2026-09-01 14:28:39,795 - agentgate.task.scheduler - INFO - 找到 0 个待执行任务
2026-09-01 14:28:49,809 - agentgate.task.scheduler - INFO - 开始扫描 PENDING 状态任务...
2026-09-01 14:28:49,810 - agentgate.task.scheduler - INFO - 找到 0 个待执行任务
2026-09-01 14:28:59,823 - agentgate.task.scheduler - INFO - 开始扫描 PENDING 状态任务...
2026-09-01 14:28:59,824 - agentgate.task.scheduler - INFO - 找到 0 个待执行任务
2026-09-01 14:29:09,840 - agentgate.task.scheduler - INFO - 开始扫描 PENDING 状态任务...
2026-09-01 14:29:09,842 - agentgate.task.scheduler - INFO - 找到 0 个待执行任务
2026-09-01 14:29:19,849 - agentgate.task.scheduler - INFO - 开始扫描 PENDING 状态任务...
2026-09-01 14:29:19,850 - agentgate.task.scheduler - INFO - 找到 0 个待执行任务
2026-09-01 14:29:29,856 - agentgate.task.scheduler - INFO - 开始扫描 PENDING 状态任务...
2026-09-01 14:29:29,858 - agentgate.task.scheduler - INFO - 找到 0 个待执行任务
2026-09-01 14:29:39,872 - agentgate.task.scheduler - INFO - 开始扫描 PENDING 状态任务...
2026-09-01 14:29:39,874 - agentgate.task.scheduler - INFO - 找到 0 个待执行任务
2026-09-01 14:29:49,893 - agentgate.task.scheduler - INFO - 开始扫描 PENDING 状态任务...
2026-09-01 14:29:49,895 - agentgate.task.scheduler - INFO - 找到 0 个待执行任务
2026-09-01 14:29:59,909 - agentgate.task.scheduler - INFO - 开始扫描 PENDING 状态任务...
2026-09-01 14:29:59,910 - agentgate.task.scheduler - INFO - 找到 0 个待执行任务
2026-09-01 14:30:09,915 - agentgate.task.scheduler - INFO - 开始扫描 PENDING 状态任务...
2026-09-01 14:30:09,916 - agentgate.task.scheduler - INFO - 找到 0 个待执行任务
2026-09-01 14:30:19,926 - agentgate.task.scheduler - INFO - 开始扫描 PENDING 状态任务...
2026-09-01 14:30:19,928 - agentgate.task.scheduler - INFO - 找到 0 个待执行任务
2026-09-01 14:30:29,944 - agentgate.task.scheduler - INFO - 开始扫描 PENDING 状态任务...
2026-09-01 14:30:29,945 - agentgate.task.scheduler - INFO - 找到 0 个待执行任务
2026-09-01 14:30:39,951 - agentgate.task.scheduler - INFO - 开始扫描 PENDING 状态任务...
2026-09-01 14:30:39,953 - agentgate.task.scheduler - INFO - 找到 0 个待执行任务
2026-09-01 14:30:49,961 - agentgate.task.scheduler - INFO - 开始扫描 PENDING 状态任务...
2026-09-01 14:30:49,963 - agentgate.task.scheduler - INFO - 找到 0 个待执行任务
2026-09-01 14:30:59,975 - agentgate.task.scheduler - INFO - 开始扫描 PENDING 状态任务...
2026-09-01 14:30:59,976 - agentgate.task.scheduler - INFO - 找到 0 个待执行任务
2026-09-01 14:31:09,994 - agentgate.task.scheduler - INFO - 开始扫描 PENDING 状态任务...
2026-09-01 14:31:09,995 - agentgate.task.scheduler - INFO - 找到 0 个待执行任务
2026-09-01 14:31:20,006 - agentgate.task.scheduler - INFO - 开始扫描 PENDING 状态任务...
2026-09-01 14:31:20,007 - agentgate.task.scheduler - INFO - 找到 0 个待执行任务
2026-09-01 14:31:30,017 - agentgate.task.scheduler - INFO - 开始扫描 PENDING 状态任务...
2026-09-01 14:31:30,019 - agentgate.task.scheduler - INFO - 找到 0 个待执行任务
2026-09-01 14:31:40,027 - agentgate.task.scheduler - INFO - 开始扫描 PENDING 状态任务...
2026-09-01 14:31:40,028 - agentgate.task.scheduler - INFO - 找到 0 个待执行任务
2026-09-01 14:31:50,037 - agentgate.task.scheduler - INFO - 开始扫描 PENDING 状态任务...
2026-09-01 14:31:50,038 - agentgate.task.scheduler - INFO - 找到 0 个待执行任务
2026-09-01 14:32:00,048 - agentgate.task.scheduler - INFO - 开始扫描 PENDING 状态任务...
2026-09-01 14:32:00,049 - agentgate.task.scheduler - INFO - 找到 0 个待执行任务
2026-09-01 14:32:10,052 - agentgate.task.scheduler - INFO - 开始扫描 PENDING 状态任务...
2026-09-01 14:32:10,053 - agentgate.task.scheduler - INFO - 找到 0 个待执行任务
2026-09-01 14:32:20,055 - agentgate.task.scheduler - INFO - 开始扫描 PENDING 状态任务...
2026-09-01 14:32:20,056 - agentgate.task.scheduler - INFO - 找到 0 个待执行任务
2026-09-01 14:32:30,060 - agentgate.task.scheduler - INFO - 开始扫描 PENDING 状态任务...
2026-09-01 14:32:30,061 - agentgate.task.scheduler - INFO - 找到 0 个待执行任务
2026-09-01 14:32:40,064 - agentgate.task.scheduler - INFO - 开始扫描 PENDING 状态任务...
2026-09-01 14:32:40,066 - agentgate.task.scheduler - INFO - 找到 0 个待执行任务
2026-09-01 14:32:50,073 - agentgate.task.scheduler - INFO - 开始扫描 PENDING 状态任务...
2026-09-01 14:32:50,075 - agentgate.task.scheduler - INFO - 找到 0 个待执行任务
2026-09-01 14:33:00,085 - agentgate.task.scheduler - INFO - 开始扫描 PENDING 状态任务...
2026-09-01 14:33:00,086 - agentgate.task.scheduler - INFO - 找到 0 个待执行任务
2026-09-01 14:33:10,097 - agentgate.task.scheduler - INFO - 开始扫描 PENDING 状态任务...
2026-09-01 14:33:10,098 - agentgate.task.scheduler - INFO - 找到 0 个待执行任务
2026-09-01 14:33:20,101 - agentgate.task.scheduler - INFO - 开始扫描 PENDING 状态任务...
2026-09-01 14:33:20,103 - agentgate.task.scheduler - INFO - 找到 0 个待执行任务
2026-09-01 14:33:30,105 - agentgate.task.scheduler - INFO - 开始扫描 PENDING 状态任务...
2026-09-01 14:33:30,106 - agentgate.task.scheduler - INFO - 找到 0 个待执行任务
2026-09-01 14:33:40,120 - agentgate.task.scheduler - INFO - 开始扫描 PENDING 状态任务...
2026-09-01 14:33:40,121 - agentgate.task.scheduler - INFO - 找到 0 个待执行任务
2026-09-01 14:33:50,137 - agentgate.task.scheduler - INFO - 开始扫描 PENDING 状态任务...
2026-09-01 14:33:50,138 - agentgate.task.scheduler - INFO - 找到 0 个待执行任务
2026-09-01 14:34:00,145 - agentgate.task.scheduler - INFO - 开始扫描 PENDING 状态任务...
2026-09-01 14:34:00,146 - agentgate.task.scheduler - INFO - 找到 0 个待执行任务
2026-09-01 14:34:10,153 - agentgate.task.scheduler - INFO - 开始扫描 PENDING 状态任务...
2026-09-01 14:34:10,155 - agentgate.task.scheduler - INFO - 找到 0 个待执行任务
2026-09-01 14:34:20,166 - agentgate.task.scheduler - INFO - 开始扫描 PENDING 状态任务...
2026-09-01 14:34:20,167 - agentgate.task.scheduler - INFO - 找到 0 个待执行任务
2026-09-01 14:34:30,175 - agentgate.task.scheduler - INFO - 开始扫描 PENDING 状态任务...
2026-09-01 14:34:30,176 - agentgate.task.scheduler - INFO - 找到 0 个待执行任务
2026-09-01 14:34:40,189 - agentgate.task.scheduler - INFO - 开始扫描 PENDING 状态任务...
2026-09-01 14:34:40,191 - agentgate.task.scheduler - INFO - 找到 0 个待执行任务
2026-09-01 14:34:50,204 - agentgate.task.scheduler - INFO - 开始扫描 PENDING 状态任务...
2026-09-01 14:34:50,205 - agentgate.task.scheduler - INFO - 找到 0 个待执行任务
2026-09-01 14:35:00,215 - agentgate.task.scheduler - INFO - 开始扫描 PENDING 状态任务...
2026-09-01 14:35:00,216 - agentgate.task.scheduler - INFO - 找到 0 个待执行任务
2026-09-01 14:35:10,228 - agentgate.task.scheduler - INFO - 开始扫描 PENDING 状态任务...
2026-09-01 14:35:10,230 - agentgate.task.scheduler - INFO - 找到 0 个待执行任务
2026-09-01 14:35:20,235 - agentgate.task.scheduler - INFO - 开始扫描 PENDING 状态任务...
2026-09-01 14:35:20,236 - agentgate.task.scheduler - INFO - 找到 0 个待执行任务
2026-09-01 14:35:30,239 - agentgate.task.scheduler - INFO - 开始扫描 PENDING 状态任务...
2026-09-01 14:35:30,240 - agentgate.task.scheduler - INFO - 找到 0 个待执行任务
2026-09-01 14:35:40,245 - agentgate.task.scheduler - INFO - 开始扫描 PENDING 状态任务...
2026-09-01 14:35:40,247 - agentgate.task.scheduler - INFO - 找到 0 个待执行任务
2026-09-01 14:35:50,261 - agentgate.task.scheduler - INFO - 开始扫描 PENDING 状态任务...
2026-09-01 14:35:50,262 - agentgate.task.scheduler - INFO - 找到 0 个待执行任务
2026-09-01 14:36:00,272 - agentgate.task.scheduler - INFO - 开始扫描 PENDING 状态任务...
2026-09-01 14:36:00,273 - agentgate.task.scheduler - INFO - 找到 0 个待执行任务
2026-09-01 14:36:10,278 - agentgate.task.scheduler - INFO - 开始扫描 PENDING 状态任务...
2026-09-01 14:36:10,279 - agentgate.task.scheduler - INFO - 找到 0 个待执行任务
2026-09-01 14:36:20,289 - agentgate.task.scheduler - INFO - 开始扫描 PENDING 状态任务...
2026-09-01 14:36:20,291 - agentgate.task.scheduler - INFO - 找到 0 个待执行任务
2026-09-01 14:36:30,298 - agentgate.task.scheduler - INFO - 开始扫描 PENDING 状态任务...
2026-09-01 14:36:30,300 - agentgate.task.scheduler - INFO - 找到 0 个待执行任务
2026-09-01 14:36:40,303 - agentgate.task.scheduler - INFO - 开始扫描 PENDING 状态任务...
2026-09-01 14:36:40,305 - agentgate.task.scheduler - INFO - 找到 0 个待执行任务
2026-09-01 14:36:50,321 - agentgate.task.scheduler - INFO - 开始扫描 PENDING 状态任务...
2026-09-01 14:36:50,322 - agentgate.task.scheduler - INFO - 找到 0 个待执行任务
2026-09-01 14:37:00,323 - agentgate.task.scheduler - INFO - 开始扫描 PENDING 状态任务...
2026-09-01 14:37:00,325 - agentgate.task.scheduler - INFO - 找到 0 个待执行任务
2026-09-01 14:37:10,338 - agentgate.task.scheduler - INFO - 开始扫描 PENDING 状态任务...
2026-09-01 14:37:10,340 - agentgate.task.scheduler - INFO - 找到 0 个待执行任务
2026-09-01 14:37:20,349 - agentgate.task.scheduler - INFO - 开始扫描 PENDING 状态任务...
2026-09-01 14:37:20,350 - agentgate.task.scheduler - INFO - 找到 0 个待执行任务
2026-09-01 14:37:30,359 - agentgate.task.scheduler - INFO - 开始扫描 PENDING 状态任务...
2026-09-01 14:37:30,360 - agentgate.task.scheduler - INFO - 找到 0 个待执行任务
2026-09-01 14:37:40,370 - agentgate.task.scheduler - INFO - 开始扫描 PENDING 状态任务...
2026-09-01 14:37:40,371 - agentgate.task.scheduler - INFO - 找到 0 个待执行任务
2026-09-01 14:37:50,378 - agentgate.task.scheduler - INFO - 开始扫描 PENDING 状态任务...
2026-09-01 14:37:50,380 - agentgate.task.scheduler - INFO - 找到 0 个待执行任务
2026-09-01 14:38:00,386 - agentgate.task.scheduler - INFO - 开始扫描 PENDING 状态任务...
2026-09-01 14:38:00,388 - agentgate.task.scheduler - INFO - 找到 0 个待执行任务
2026-09-01 14:38:10,398 - agentgate.task.scheduler - INFO - 开始扫描 PENDING 状态任务...
2026-09-01 14:38:10,399 - agentgate.task.scheduler - INFO - 找到 0 个待执行任务
2026-09-01 14:38:20,409 - agentgate.task.scheduler - INFO - 开始扫描 PENDING 状态任务...
2026-09-01 14:38:20,410 - agentgate.task.scheduler - INFO - 找到 0 个待执行任务
2026-09-01 14:38:30,420 - agentgate.task.scheduler - INFO - 开始扫描 PENDING 状态任务...
2026-09-01 14:38:30,422 - agentgate.task.scheduler - INFO - 找到 0 个待执行任务
2026-09-01 14:38:40,433 - agentgate.task.scheduler - INFO - 开始扫描 PENDING 状态任务...
2026-09-01 14:38:40,434 - agentgate.task.scheduler - INFO - 找到 0 个待执行任务
2026-09-01 14:38:50,440 - agentgate.task.scheduler - INFO - 开始扫描 PENDING 状态任务...
2026-09-01 14:38:50,441 - agentgate.task.scheduler - INFO - 找到 0 个待执行任务
2026-09-01 14:39:00,447 - agentgate.task.scheduler - INFO - 开始扫描 PENDING 状态任务...
2026-09-01 14:39:00,449 - agentgate.task.scheduler - INFO - 找到 0 个待执行任务
2026-09-01 14:39:10,461 - agentgate.task.scheduler - INFO - 开始扫描 PENDING 状态任务...
2026-09-01 14:39:10,462 - agentgate.task.scheduler - INFO - 找到 0 个待执行任务
2026-09-01 14:39:20,477 - agentgate.task.scheduler - INFO - 开始扫描 PENDING 状态任务...
2026-09-01 14:39:20,479 - agentgate.task.scheduler - INFO - 找到 0 个待执行任务
2026-09-01 14:39:30,482 - agentgate.task.scheduler - INFO - 开始扫描 PENDING 状态任务...
2026-09-01 14:39:30,483 - agentgate.task.scheduler - INFO - 找到 0 个待执行任务
2026-09-01 14:39:40,489 - agentgate.task.scheduler - INFO - 开始扫描 PENDING 状态任务...
2026-09-01 14:39:40,491 - agentgate.task.scheduler - INFO - 找到 0 个待执行任务
2026-09-01 14:39:50,506 - agentgate.task.scheduler - INFO - 开始扫描 PENDING 状态任务...
2026-09-01 14:39:50,507 - agentgate.task.scheduler - INFO - 找到 0 个待执行任务
2026-09-01 14:40:00,511 - agentgate.task.scheduler - INFO - 开始扫描 PENDING 状态任务...
2026-09-01 14:40:00,512 - agentgate.task.scheduler - INFO - 找到 0 个待执行任务
2026-09-01 14:40:10,519 - agentgate.task.scheduler - INFO - 开始扫描 PENDING 状态任务...
2026-09-01 14:40:10,520 - agentgate.task.scheduler - INFO - 找到 0 个待执行任务
2026-09-01 14:40:20,525 - agentgate.task.scheduler - INFO - 开始扫描 PENDING 状态任务...
2026-09-01 14:40:20,526 - agentgate.task.scheduler - INFO - 找到 0 个待执行任务
2026-09-01 14:40:30,532 - agentgate.task.scheduler - INFO - 开始扫描 PENDING 状态任务...
2026-09-01 14:40:30,533 - agentgate.task.scheduler - INFO - 找到 0 个待执行任务
2026-09-01 14:40:40,541 - agentgate.task.scheduler - INFO - 开始扫描 PENDING 状态任务...
2026-09-01 14:40:40,542 - agentgate.task.scheduler - INFO - 找到 0 个待执行任务
2026-09-01 14:40:50,543 - agentgate.task.scheduler - INFO - 开始扫描 PENDING 状态任务...
2026-09-01 14:40:50,544 - agentgate.task.scheduler - INFO - 找到 0 个待执行任务
2026-09-01 14:41:00,559 - agentgate.task.scheduler - INFO - 开始扫描 PENDING 状态任务...
2026-09-01 14:41:00,560 - agentgate.task.scheduler - INFO - 找到 0 个待执行任务
2026-09-01 14:41:10,563 - agentgate.task.scheduler - INFO - 开始扫描 PENDING 状态任务...
2026-09-01 14:41:10,564 - agentgate.task.scheduler - INFO - 找到 0 个待执行任务
2026-09-01 14:41:20,573 - agentgate.task.scheduler - INFO - 开始扫描 PENDING 状态任务...
2026-09-01 14:41:20,575 - agentgate.task.scheduler - INFO - 找到 0 个待执行任务
2026-09-01 14:41:30,577 - agentgate.task.scheduler - INFO - 开始扫描 PENDING 状态任务...
2026-09-01 14:41:30,579 - agentgate.task.scheduler - INFO - 找到 0 个待执行任务
2026-09-01 14:41:40,591 - agentgate.task.scheduler - INFO - 开始扫描 PENDING 状态任务...
2026-09-01 14:41:40,592 - agentgate.task.scheduler - INFO - 找到 0 个待执行任务
2026-09-01 14:41:50,597 - agentgate.task.scheduler - INFO - 开始扫描 PENDING 状态任务...
2026-09-01 14:41:50,598 - agentgate.task.scheduler - INFO - 找到 0 个待执行任务
2026-09-01 14:42:00,606 - agentgate.task.scheduler - INFO - 开始扫描 PENDING 状态任务...
2026-09-01 14:42:00,607 - agentgate.task.scheduler - INFO - 找到 0 个待执行任务
2026-09-01 14:42:10,623 - agentgate.task.scheduler - INFO - 开始扫描 PENDING 状态任务...
2026-09-01 14:42:10,624 - agentgate.task.scheduler - INFO - 找到 0 个待执行任务
2026-09-01 14:42:20,629 - agentgate.task.scheduler - INFO - 开始扫描 PENDING 状态任务...
2026-09-01 14:42:20,631 - agentgate.task.scheduler - INFO - 找到 0 个待执行任务
2026-09-01 14:42:30,633 - agentgate.task.scheduler - INFO - 开始扫描 PENDING 状态任务...
2026-09-01 14:42:30,634 - agentgate.task.scheduler - INFO - 找到 0 个待执行任务
2026-09-01 14:42:40,638 - agentgate.task.scheduler - INFO - 开始扫描 PENDING 状态任务...
2026-09-01 14:42:40,640 - agentgate.task.scheduler - INFO - 找到 0 个待执行任务
2026-09-01 14:42:50,650 - agentgate.task.scheduler - INFO - 开始扫描 PENDING 状态任务...
2026-09-01 14:42:50,652 - agentgate.task.scheduler - INFO - 找到 0 个待执行任务
2026-09-01 14:43:03,616 - src.agentgate.server.application - INFO - 日志系统初始化完成
2026-09-01 14:43:03,617 - src.agentgate.server.application - INFO - 使用数据库: agentgate.db
2026-09-01 14:43:03,673 - src.agentgate.server.application - INFO - 调度器任务已创建
2026-09-01 14:43:03,674 - agentgate.task.scheduler - INFO - 任务调度器已启动，扫描间隔: 10秒
2026-09-01 14:43:03,674 - agentgate.task.service - INFO - 调度器已启动，间隔: 10秒
2026-09-01 14:43:03,674 - agentgate.task.scheduler - INFO - 开始扫描 PENDING 状态任务...
2026-09-01 14:43:03,685 - agentgate.task.scheduler - INFO - 找到 0 个待执行任务
2026-09-01 14:43:13,692 - agentgate.task.scheduler - INFO - 开始扫描 PENDING 状态任务...
2026-09-01 14:43:13,694 - agentgate.task.scheduler - INFO - 找到 0 个待执行任务
2026-09-01 14:43:23,707 - agentgate.task.scheduler - INFO - 开始扫描 PENDING 状态任务...
2026-09-01 14:43:23,708 - agentgate.task.scheduler - INFO - 找到 0 个待执行任务
2026-09-01 14:43:33,715 - agentgate.task.scheduler - INFO - 开始扫描 PENDING 状态任务...
2026-09-01 14:43:33,716 - agentgate.task.scheduler - INFO - 找到 0 个待执行任务
2026-09-01 14:43:43,730 - agentgate.task.scheduler - INFO - 开始扫描 PENDING 状态任务...
2026-09-01 14:43:43,732 - agentgate.task.scheduler - INFO - 找到 0 个待执行任务
2026-09-01 14:43:53,743 - agentgate.task.scheduler - INFO - 开始扫描 PENDING 状态任务...
2026-09-01 14:43:53,745 - agentgate.task.scheduler - INFO - 找到 0 个待执行任务
2026-09-01 14:44:03,758 - agentgate.task.scheduler - INFO - 开始扫描 PENDING 状态任务...
2026-09-01 14:44:03,759 - agentgate.task.scheduler - INFO - 找到 0 个待执行任务
2026-09-01 14:44:13,762 - agentgate.task.scheduler - INFO - 开始扫描 PENDING 状态任务...
2026-09-01 14:44:13,764 - agentgate.task.scheduler - INFO - 找到 0 个待执行任务
2026-09-01 14:44:23,769 - agentgate.task.scheduler - INFO - 开始扫描 PENDING 状态任务...
2026-09-01 14:44:23,770 - agentgate.task.scheduler - INFO - 找到 0 个待执行任务
2026-09-01 14:44:33,779 - agentgate.task.scheduler - INFO - 开始扫描 PENDING 状态任务...
2026-09-01 14:44:33,781 - agentgate.task.scheduler - INFO - 找到 0 个待执行任务
2026-09-01 14:44:43,788 - agentgate.task.scheduler - INFO - 开始扫描 PENDING 状态任务...
2026-09-01 14:44:43,789 - agentgate.task.scheduler - INFO - 找到 0 个待执行任务
2026-09-01 14:44:53,801 - agentgate.task.scheduler - INFO - 开始扫描 PENDING 状态任务...
2026-09-01 14:44:53,803 - agentgate.task.scheduler - INFO - 找到 0 个待执行任务
2026-09-01 14:45:03,816 - agentgate.task.scheduler - INFO - 开始扫描 PENDING 状态任务...
2026-09-01 14:45:03,818 - agentgate.task.scheduler - INFO - 找到 0 个待执行任务
2026-09-01 14:45:13,819 - agentgate.task.scheduler - INFO - 开始扫描 PENDING 状态任务...
2026-09-01 14:45:13,820 - agentgate.task.scheduler - INFO - 找到 0 个待执行任务
2026-09-01 14:45:23,833 - agentgate.task.scheduler - INFO - 开始扫描 PENDING 状态任务...
2026-09-01 14:45:23,834 - agentgate.task.scheduler - INFO - 找到 0 个待执行任务
2026-09-01 14:45:33,850 - agentgate.task.scheduler - INFO - 开始扫描 PENDING 状态任务...
2026-09-01 14:45:33,852 - agentgate.task.scheduler - INFO - 找到 0 个待执行任务
2026-09-01 14:45:43,867 - agentgate.task.scheduler - INFO - 开始扫描 PENDING 状态任务...
2026-09-01 14:45:43,868 - agentgate.task.scheduler - INFO - 找到 0 个待执行任务
2026-09-01 14:45:53,871 - agentgate.task.scheduler - INFO - 开始扫描 PENDING 状态任务...
2026-09-01 14:45:53,872 - agentgate.task.scheduler - INFO - 找到 0 个待执行任务
2026-09-01 14:46:03,875 - agentgate.task.scheduler - INFO - 开始扫描 PENDING 状态任务...
2026-09-01 14:46:03,877 - agentgate.task.scheduler - INFO - 找到 0 个待执行任务
2026-09-01 14:46:13,886 - agentgate.task.scheduler - INFO - 开始扫描 PENDING 状态任务...
2026-09-01 14:46:13,888 - agentgate.task.scheduler - INFO - 找到 0 个待执行任务
2026-09-01 14:46:23,895 - agentgate.task.scheduler - INFO - 开始扫描 PENDING 状态任务...
2026-09-01 14:46:23,897 - agentgate.task.scheduler - INFO - 找到 0 个待执行任务
2026-09-01 14:46:33,903 - agentgate.task.scheduler - INFO - 开始扫描 PENDING 状态任务...
2026-09-01 14:46:33,905 - agentgate.task.scheduler - INFO - 找到 0 个待执行任务
2026-09-01 14:46:43,918 - agentgate.task.scheduler - INFO - 开始扫描 PENDING 状态任务...
2026-09-01 14:46:43,919 - agentgate.task.scheduler - INFO - 找到 0 个待执行任务
2026-09-01 14:46:53,926 - agentgate.task.scheduler - INFO - 开始扫描 PENDING 状态任务...
2026-09-01 14:46:53,928 - agentgate.task.scheduler - INFO - 找到 0 个待执行任务
2026-09-01 14:47:03,934 - agentgate.task.scheduler - INFO - 开始扫描 PENDING 状态任务...
2026-09-01 14:47:03,935 - agentgate.task.scheduler - INFO - 找到 0 个待执行任务
2026-09-01 14:47:13,937 - agentgate.task.scheduler - INFO - 开始扫描 PENDING 状态任务...
2026-09-01 14:47:13,939 - agentgate.task.scheduler - INFO - 找到 0 个待执行任务
2026-09-01 14:47:23,946 - agentgate.task.scheduler - INFO - 开始扫描 PENDING 状态任务...
2026-09-01 14:47:23,947 - agentgate.task.scheduler - INFO - 找到 0 个待执行任务
2026-09-01 14:47:33,951 - agentgate.task.scheduler - INFO - 开始扫描 PENDING 状态任务...
2026-09-01 14:47:33,952 - agentgate.task.scheduler - INFO - 找到 0 个待执行任务
2026-09-01 14:47:43,967 - agentgate.task.scheduler - INFO - 开始扫描 PENDING 状态任务...
2026-09-01 14:47:43,969 - agentgate.task.scheduler - INFO - 找到 0 个待执行任务
2026-09-01 14:47:53,975 - agentgate.task.scheduler - INFO - 开始扫描 PENDING 状态任务...
2026-09-01 14:47:53,976 - agentgate.task.scheduler - INFO - 找到 0 个待执行任务
2026-09-01 14:48:03,987 - agentgate.task.scheduler - INFO - 开始扫描 PENDING 状态任务...
2026-09-01 14:48:03,989 - agentgate.task.scheduler - INFO - 找到 0 个待执行任务
2026-09-01 14:48:14,002 - agentgate.task.scheduler - INFO - 开始扫描 PENDING 状态任务...
2026-09-01 14:48:14,004 - agentgate.task.scheduler - INFO - 找到 0 个待执行任务
2026-09-01 14:48:24,013 - agentgate.task.scheduler - INFO - 开始扫描 PENDING 状态任务...
2026-09-01 14:48:24,014 - agentgate.task.scheduler - INFO - 找到 0 个待执行任务
2026-09-01 14:48:34,028 - agentgate.task.scheduler - INFO - 开始扫描 PENDING 状态任务...
2026-09-01 14:48:34,030 - agentgate.task.scheduler - INFO - 找到 0 个待执行任务
2026-09-01 14:48:44,035 - agentgate.task.scheduler - INFO - 开始扫描 PENDING 状态任务...
2026-09-01 14:48:44,036 - agentgate.task.scheduler - INFO - 找到 0 个待执行任务
2026-09-01 14:48:54,048 - agentgate.task.scheduler - INFO - 开始扫描 PENDING 状态任务...
2026-09-01 14:48:54,050 - agentgate.task.scheduler - INFO - 找到 0 个待执行任务
2026-09-01 14:49:04,051 - agentgate.task.scheduler - INFO - 开始扫描 PENDING 状态任务...
2026-09-01 14:49:04,053 - agentgate.task.scheduler - INFO - 找到 0 个待执行任务
2026-09-01 14:49:14,056 - agentgate.task.scheduler - INFO - 开始扫描 PENDING 状态任务...
2026-09-01 14:49:14,057 - agentgate.task.scheduler - INFO - 找到 0 个待执行任务
2026-09-01 14:49:24,067 - agentgate.task.scheduler - INFO - 开始扫描 PENDING 状态任务...
2026-09-01 14:49:24,068 - agentgate.task.scheduler - INFO - 找到 0 个待执行任务
2026-09-01 14:49:34,077 - agentgate.task.scheduler - INFO - 开始扫描 PENDING 状态任务...
2026-09-01 14:49:34,079 - agentgate.task.scheduler - INFO - 找到 0 个待执行任务
2026-09-01 14:49:44,087 - agentgate.task.scheduler - INFO - 开始扫描 PENDING 状态任务...
2026-09-01 14:49:44,088 - agentgate.task.scheduler - INFO - 找到 0 个待执行任务
2026-09-01 14:49:54,098 - agentgate.task.scheduler - INFO - 开始扫描 PENDING 状态任务...
2026-09-01 14:49:54,100 - agentgate.task.scheduler - INFO - 找到 0 个待执行任务
2026-09-01 14:50:04,108 - agentgate.task.scheduler - INFO - 开始扫描 PENDING 状态任务...
2026-09-01 14:50:04,109 - agentgate.task.scheduler - INFO - 找到 0 个待执行任务
2026-09-01 14:50:14,119 - agentgate.task.scheduler - INFO - 开始扫描 PENDING 状态任务...
2026-09-01 14:50:14,121 - agentgate.task.scheduler - INFO - 找到 0 个待执行任务
2026-09-01 14:50:24,134 - agentgate.task.scheduler - INFO - 开始扫描 PENDING 状态任务...
2026-09-01 14:50:24,135 - agentgate.task.scheduler - INFO - 找到 0 个待执行任务
2026-09-01 14:50:34,139 - agentgate.task.scheduler - INFO - 开始扫描 PENDING 状态任务...
2026-09-01 14:50:34,140 - agentgate.task.scheduler - INFO - 找到 0 个待执行任务
2026-09-01 14:50:44,156 - agentgate.task.scheduler - INFO - 开始扫描 PENDING 状态任务...
2026-09-01 14:50:44,157 - agentgate.task.scheduler - INFO - 找到 0 个待执行任务
2026-09-01 14:50:54,163 - agentgate.task.scheduler - INFO - 开始扫描 PENDING 状态任务...
2026-09-01 14:50:54,165 - agentgate.task.scheduler - INFO - 找到 0 个待执行任务
2026-09-01 14:51:04,168 - agentgate.task.scheduler - INFO - 开始扫描 PENDING 状态任务...
2026-09-01 14:51:04,169 - agentgate.task.scheduler - INFO - 找到 0 个待执行任务
2026-09-01 14:51:14,177 - agentgate.task.scheduler - INFO - 开始扫描 PENDING 状态任务...
2026-09-01 14:51:14,178 - agentgate.task.scheduler - INFO - 找到 0 个待执行任务
2026-09-01 14:51:24,180 - agentgate.task.scheduler - INFO - 开始扫描 PENDING 状态任务...
2026-09-01 14:51:24,182 - agentgate.task.scheduler - INFO - 找到 0 个待执行任务
2026-09-01 14:51:34,189 - agentgate.task.scheduler - INFO - 开始扫描 PENDING 状态任务...
2026-09-01 14:51:34,190 - agentgate.task.scheduler - INFO - 找到 0 个待执行任务
2026-09-01 14:51:44,206 - agentgate.task.scheduler - INFO - 开始扫描 PENDING 状态任务...
2026-09-01 14:51:44,207 - agentgate.task.scheduler - INFO - 找到 0 个待执行任务
2026-09-01 14:51:54,215 - agentgate.task.scheduler - INFO - 开始扫描 PENDING 状态任务...
2026-09-01 14:51:54,216 - agentgate.task.scheduler - INFO - 找到 0 个待执行任务
2026-09-01 14:52:04,220 - agentgate.task.scheduler - INFO - 开始扫描 PENDING 状态任务...
2026-09-01 14:52:04,222 - agentgate.task.scheduler - INFO - 找到 0 个待执行任务
2026-09-01 14:52:14,235 - agentgate.task.scheduler - INFO - 开始扫描 PENDING 状态任务...
2026-09-01 14:52:14,236 - agentgate.task.scheduler - INFO - 找到 0 个待执行任务
2026-09-01 14:52:24,241 - agentgate.task.scheduler - INFO - 开始扫描 PENDING 状态任务...
2026-09-01 14:52:24,242 - agentgate.task.scheduler - INFO - 找到 0 个待执行任务
2026-09-01 14:52:34,258 - agentgate.task.scheduler - INFO - 开始扫描 PENDING 状态任务...
2026-09-01 14:52:34,260 - agentgate.task.scheduler - INFO - 找到 0 个待执行任务
2026-09-01 14:52:44,273 - agentgate.task.scheduler - INFO - 开始扫描 PENDING 状态任务...
2026-09-01 14:52:44,274 - agentgate.task.scheduler - INFO - 找到 0 个待执行任务
2026-09-01 14:52:54,290 - agentgate.task.scheduler - INFO - 开始扫描 PENDING 状态任务...
2026-09-01 14:52:54,291 - agentgate.task.scheduler - INFO - 找到 0 个待执行任务
2026-09-01 14:53:04,295 - agentgate.task.scheduler - INFO - 开始扫描 PENDING 状态任务...
2026-09-01 14:53:04,297 - agentgate.task.scheduler - INFO - 找到 0 个待执行任务
2026-09-01 14:53:14,301 - agentgate.task.scheduler - INFO - 开始扫描 PENDING 状态任务...
2026-09-01 14:53:14,303 - agentgate.task.scheduler - INFO - 找到 0 个待执行任务
2026-09-01 14:53:24,306 - agentgate.task.scheduler - INFO - 开始扫描 PENDING 状态任务...
2026-09-01 14:53:24,307 - agentgate.task.scheduler - INFO - 找到 0 个待执行任务
2026-09-01 14:53:34,324 - agentgate.task.scheduler - INFO - 开始扫描 PENDING 状态任务...
2026-09-01 14:53:34,325 - agentgate.task.scheduler - INFO - 找到 0 个待执行任务
2026-09-01 14:53:44,331 - agentgate.task.scheduler - INFO - 开始扫描 PENDING 状态任务...
2026-09-01 14:53:44,332 - agentgate.task.scheduler - INFO - 找到 0 个待执行任务
2026-09-01 14:53:54,334 - agentgate.task.scheduler - INFO - 开始扫描 PENDING 状态任务...
2026-09-01 14:53:54,336 - agentgate.task.scheduler - INFO - 找到 0 个待执行任务
2026-09-01 14:54:04,340 - agentgate.task.scheduler - INFO - 开始扫描 PENDING 状态任务...
2026-09-01 14:54:04,341 - agentgate.task.scheduler - INFO - 找到 0 个待执行任务
2026-09-01 14:54:14,343 - agentgate.task.scheduler - INFO - 开始扫描 PENDING 状态任务...
2026-09-01 14:54:14,344 - agentgate.task.scheduler - INFO - 找到 0 个待执行任务
2026-09-01 14:54:24,348 - agentgate.task.scheduler - INFO - 开始扫描 PENDING 状态任务...
2026-09-01 14:54:24,349 - agentgate.task.scheduler - INFO - 找到 0 个待执行任务
2026-09-01 14:54:34,365 - agentgate.task.scheduler - INFO - 开始扫描 PENDING 状态任务...
2026-09-01 14:54:34,366 - agentgate.task.scheduler - INFO - 找到 0 个待执行任务
2026-09-01 14:54:44,376 - agentgate.task.scheduler - INFO - 开始扫描 PENDING 状态任务...
2026-09-01 14:54:44,377 - agentgate.task.scheduler - INFO - 找到 0 个待执行任务
2026-09-01 14:54:54,387 - agentgate.task.scheduler - INFO - 开始扫描 PENDING 状态任务...
2026-09-01 14:54:54,389 - agentgate.task.scheduler - INFO - 找到 0 个待执行任务
2026-09-01 14:55:04,399 - agentgate.task.scheduler - INFO - 开始扫描 PENDING 状态任务...
2026-09-01 14:55:04,400 - agentgate.task.scheduler - INFO - 找到 0 个待执行任务
2026-09-01 14:55:14,408 - agentgate.task.scheduler - INFO - 开始扫描 PENDING 状态任务...
2026-09-01 14:55:14,410 - agentgate.task.scheduler - INFO - 找到 0 个待执行任务
2026-09-01 14:55:24,419 - agentgate.task.scheduler - INFO - 开始扫描 PENDING 状态任务...
2026-09-01 14:55:24,420 - agentgate.task.scheduler - INFO - 找到 0 个待执行任务
2026-09-01 14:55:34,426 - agentgate.task.scheduler - INFO - 开始扫描 PENDING 状态任务...
2026-09-01 14:55:34,427 - agentgate.task.scheduler - INFO - 找到 0 个待执行任务
2026-09-01 14:55:44,442 - agentgate.task.scheduler - INFO - 开始扫描 PENDING 状态任务...
2026-09-01 14:55:44,443 - agentgate.task.scheduler - INFO - 找到 0 个待执行任务
2026-09-01 14:55:54,448 - agentgate.task.scheduler - INFO - 开始扫描 PENDING 状态任务...
2026-09-01 14:55:54,449 - agentgate.task.scheduler - INFO - 找到 0 个待执行任务
2026-09-01 14:56:04,450 - agentgate.task.scheduler - INFO - 开始扫描 PENDING 状态任务...
2026-09-01 14:56:04,452 - agentgate.task.scheduler - INFO - 找到 0 个待执行任务
2026-09-01 14:56:14,455 - agentgate.task.scheduler - INFO - 开始扫描 PENDING 状态任务...
2026-09-01 14:56:14,457 - agentgate.task.scheduler - INFO - 找到 0 个待执行任务
2026-09-01 14:56:24,465 - agentgate.task.scheduler - INFO - 开始扫描 PENDING 状态任务...
2026-09-01 14:56:24,466 - agentgate.task.scheduler - INFO - 找到 0 个待执行任务
2026-09-01 14:56:34,480 - agentgate.task.scheduler - INFO - 开始扫描 PENDING 状态任务...
2026-09-01 14:56:34,481 - agentgate.task.scheduler - INFO - 找到 0 个待执行任务
2026-09-01 14:56:44,495 - agentgate.task.scheduler - INFO - 开始扫描 PENDING 状态任务...
2026-09-01 14:56:44,497 - agentgate.task.scheduler - INFO - 找到 0 个待执行任务
2026-09-01 14:56:54,510 - agentgate.task.scheduler - INFO - 开始扫描 PENDING 状态任务...
2026-09-01 14:56:54,512 - agentgate.task.scheduler - INFO - 找到 0 个待执行任务
2026-09-01 14:57:04,528 - agentgate.task.scheduler - INFO - 开始扫描 PENDING 状态任务...
2026-09-01 14:57:04,530 - agentgate.task.scheduler - INFO - 找到 0 个待执行任务
2026-09-01 14:57:14,544 - agentgate.task.scheduler - INFO - 开始扫描 PENDING 状态任务...
2026-09-01 14:57:14,546 - agentgate.task.scheduler - INFO - 找到 0 个待执行任务
2026-09-01 14:57:24,552 - agentgate.task.scheduler - INFO - 开始扫描 PENDING 状态任务...
2026-09-01 14:57:24,554 - agentgate.task.scheduler - INFO - 找到 0 个待执行任务
2026-09-01 14:57:34,566 - agentgate.task.scheduler - INFO - 开始扫描 PENDING 状态任务...
2026-09-01 14:57:34,567 - agentgate.task.scheduler - INFO - 找到 0 个待执行任务
2026-09-01 14:57:44,572 - agentgate.task.scheduler - INFO - 开始扫描 PENDING 状态任务...
2026-09-01 14:57:44,573 - agentgate.task.scheduler - INFO - 找到 0 个待执行任务
2026-09-01 14:57:54,582 - agentgate.task.scheduler - INFO - 开始扫描 PENDING 状态任务...
2026-09-01 14:57:54,584 - agentgate.task.scheduler - INFO - 找到 0 个待执行任务
2026-09-01 14:58:04,600 - agentgate.task.scheduler - INFO - 开始扫描 PENDING 状态任务...
2026-09-01 14:58:04,601 - agentgate.task.scheduler - INFO - 找到 0 个待执行任务
2026-09-01 14:58:14,605 - agentgate.task.scheduler - INFO - 开始扫描 PENDING 状态任务...
2026-09-01 14:58:14,606 - agentgate.task.scheduler - INFO - 找到 0 个待执行任务
2026-09-01 14:58:24,617 - agentgate.task.scheduler - INFO - 开始扫描 PENDING 状态任务...
2026-09-01 14:58:24,619 - agentgate.task.scheduler - INFO - 找到 0 个待执行任务
2026-09-01 14:58:34,631 - agentgate.task.scheduler - INFO - 开始扫描 PENDING 状态任务...
2026-09-01 14:58:34,632 - agentgate.task.scheduler - INFO - 找到 0 个待执行任务
2026-09-01 14:58:44,638 - agentgate.task.scheduler - INFO - 开始扫描 PENDING 状态任务...
2026-09-01 14:58:44,639 - agentgate.task.scheduler - INFO - 找到 0 个待执行任务
2026-09-01 14:58:54,653 - agentgate.task.scheduler - INFO - 开始扫描 PENDING 状态任务...
2026-09-01 14:58:54,655 - agentgate.task.scheduler - INFO - 找到 0 个待执行任务
2026-09-01 14:59:04,668 - agentgate.task.scheduler - INFO - 开始扫描 PENDING 状态任务...
2026-09-01 14:59:04,670 - agentgate.task.scheduler - INFO - 找到 0 个待执行任务
2026-09-01 14:59:14,680 - agentgate.task.scheduler - INFO - 开始扫描 PENDING 状态任务...
2026-09-01 14:59:14,682 - agentgate.task.scheduler - INFO - 找到 0 个待执行任务
2026-09-01 14:59:24,689 - agentgate.task.scheduler - INFO - 开始扫描 PENDING 状态任务...
2026-09-01 14:59:24,691 - agentgate.task.scheduler - INFO - 找到 0 个待执行任务
2026-09-01 14:59:34,705 - agentgate.task.scheduler - INFO - 开始扫描 PENDING 状态任务...
2026-09-01 14:59:34,706 - agentgate.task.scheduler - INFO - 找到 0 个待执行任务
2026-09-01 14:59:44,709 - agentgate.task.scheduler - INFO - 开始扫描 PENDING 状态任务...
2026-09-01 14:59:44,710 - agentgate.task.scheduler - INFO - 找到 0 个待执行任务
2026-09-01 14:59:54,726 - agentgate.task.scheduler - INFO - 开始扫描 PENDING 状态任务...
2026-09-01 14:59:54,728 - agentgate.task.scheduler - INFO - 找到 0 个待执行任务
2026-09-01 15:00:04,729 - agentgate.task.scheduler - INFO - 开始扫描 PENDING 状态任务...
2026-09-01 15:00:04,731 - agentgate.task.scheduler - INFO - 找到 0 个待执行任务
2026-09-01 15:00:14,746 - agentgate.task.scheduler - INFO - 开始扫描 PENDING 状态任务...
2026-09-01 15:00:14,747 - agentgate.task.scheduler - INFO - 找到 0 个待执行任务
2026-09-01 15:00:24,754 - agentgate.task.scheduler - INFO - 开始扫描 PENDING 状态任务...
2026-09-01 15:00:24,755 - agentgate.task.scheduler - INFO - 找到 0 个待执行任务
2026-09-01 15:00:34,769 - agentgate.task.scheduler - INFO - 开始扫描 PENDING 状态任务...
2026-09-01 15:00:34,771 - agentgate.task.scheduler - INFO - 找到 0 个待执行任务
2026-09-01 15:00:44,780 - agentgate.task.scheduler - INFO - 开始扫描 PENDING 状态任务...
2026-09-01 15:00:44,782 - agentgate.task.scheduler - INFO - 找到 0 个待执行任务
2026-09-01 15:00:54,798 - agentgate.task.scheduler - INFO - 开始扫描 PENDING 状态任务...
2026-09-01 15:00:54,800 - agentgate.task.scheduler - INFO - 找到 0 个待执行任务
2026-09-01 15:01:04,813 - agentgate.task.scheduler - INFO - 开始扫描 PENDING 状态任务...
2026-09-01 15:01:04,815 - agentgate.task.scheduler - INFO - 找到 0 个待执行任务
2026-09-01 15:01:14,831 - agentgate.task.scheduler - INFO - 开始扫描 PENDING 状态任务...
2026-09-01 15:01:14,832 - agentgate.task.scheduler - INFO - 找到 0 个待执行任务
2026-09-01 15:01:24,845 - agentgate.task.scheduler - INFO - 开始扫描 PENDING 状态任务...
2026-09-01 15:01:24,847 - agentgate.task.scheduler - INFO - 找到 0 个待执行任务
2026-09-01 15:01:34,859 - agentgate.task.scheduler - INFO - 开始扫描 PENDING 状态任务...
2026-09-01 15:01:34,860 - agentgate.task.scheduler - INFO - 找到 0 个待执行任务
2026-09-01 15:01:44,866 - agentgate.task.scheduler - INFO - 开始扫描 PENDING 状态任务...
2026-09-01 15:01:44,868 - agentgate.task.scheduler - INFO - 找到 0 个待执行任务
2026-09-01 15:01:54,878 - agentgate.task.scheduler - INFO - 开始扫描 PENDING 状态任务...
2026-09-01 15:01:54,879 - agentgate.task.scheduler - INFO - 找到 0 个待执行任务
2026-09-01 15:02:04,889 - agentgate.task.scheduler - INFO - 开始扫描 PENDING 状态任务...
2026-09-01 15:02:04,890 - agentgate.task.scheduler - INFO - 找到 0 个待执行任务
2026-09-01 15:02:14,902 - agentgate.task.scheduler - INFO - 开始扫描 PENDING 状态任务...
2026-09-01 15:02:14,904 - agentgate.task.scheduler - INFO - 找到 0 个待执行任务
2026-09-01 15:02:24,908 - agentgate.task.scheduler - INFO - 开始扫描 PENDING 状态任务...
2026-09-01 15:02:24,910 - agentgate.task.scheduler - INFO - 找到 0 个待执行任务
2026-09-01 15:02:34,924 - agentgate.task.scheduler - INFO - 开始扫描 PENDING 状态任务...
2026-09-01 15:02:34,925 - agentgate.task.scheduler - INFO - 找到 0 个待执行任务
2026-09-01 15:02:44,927 - agentgate.task.scheduler - INFO - 开始扫描 PENDING 状态任务...
2026-09-01 15:02:44,928 - agentgate.task.scheduler - INFO - 找到 0 个待执行任务
2026-09-01 15:02:54,929 - agentgate.task.scheduler - INFO - 开始扫描 PENDING 状态任务...
2026-09-01 15:02:54,931 - agentgate.task.scheduler - INFO - 找到 0 个待执行任务
2026-09-01 15:03:04,940 - agentgate.task.scheduler - INFO - 开始扫描 PENDING 状态任务...
2026-09-01 15:03:04,942 - agentgate.task.scheduler - INFO - 找到 0 个待执行任务
2026-09-01 15:03:14,945 - agentgate.task.scheduler - INFO - 开始扫描 PENDING 状态任务...
2026-09-01 15:03:14,947 - agentgate.task.scheduler - INFO - 找到 0 个待执行任务
2026-09-01 15:03:24,960 - agentgate.task.scheduler - INFO - 开始扫描 PENDING 状态任务...
2026-09-01 15:03:24,962 - agentgate.task.scheduler - INFO - 找到 0 个待执行任务
2026-09-01 15:03:34,969 - agentgate.task.scheduler - INFO - 开始扫描 PENDING 状态任务...
2026-09-01 15:03:34,970 - agentgate.task.scheduler - INFO - 找到 0 个待执行任务
2026-09-01 15:03:44,973 - agentgate.task.scheduler - INFO - 开始扫描 PENDING 状态任务...
2026-09-01 15:03:44,975 - agentgate.task.scheduler - INFO - 找到 0 个待执行任务
2026-09-01 15:03:54,987 - agentgate.task.scheduler - INFO - 开始扫描 PENDING 状态任务...
2026-09-01 15:03:54,989 - agentgate.task.scheduler - INFO - 找到 0 个待执行任务
2026-09-01 15:04:04,990 - agentgate.task.scheduler - INFO - 开始扫描 PENDING 状态任务...
2026-09-01 15:04:04,992 - agentgate.task.scheduler - INFO - 找到 0 个待执行任务
2026-09-01 15:04:14,993 - agentgate.task.scheduler - INFO - 开始扫描 PENDING 状态任务...
2026-09-01 15:04:14,994 - agentgate.task.scheduler - INFO - 找到 0 个待执行任务
2026-09-01 15:04:25,005 - agentgate.task.scheduler - INFO - 开始扫描 PENDING 状态任务...
2026-09-01 15:04:25,007 - agentgate.task.scheduler - INFO - 找到 0 个待执行任务
2026-09-01 15:04:35,018 - agentgate.task.scheduler - INFO - 开始扫描 PENDING 状态任务...
2026-09-01 15:04:35,020 - agentgate.task.scheduler - INFO - 找到 0 个待执行任务
2026-09-01 15:04:45,024 - agentgate.task.scheduler - INFO - 开始扫描 PENDING 状态任务...
2026-09-01 15:04:45,025 - agentgate.task.scheduler - INFO - 找到 0 个待执行任务
2026-09-01 15:04:55,038 - agentgate.task.scheduler - INFO - 开始扫描 PENDING 状态任务...
2026-09-01 15:04:55,039 - agentgate.task.scheduler - INFO - 找到 0 个待执行任务
2026-09-01 15:05:05,041 - agentgate.task.scheduler - INFO - 开始扫描 PENDING 状态任务...
2026-09-01 15:05:05,042 - agentgate.task.scheduler - INFO - 找到 0 个待执行任务
2026-09-01 15:05:15,047 - agentgate.task.scheduler - INFO - 开始扫描 PENDING 状态任务...
2026-09-01 15:05:15,049 - agentgate.task.scheduler - INFO - 找到 0 个待执行任务
2026-09-01 15:05:25,056 - agentgate.task.scheduler - INFO - 开始扫描 PENDING 状态任务...
2026-09-01 15:05:25,057 - agentgate.task.scheduler - INFO - 找到 0 个待执行任务
2026-09-01 15:05:35,072 - agentgate.task.scheduler - INFO - 开始扫描 PENDING 状态任务...
2026-09-01 15:05:35,074 - agentgate.task.scheduler - INFO - 找到 0 个待执行任务
2026-09-01 15:05:45,082 - agentgate.task.scheduler - INFO - 开始扫描 PENDING 状态任务...
2026-09-01 15:05:45,083 - agentgate.task.scheduler - INFO - 找到 0 个待执行任务
2026-09-01 15:05:55,090 - agentgate.task.scheduler - INFO - 开始扫描 PENDING 状态任务...
2026-09-01 15:05:55,092 - agentgate.task.scheduler - INFO - 找到 0 个待执行任务
2026-09-01 15:06:05,107 - agentgate.task.scheduler - INFO - 开始扫描 PENDING 状态任务...
2026-09-01 15:06:05,108 - agentgate.task.scheduler - INFO - 找到 0 个待执行任务
2026-09-01 15:06:15,124 - agentgate.task.scheduler - INFO - 开始扫描 PENDING 状态任务...
2026-09-01 15:06:15,125 - agentgate.task.scheduler - INFO - 找到 0 个待执行任务
2026-09-01 15:06:25,131 - agentgate.task.scheduler - INFO - 开始扫描 PENDING 状态任务...
2026-09-01 15:06:25,133 - agentgate.task.scheduler - INFO - 找到 0 个待执行任务
2026-09-01 15:06:35,140 - agentgate.task.scheduler - INFO - 开始扫描 PENDING 状态任务...
2026-09-01 15:06:35,142 - agentgate.task.scheduler - INFO - 找到 0 个待执行任务
2026-09-01 15:06:45,147 - agentgate.task.scheduler - INFO - 开始扫描 PENDING 状态任务...
2026-09-01 15:06:45,148 - agentgate.task.scheduler - INFO - 找到 0 个待执行任务
2026-09-01 15:06:55,150 - agentgate.task.scheduler - INFO - 开始扫描 PENDING 状态任务...
2026-09-01 15:06:55,151 - agentgate.task.scheduler - INFO - 找到 0 个待执行任务
2026-09-01 15:07:05,158 - agentgate.task.scheduler - INFO - 开始扫描 PENDING 状态任务...
2026-09-01 15:07:05,160 - agentgate.task.scheduler - INFO - 找到 0 个待执行任务
2026-09-01 15:07:15,167 - agentgate.task.scheduler - INFO - 开始扫描 PENDING 状态任务...
2026-09-01 15:07:15,169 - agentgate.task.scheduler - INFO - 找到 0 个待执行任务
2026-09-01 15:07:25,182 - agentgate.task.scheduler - INFO - 开始扫描 PENDING 状态任务...
2026-09-01 15:07:25,183 - agentgate.task.scheduler - INFO - 找到 0 个待执行任务
2026-09-01 15:07:35,192 - agentgate.task.scheduler - INFO - 开始扫描 PENDING 状态任务...
2026-09-01 15:07:35,194 - agentgate.task.scheduler - INFO - 找到 0 个待执行任务
2026-09-01 15:07:45,197 - agentgate.task.scheduler - INFO - 开始扫描 PENDING 状态任务...
2026-09-01 15:07:45,198 - agentgate.task.scheduler - INFO - 找到 0 个待执行任务
2026-09-01 15:07:55,213 - agentgate.task.scheduler - INFO - 开始扫描 PENDING 状态任务...
2026-09-01 15:07:55,214 - agentgate.task.scheduler - INFO - 找到 0 个待执行任务
2026-09-01 15:08:05,220 - agentgate.task.scheduler - INFO - 开始扫描 PENDING 状态任务...
2026-09-01 15:08:05,222 - agentgate.task.scheduler - INFO - 找到 0 个待执行任务
2026-09-01 15:08:15,232 - agentgate.task.scheduler - INFO - 开始扫描 PENDING 状态任务...
2026-09-01 15:08:15,233 - agentgate.task.scheduler - INFO - 找到 0 个待执行任务
2026-09-01 15:08:25,241 - agentgate.task.scheduler - INFO - 开始扫描 PENDING 状态任务...
2026-09-01 15:08:25,242 - agentgate.task.scheduler - INFO - 找到 0 个待执行任务
2026-09-01 15:08:35,252 - agentgate.task.scheduler - INFO - 开始扫描 PENDING 状态任务...
2026-09-01 15:08:35,254 - agentgate.task.scheduler - INFO - 找到 0 个待执行任务
2026-09-01 15:08:45,259 - agentgate.task.scheduler - INFO - 开始扫描 PENDING 状态任务...
2026-09-01 15:08:45,260 - agentgate.task.scheduler - INFO - 找到 0 个待执行任务
2026-09-01 15:08:55,264 - agentgate.task.scheduler - INFO - 开始扫描 PENDING 状态任务...
2026-09-01 15:08:55,265 - agentgate.task.scheduler - INFO - 找到 0 个待执行任务
2026-09-01 15:09:05,280 - agentgate.task.scheduler - INFO - 开始扫描 PENDING 状态任务...
2026-09-01 15:09:05,281 - agentgate.task.scheduler - INFO - 找到 0 个待执行任务
2026-09-01 15:09:15,286 - agentgate.task.scheduler - INFO - 开始扫描 PENDING 状态任务...
2026-09-01 15:09:15,287 - agentgate.task.scheduler - INFO - 找到 0 个待执行任务
2026-09-01 15:09:25,294 - agentgate.task.scheduler - INFO - 开始扫描 PENDING 状态任务...
2026-09-01 15:09:25,296 - agentgate.task.scheduler - INFO - 找到 0 个待执行任务
2026-09-01 15:09:35,296 - agentgate.task.scheduler - INFO - 开始扫描 PENDING 状态任务...
2026-09-01 15:09:35,298 - agentgate.task.scheduler - INFO - 找到 0 个待执行任务
2026-09-01 15:09:45,304 - agentgate.task.scheduler - INFO - 开始扫描 PENDING 状态任务...
2026-09-01 15:09:45,306 - agentgate.task.scheduler - INFO - 找到 0 个待执行任务
2026-09-01 15:09:55,315 - agentgate.task.scheduler - INFO - 开始扫描 PENDING 状态任务...
2026-09-01 15:09:55,316 - agentgate.task.scheduler - INFO - 找到 0 个待执行任务
2026-09-01 15:10:05,317 - agentgate.task.scheduler - INFO - 开始扫描 PENDING 状态任务...
2026-09-01 15:10:05,319 - agentgate.task.scheduler - INFO - 找到 0 个待执行任务
2026-09-01 15:10:15,333 - agentgate.task.scheduler - INFO - 开始扫描 PENDING 状态任务...
2026-09-01 15:10:15,335 - agentgate.task.scheduler - INFO - 找到 0 个待执行任务
2026-09-01 15:10:25,348 - agentgate.task.scheduler - INFO - 开始扫描 PENDING 状态任务...
2026-09-01 15:10:25,350 - agentgate.task.scheduler - INFO - 找到 0 个待执行任务
2026-09-01 15:10:35,356 - agentgate.task.scheduler - INFO - 开始扫描 PENDING 状态任务...
2026-09-01 15:10:35,357 - agentgate.task.scheduler - INFO - 找到 0 个待执行任务
2026-09-01 15:10:45,368 - agentgate.task.scheduler - INFO - 开始扫描 PENDING 状态任务...
2026-09-01 15:10:45,370 - agentgate.task.scheduler - INFO - 找到 0 个待执行任务
2026-09-01 15:10:55,378 - agentgate.task.scheduler - INFO - 开始扫描 PENDING 状态任务...
2026-09-01 15:10:55,379 - agentgate.task.scheduler - INFO - 找到 0 个待执行任务
2026-09-01 15:11:05,389 - agentgate.task.scheduler - INFO - 开始扫描 PENDING 状态任务...
2026-09-01 15:11:05,390 - agentgate.task.scheduler - INFO - 找到 0 个待执行任务
2026-09-01 15:11:15,405 - agentgate.task.scheduler - INFO - 开始扫描 PENDING 状态任务...
2026-09-01 15:11:15,406 - agentgate.task.scheduler - INFO - 找到 0 个待执行任务
2026-09-01 15:11:25,407 - agentgate.task.scheduler - INFO - 开始扫描 PENDING 状态任务...
2026-09-01 15:11:25,409 - agentgate.task.scheduler - INFO - 找到 0 个待执行任务
2026-09-01 15:11:35,421 - agentgate.task.scheduler - INFO - 开始扫描 PENDING 状态任务...
2026-09-01 15:11:35,423 - agentgate.task.scheduler - INFO - 找到 0 个待执行任务
2026-09-01 15:11:45,435 - agentgate.task.scheduler - INFO - 开始扫描 PENDING 状态任务...
2026-09-01 15:11:45,437 - agentgate.task.scheduler - INFO - 找到 0 个待执行任务
2026-09-01 15:11:55,447 - agentgate.task.scheduler - INFO - 开始扫描 PENDING 状态任务...
2026-09-01 15:11:55,449 - agentgate.task.scheduler - INFO - 找到 0 个待执行任务
2026-09-01 15:12:05,459 - agentgate.task.scheduler - INFO - 开始扫描 PENDING 状态任务...
2026-09-01 15:12:05,460 - agentgate.task.scheduler - INFO - 找到 0 个待执行任务
2026-09-01 15:12:15,471 - agentgate.task.scheduler - INFO - 开始扫描 PENDING 状态任务...
2026-09-01 15:12:15,473 - agentgate.task.scheduler - INFO - 找到 0 个待执行任务
2026-09-01 15:12:25,481 - agentgate.task.scheduler - INFO - 开始扫描 PENDING 状态任务...
2026-09-01 15:12:25,483 - agentgate.task.scheduler - INFO - 找到 0 个待执行任务
2026-09-01 15:12:35,487 - agentgate.task.scheduler - INFO - 开始扫描 PENDING 状态任务...
2026-09-01 15:12:35,488 - agentgate.task.scheduler - INFO - 找到 0 个待执行任务
2026-09-01 15:12:45,498 - agentgate.task.scheduler - INFO - 开始扫描 PENDING 状态任务...
2026-09-01 15:12:45,500 - agentgate.task.scheduler - INFO - 找到 0 个待执行任务
2026-09-01 15:12:55,506 - agentgate.task.scheduler - INFO - 开始扫描 PENDING 状态任务...
2026-09-01 15:12:55,508 - agentgate.task.scheduler - INFO - 找到 0 个待执行任务
2026-09-01 15:13:05,513 - agentgate.task.scheduler - INFO - 开始扫描 PENDING 状态任务...
2026-09-01 15:13:05,515 - agentgate.task.scheduler - INFO - 找到 0 个待执行任务
2026-09-01 15:13:15,526 - agentgate.task.scheduler - INFO - 开始扫描 PENDING 状态任务...
2026-09-01 15:13:15,528 - agentgate.task.scheduler - INFO - 找到 0 个待执行任务
2026-09-01 15:13:25,543 - agentgate.task.scheduler - INFO - 开始扫描 PENDING 状态任务...
2026-09-01 15:13:25,544 - agentgate.task.scheduler - INFO - 找到 0 个待执行任务
2026-09-01 15:13:35,546 - agentgate.task.scheduler - INFO - 开始扫描 PENDING 状态任务...
2026-09-01 15:13:35,547 - agentgate.task.scheduler - INFO - 找到 0 个待执行任务
2026-09-01 15:13:45,558 - agentgate.task.scheduler - INFO - 开始扫描 PENDING 状态任务...
2026-09-01 15:13:45,559 - agentgate.task.scheduler - INFO - 找到 0 个待执行任务
2026-09-01 15:13:55,568 - agentgate.task.scheduler - INFO - 开始扫描 PENDING 状态任务...
2026-09-01 15:13:55,569 - agentgate.task.scheduler - INFO - 找到 0 个待执行任务
2026-09-01 15:14:05,582 - agentgate.task.scheduler - INFO - 开始扫描 PENDING 状态任务...
2026-09-01 15:14:05,583 - agentgate.task.scheduler - INFO - 找到 0 个待执行任务
2026-09-01 15:14:15,590 - agentgate.task.scheduler - INFO - 开始扫描 PENDING 状态任务...
2026-09-01 15:14:15,592 - agentgate.task.scheduler - INFO - 找到 0 个待执行任务
2026-09-01 15:14:25,593 - agentgate.task.scheduler - INFO - 开始扫描 PENDING 状态任务...
2026-09-01 15:14:25,595 - agentgate.task.scheduler - INFO - 找到 0 个待执行任务
2026-09-01 15:14:35,599 - agentgate.task.scheduler - INFO - 开始扫描 PENDING 状态任务...
2026-09-01 15:14:35,600 - agentgate.task.scheduler - INFO - 找到 0 个待执行任务
2026-09-01 15:14:45,604 - agentgate.task.scheduler - INFO - 开始扫描 PENDING 状态任务...
2026-09-01 15:14:45,605 - agentgate.task.scheduler - INFO - 找到 0 个待执行任务
2026-09-01 15:14:55,620 - agentgate.task.scheduler - INFO - 开始扫描 PENDING 状态任务...
2026-09-01 15:14:55,622 - agentgate.task.scheduler - INFO - 找到 0 个待执行任务
2026-09-01 15:15:05,625 - agentgate.task.scheduler - INFO - 开始扫描 PENDING 状态任务...
2026-09-01 15:15:05,626 - agentgate.task.scheduler - INFO - 找到 0 个待执行任务
2026-09-01 15:15:15,634 - agentgate.task.scheduler - INFO - 开始扫描 PENDING 状态任务...
2026-09-01 15:15:15,635 - agentgate.task.scheduler - INFO - 找到 0 个待执行任务
2026-09-01 15:15:25,644 - agentgate.task.scheduler - INFO - 开始扫描 PENDING 状态任务...
2026-09-01 15:15:25,645 - agentgate.task.scheduler - INFO - 找到 0 个待执行任务
2026-09-01 15:15:35,653 - agentgate.task.scheduler - INFO - 开始扫描 PENDING 状态任务...
2026-09-01 15:15:35,654 - agentgate.task.scheduler - INFO - 找到 0 个待执行任务
2026-09-01 15:15:45,667 - agentgate.task.scheduler - INFO - 开始扫描 PENDING 状态任务...
2026-09-01 15:15:45,669 - agentgate.task.scheduler - INFO - 找到 0 个待执行任务
2026-09-01 15:15:55,683 - agentgate.task.scheduler - INFO - 开始扫描 PENDING 状态任务...
2026-09-01 15:15:55,684 - agentgate.task.scheduler - INFO - 找到 0 个待执行任务
2026-09-01 15:16:05,689 - agentgate.task.scheduler - INFO - 开始扫描 PENDING 状态任务...
2026-09-01 15:16:05,691 - agentgate.task.scheduler - INFO - 找到 0 个待执行任务
2026-09-01 15:16:15,707 - agentgate.task.scheduler - INFO - 开始扫描 PENDING 状态任务...
2026-09-01 15:16:15,709 - agentgate.task.scheduler - INFO - 找到 0 个待执行任务
2026-09-01 15:16:25,716 - agentgate.task.scheduler - INFO - 开始扫描 PENDING 状态任务...
2026-09-01 15:16:25,718 - agentgate.task.scheduler - INFO - 找到 0 个待执行任务
2026-09-01 15:16:35,733 - agentgate.task.scheduler - INFO - 开始扫描 PENDING 状态任务...
2026-09-01 15:16:35,735 - agentgate.task.scheduler - INFO - 找到 0 个待执行任务
2026-09-01 15:16:45,750 - agentgate.task.scheduler - INFO - 开始扫描 PENDING 状态任务...
2026-09-01 15:16:45,751 - agentgate.task.scheduler - INFO - 找到 0 个待执行任务
2026-09-01 15:16:55,755 - agentgate.task.scheduler - INFO - 开始扫描 PENDING 状态任务...
2026-09-01 15:16:55,756 - agentgate.task.scheduler - INFO - 找到 0 个待执行任务
2026-09-01 15:17:05,768 - agentgate.task.scheduler - INFO - 开始扫描 PENDING 状态任务...
2026-09-01 15:17:05,769 - agentgate.task.scheduler - INFO - 找到 0 个待执行任务
2026-09-01 15:17:15,780 - agentgate.task.scheduler - INFO - 开始扫描 PENDING 状态任务...
2026-09-01 15:17:15,782 - agentgate.task.scheduler - INFO - 找到 0 个待执行任务
2026-09-01 15:17:25,792 - agentgate.task.scheduler - INFO - 开始扫描 PENDING 状态任务...
2026-09-01 15:17:25,793 - agentgate.task.scheduler - INFO - 找到 0 个待执行任务
2026-09-01 15:17:35,803 - agentgate.task.scheduler - INFO - 开始扫描 PENDING 状态任务...
2026-09-01 15:17:35,804 - agentgate.task.scheduler - INFO - 找到 0 个待执行任务
2026-09-01 15:17:45,820 - agentgate.task.scheduler - INFO - 开始扫描 PENDING 状态任务...
2026-09-01 15:17:45,821 - agentgate.task.scheduler - INFO - 找到 0 个待执行任务
2026-09-01 15:17:55,828 - agentgate.task.scheduler - INFO - 开始扫描 PENDING 状态任务...
2026-09-01 15:17:55,829 - agentgate.task.scheduler - INFO - 找到 0 个待执行任务
2026-09-01 15:18:05,839 - agentgate.task.scheduler - INFO - 开始扫描 PENDING 状态任务...
2026-09-01 15:18:05,840 - agentgate.task.scheduler - INFO - 找到 0 个待执行任务
2026-09-01 15:18:15,851 - agentgate.task.scheduler - INFO - 开始扫描 PENDING 状态任务...
2026-09-01 15:18:15,853 - agentgate.task.scheduler - INFO - 找到 0 个待执行任务
2026-09-01 15:18:25,854 - agentgate.task.scheduler - INFO - 开始扫描 PENDING 状态任务...
2026-09-01 15:18:25,855 - agentgate.task.scheduler - INFO - 找到 0 个待执行任务
2026-09-01 15:18:35,860 - agentgate.task.scheduler - INFO - 开始扫描 PENDING 状态任务...
2026-09-01 15:18:35,862 - agentgate.task.scheduler - INFO - 找到 0 个待执行任务
2026-09-01 15:18:45,869 - agentgate.task.scheduler - INFO - 开始扫描 PENDING 状态任务...
2026-09-01 15:18:45,870 - agentgate.task.scheduler - INFO - 找到 0 个待执行任务
2026-09-01 15:18:55,871 - agentgate.task.scheduler - INFO - 开始扫描 PENDING 状态任务...
2026-09-01 15:18:55,872 - agentgate.task.scheduler - INFO - 找到 0 个待执行任务
2026-09-01 15:19:05,875 - agentgate.task.scheduler - INFO - 开始扫描 PENDING 状态任务...
2026-09-01 15:19:05,877 - agentgate.task.scheduler - INFO - 找到 0 个待执行任务
2026-09-01 15:19:15,892 - agentgate.task.scheduler - INFO - 开始扫描 PENDING 状态任务...
2026-09-01 15:19:15,894 - agentgate.task.scheduler - INFO - 找到 0 个待执行任务
2026-09-01 15:19:25,895 - agentgate.task.scheduler - INFO - 开始扫描 PENDING 状态任务...
2026-09-01 15:19:25,896 - agentgate.task.scheduler - INFO - 找到 0 个待执行任务
2026-09-01 15:19:35,910 - agentgate.task.scheduler - INFO - 开始扫描 PENDING 状态任务...
2026-09-01 15:19:35,912 - agentgate.task.scheduler - INFO - 找到 0 个待执行任务
2026-09-01 15:19:45,919 - agentgate.task.scheduler - INFO - 开始扫描 PENDING 状态任务...
2026-09-01 15:19:45,920 - agentgate.task.scheduler - INFO - 找到 0 个待执行任务
2026-09-01 15:19:55,930 - agentgate.task.scheduler - INFO - 开始扫描 PENDING 状态任务...
2026-09-01 15:19:55,931 - agentgate.task.scheduler - INFO - 找到 0 个待执行任务
2026-09-01 15:20:05,938 - agentgate.task.scheduler - INFO - 开始扫描 PENDING 状态任务...
2026-09-01 15:20:05,940 - agentgate.task.scheduler - INFO - 找到 0 个待执行任务
2026-09-01 15:20:15,950 - agentgate.task.scheduler - INFO - 开始扫描 PENDING 状态任务...
2026-09-01 15:20:15,951 - agentgate.task.scheduler - INFO - 找到 0 个待执行任务
2026-09-01 15:20:25,959 - agentgate.task.scheduler - INFO - 开始扫描 PENDING 状态任务...
2026-09-01 15:20:25,960 - agentgate.task.scheduler - INFO - 找到 0 个待执行任务
2026-09-01 15:20:35,966 - agentgate.task.scheduler - INFO - 开始扫描 PENDING 状态任务...
2026-09-01 15:20:35,968 - agentgate.task.scheduler - INFO - 找到 0 个待执行任务
2026-09-01 15:20:45,983 - agentgate.task.scheduler - INFO - 开始扫描 PENDING 状态任务...
2026-09-01 15:20:45,984 - agentgate.task.scheduler - INFO - 找到 0 个待执行任务
2026-09-01 15:20:55,998 - agentgate.task.scheduler - INFO - 开始扫描 PENDING 状态任务...
2026-09-01 15:20:55,999 - agentgate.task.scheduler - INFO - 找到 0 个待执行任务
2026-09-01 15:21:06,015 - agentgate.task.scheduler - INFO - 开始扫描 PENDING 状态任务...
2026-09-01 15:21:06,017 - agentgate.task.scheduler - INFO - 找到 0 个待执行任务
2026-09-01 15:21:16,031 - agentgate.task.scheduler - INFO - 开始扫描 PENDING 状态任务...
2026-09-01 15:21:16,032 - agentgate.task.scheduler - INFO - 找到 0 个待执行任务
2026-09-01 15:21:26,037 - agentgate.task.scheduler - INFO - 开始扫描 PENDING 状态任务...
2026-09-01 15:21:26,039 - agentgate.task.scheduler - INFO - 找到 0 个待执行任务
2026-09-01 15:21:36,041 - agentgate.task.scheduler - INFO - 开始扫描 PENDING 状态任务...
2026-09-01 15:21:36,043 - agentgate.task.scheduler - INFO - 找到 0 个待执行任务
2026-09-01 15:21:46,049 - agentgate.task.scheduler - INFO - 开始扫描 PENDING 状态任务...
2026-09-01 15:21:46,051 - agentgate.task.scheduler - INFO - 找到 0 个待执行任务
2026-09-01 15:21:56,057 - agentgate.task.scheduler - INFO - 开始扫描 PENDING 状态任务...
2026-09-01 15:21:56,058 - agentgate.task.scheduler - INFO - 找到 0 个待执行任务
2026-09-01 15:22:06,069 - agentgate.task.scheduler - INFO - 开始扫描 PENDING 状态任务...
2026-09-01 15:22:06,071 - agentgate.task.scheduler - INFO - 找到 0 个待执行任务
2026-09-01 15:22:16,083 - agentgate.task.scheduler - INFO - 开始扫描 PENDING 状态任务...
2026-09-01 15:22:16,084 - agentgate.task.scheduler - INFO - 找到 0 个待执行任务
2026-09-01 15:22:26,088 - agentgate.task.scheduler - INFO - 开始扫描 PENDING 状态任务...
2026-09-01 15:22:26,090 - agentgate.task.scheduler - INFO - 找到 0 个待执行任务
2026-09-01 15:22:36,098 - agentgate.task.scheduler - INFO - 开始扫描 PENDING 状态任务...
2026-09-01 15:22:36,099 - agentgate.task.scheduler - INFO - 找到 0 个待执行任务
2026-09-01 15:22:46,102 - agentgate.task.scheduler - INFO - 开始扫描 PENDING 状态任务...
2026-09-01 15:22:46,104 - agentgate.task.scheduler - INFO - 找到 0 个待执行任务
2026-09-01 15:22:56,113 - agentgate.task.scheduler - INFO - 开始扫描 PENDING 状态任务...
2026-09-01 15:22:56,114 - agentgate.task.scheduler - INFO - 找到 0 个待执行任务
2026-09-01 15:23:06,121 - agentgate.task.scheduler - INFO - 开始扫描 PENDING 状态任务...
2026-09-01 15:23:06,123 - agentgate.task.scheduler - INFO - 找到 0 个待执行任务
2026-09-01 15:23:16,128 - agentgate.task.scheduler - INFO - 开始扫描 PENDING 状态任务...
2026-09-01 15:23:16,130 - agentgate.task.scheduler - INFO - 找到 0 个待执行任务
2026-09-01 15:23:26,139 - agentgate.task.scheduler - INFO - 开始扫描 PENDING 状态任务...
2026-09-01 15:23:26,140 - agentgate.task.scheduler - INFO - 找到 0 个待执行任务
2026-09-01 15:23:36,146 - agentgate.task.scheduler - INFO - 开始扫描 PENDING 状态任务...
2026-09-01 15:23:36,147 - agentgate.task.scheduler - INFO - 找到 0 个待执行任务
2026-09-01 15:23:46,148 - agentgate.task.scheduler - INFO - 开始扫描 PENDING 状态任务...
2026-09-01 15:23:46,150 - agentgate.task.scheduler - INFO - 找到 0 个待执行任务
2026-09-01 15:23:56,156 - agentgate.task.scheduler - INFO - 开始扫描 PENDING 状态任务...
2026-09-01 15:23:56,157 - agentgate.task.scheduler - INFO - 找到 0 个待执行任务
2026-09-01 15:24:06,159 - agentgate.task.scheduler - INFO - 开始扫描 PENDING 状态任务...
2026-09-01 15:24:06,160 - agentgate.task.scheduler - INFO - 找到 0 个待执行任务
2026-09-01 15:24:16,161 - agentgate.task.scheduler - INFO - 开始扫描 PENDING 状态任务...
2026-09-01 15:24:16,163 - agentgate.task.scheduler - INFO - 找到 0 个待执行任务
2026-09-01 15:24:26,178 - agentgate.task.scheduler - INFO - 开始扫描 PENDING 状态任务...
2026-09-01 15:24:26,179 - agentgate.task.scheduler - INFO - 找到 0 个待执行任务
2026-09-01 15:24:36,194 - agentgate.task.scheduler - INFO - 开始扫描 PENDING 状态任务...
2026-09-01 15:24:36,196 - agentgate.task.scheduler - INFO - 找到 0 个待执行任务
2026-09-01 15:24:46,203 - agentgate.task.scheduler - INFO - 开始扫描 PENDING 状态任务...
2026-09-01 15:24:46,205 - agentgate.task.scheduler - INFO - 找到 0 个待执行任务
2026-09-01 15:24:56,217 - agentgate.task.scheduler - INFO - 开始扫描 PENDING 状态任务...
2026-09-01 15:24:56,219 - agentgate.task.scheduler - INFO - 找到 0 个待执行任务
2026-09-01 15:25:06,232 - agentgate.task.scheduler - INFO - 开始扫描 PENDING 状态任务...
2026-09-01 15:25:06,234 - agentgate.task.scheduler - INFO - 找到 0 个待执行任务
2026-09-01 15:25:16,245 - agentgate.task.scheduler - INFO - 开始扫描 PENDING 状态任务...
2026-09-01 15:25:16,246 - agentgate.task.scheduler - INFO - 找到 0 个待执行任务
2026-09-01 15:25:26,259 - agentgate.task.scheduler - INFO - 开始扫描 PENDING 状态任务...
2026-09-01 15:25:26,260 - agentgate.task.scheduler - INFO - 找到 0 个待执行任务
2026-09-01 15:25:36,271 - agentgate.task.scheduler - INFO - 开始扫描 PENDING 状态任务...
2026-09-01 15:25:36,272 - agentgate.task.scheduler - INFO - 找到 0 个待执行任务
2026-09-01 15:25:46,280 - agentgate.task.scheduler - INFO - 开始扫描 PENDING 状态任务...
2026-09-01 15:25:46,281 - agentgate.task.scheduler - INFO - 找到 0 个待执行任务
2026-09-01 15:25:56,296 - agentgate.task.scheduler - INFO - 开始扫描 PENDING 状态任务...
2026-09-01 15:25:56,298 - agentgate.task.scheduler - INFO - 找到 0 个待执行任务
2026-09-01 15:26:06,302 - agentgate.task.scheduler - INFO - 开始扫描 PENDING 状态任务...
2026-09-01 15:26:06,304 - agentgate.task.scheduler - INFO - 找到 0 个待执行任务
2026-09-01 15:26:16,315 - agentgate.task.scheduler - INFO - 开始扫描 PENDING 状态任务...
2026-09-01 15:26:16,316 - agentgate.task.scheduler - INFO - 找到 0 个待执行任务
2026-09-01 15:26:26,330 - agentgate.task.scheduler - INFO - 开始扫描 PENDING 状态任务...
2026-09-01 15:26:26,331 - agentgate.task.scheduler - INFO - 找到 0 个待执行任务
2026-09-01 15:26:36,345 - agentgate.task.scheduler - INFO - 开始扫描 PENDING 状态任务...
2026-09-01 15:26:36,347 - agentgate.task.scheduler - INFO - 找到 0 个待执行任务
2026-09-01 15:26:46,355 - agentgate.task.scheduler - INFO - 开始扫描 PENDING 状态任务...
2026-09-01 15:26:46,356 - agentgate.task.scheduler - INFO - 找到 0 个待执行任务
2026-09-01 15:26:56,366 - agentgate.task.scheduler - INFO - 开始扫描 PENDING 状态任务...
2026-09-01 15:26:56,367 - agentgate.task.scheduler - INFO - 找到 0 个待执行任务
2026-09-01 15:27:06,371 - agentgate.task.scheduler - INFO - 开始扫描 PENDING 状态任务...
2026-09-01 15:27:06,373 - agentgate.task.scheduler - INFO - 找到 0 个待执行任务
2026-09-01 15:27:16,380 - agentgate.task.scheduler - INFO - 开始扫描 PENDING 状态任务...
2026-09-01 15:27:16,382 - agentgate.task.scheduler - INFO - 找到 0 个待执行任务
2026-09-01 15:27:26,390 - agentgate.task.scheduler - INFO - 开始扫描 PENDING 状态任务...
2026-09-01 15:27:26,391 - agentgate.task.scheduler - INFO - 找到 0 个待执行任务
2026-09-01 15:27:36,406 - agentgate.task.scheduler - INFO - 开始扫描 PENDING 状态任务...
2026-09-01 15:27:36,407 - agentgate.task.scheduler - INFO - 找到 0 个待执行任务
2026-09-01 15:27:46,417 - agentgate.task.scheduler - INFO - 开始扫描 PENDING 状态任务...
2026-09-01 15:27:46,419 - agentgate.task.scheduler - INFO - 找到 0 个待执行任务
2026-09-01 15:27:56,427 - agentgate.task.scheduler - INFO - 开始扫描 PENDING 状态任务...
2026-09-01 15:27:56,429 - agentgate.task.scheduler - INFO - 找到 0 个待执行任务
2026-09-01 15:28:06,437 - agentgate.task.scheduler - INFO - 开始扫描 PENDING 状态任务...
2026-09-01 15:28:06,439 - agentgate.task.scheduler - INFO - 找到 0 个待执行任务
2026-09-01 15:28:16,452 - agentgate.task.scheduler - INFO - 开始扫描 PENDING 状态任务...
2026-09-01 15:28:16,454 - agentgate.task.scheduler - INFO - 找到 0 个待执行任务
2026-09-01 15:28:26,460 - agentgate.task.scheduler - INFO - 开始扫描 PENDING 状态任务...
2026-09-01 15:28:26,461 - agentgate.task.scheduler - INFO - 找到 0 个待执行任务
2026-09-01 15:28:36,476 - agentgate.task.scheduler - INFO - 开始扫描 PENDING 状态任务...
2026-09-01 15:28:36,478 - agentgate.task.scheduler - INFO - 找到 0 个待执行任务
2026-09-01 15:28:46,480 - agentgate.task.scheduler - INFO - 开始扫描 PENDING 状态任务...
2026-09-01 15:28:46,481 - agentgate.task.scheduler - INFO - 找到 0 个待执行任务
2026-09-01 15:28:56,489 - agentgate.task.scheduler - INFO - 开始扫描 PENDING 状态任务...
2026-09-01 15:28:56,491 - agentgate.task.scheduler - INFO - 找到 0 个待执行任务
2026-09-01 15:29:06,498 - agentgate.task.scheduler - INFO - 开始扫描 PENDING 状态任务...
2026-09-01 15:29:06,499 - agentgate.task.scheduler - INFO - 找到 0 个待执行任务
2026-09-01 15:29:16,512 - agentgate.task.scheduler - INFO - 开始扫描 PENDING 状态任务...
2026-09-01 15:29:16,513 - agentgate.task.scheduler - INFO - 找到 0 个待执行任务
2026-09-01 15:29:26,524 - agentgate.task.scheduler - INFO - 开始扫描 PENDING 状态任务...
2026-09-01 15:29:26,525 - agentgate.task.scheduler - INFO - 找到 0 个待执行任务
2026-09-01 15:29:36,531 - agentgate.task.scheduler - INFO - 开始扫描 PENDING 状态任务...
2026-09-01 15:29:36,533 - agentgate.task.scheduler - INFO - 找到 0 个待执行任务
2026-09-01 15:29:46,540 - agentgate.task.scheduler - INFO - 开始扫描 PENDING 状态任务...
2026-09-01 15:29:46,542 - agentgate.task.scheduler - INFO - 找到 0 个待执行任务
2026-09-01 15:29:56,556 - agentgate.task.scheduler - INFO - 开始扫描 PENDING 状态任务...
2026-09-01 15:29:56,558 - agentgate.task.scheduler - INFO - 找到 0 个待执行任务
2026-09-01 15:30:06,560 - agentgate.task.scheduler - INFO - 开始扫描 PENDING 状态任务...
2026-09-01 15:30:06,562 - agentgate.task.scheduler - INFO - 找到 0 个待执行任务
2026-09-01 15:30:16,565 - agentgate.task.scheduler - INFO - 开始扫描 PENDING 状态任务...
2026-09-01 15:30:16,567 - agentgate.task.scheduler - INFO - 找到 0 个待执行任务
2026-09-01 15:30:26,580 - agentgate.task.scheduler - INFO - 开始扫描 PENDING 状态任务...
2026-09-01 15:30:26,581 - agentgate.task.scheduler - INFO - 找到 0 个待执行任务
2026-09-01 15:30:36,595 - agentgate.task.scheduler - INFO - 开始扫描 PENDING 状态任务...
2026-09-01 15:30:36,596 - agentgate.task.scheduler - INFO - 找到 0 个待执行任务
2026-09-01 15:30:46,611 - agentgate.task.scheduler - INFO - 开始扫描 PENDING 状态任务...
2026-09-01 15:30:46,612 - agentgate.task.scheduler - INFO - 找到 0 个待执行任务
2026-09-01 15:30:56,619 - agentgate.task.scheduler - INFO - 开始扫描 PENDING 状态任务...
2026-09-01 15:30:56,621 - agentgate.task.scheduler - INFO - 找到 0 个待执行任务
2026-09-01 15:31:06,624 - agentgate.task.scheduler - INFO - 开始扫描 PENDING 状态任务...
2026-09-01 15:31:06,625 - agentgate.task.scheduler - INFO - 找到 0 个待执行任务
2026-09-01 15:31:16,634 - agentgate.task.scheduler - INFO - 开始扫描 PENDING 状态任务...
2026-09-01 15:31:16,635 - agentgate.task.scheduler - INFO - 找到 0 个待执行任务
2026-09-01 15:31:26,637 - agentgate.task.scheduler - INFO - 开始扫描 PENDING 状态任务...
2026-09-01 15:31:26,639 - agentgate.task.scheduler - INFO - 找到 0 个待执行任务
2026-09-01 15:31:36,643 - agentgate.task.scheduler - INFO - 开始扫描 PENDING 状态任务...
2026-09-01 15:31:36,645 - agentgate.task.scheduler - INFO - 找到 0 个待执行任务
2026-09-01 15:31:46,658 - agentgate.task.scheduler - INFO - 开始扫描 PENDING 状态任务...
2026-09-01 15:31:46,660 - agentgate.task.scheduler - INFO - 找到 0 个待执行任务
2026-09-01 15:31:56,670 - agentgate.task.scheduler - INFO - 开始扫描 PENDING 状态任务...
2026-09-01 15:31:56,672 - agentgate.task.scheduler - INFO - 找到 0 个待执行任务
2026-09-01 15:32:06,677 - agentgate.task.scheduler - INFO - 开始扫描 PENDING 状态任务...
2026-09-01 15:32:06,678 - agentgate.task.scheduler - INFO - 找到 0 个待执行任务
2026-09-01 15:32:16,678 - agentgate.task.scheduler - INFO - 开始扫描 PENDING 状态任务...
2026-09-01 15:32:16,680 - agentgate.task.scheduler - INFO - 找到 0 个待执行任务
2026-09-01 15:32:26,693 - agentgate.task.scheduler - INFO - 开始扫描 PENDING 状态任务...
2026-09-01 15:32:26,695 - agentgate.task.scheduler - INFO - 找到 0 个待执行任务
2026-09-01 15:32:36,706 - agentgate.task.scheduler - INFO - 开始扫描 PENDING 状态任务...
2026-09-01 15:32:36,707 - agentgate.task.scheduler - INFO - 找到 0 个待执行任务
2026-09-01 15:32:46,712 - agentgate.task.scheduler - INFO - 开始扫描 PENDING 状态任务...
2026-09-01 15:32:46,714 - agentgate.task.scheduler - INFO - 找到 0 个待执行任务
2026-09-01 15:32:56,724 - agentgate.task.scheduler - INFO - 开始扫描 PENDING 状态任务...
2026-09-01 15:32:56,726 - agentgate.task.scheduler - INFO - 找到 0 个待执行任务
2026-09-01 15:33:06,736 - agentgate.task.scheduler - INFO - 开始扫描 PENDING 状态任务...
2026-09-01 15:33:06,738 - agentgate.task.scheduler - INFO - 找到 0 个待执行任务
2026-09-01 15:33:16,753 - agentgate.task.scheduler - INFO - 开始扫描 PENDING 状态任务...
2026-09-01 15:33:16,755 - agentgate.task.scheduler - INFO - 找到 0 个待执行任务
2026-09-01 15:33:26,758 - agentgate.task.scheduler - INFO - 开始扫描 PENDING 状态任务...
2026-09-01 15:33:26,759 - agentgate.task.scheduler - INFO - 找到 0 个待执行任务
2026-09-01 15:33:36,765 - agentgate.task.scheduler - INFO - 开始扫描 PENDING 状态任务...
2026-09-01 15:33:36,766 - agentgate.task.scheduler - INFO - 找到 0 个待执行任务
2026-09-01 15:33:46,775 - agentgate.task.scheduler - INFO - 开始扫描 PENDING 状态任务...
2026-09-01 15:33:46,776 - agentgate.task.scheduler - INFO - 找到 0 个待执行任务
2026-09-01 15:33:56,781 - agentgate.task.scheduler - INFO - 开始扫描 PENDING 状态任务...
2026-09-01 15:33:56,783 - agentgate.task.scheduler - INFO - 找到 0 个待执行任务
2026-09-01 15:34:06,798 - agentgate.task.scheduler - INFO - 开始扫描 PENDING 状态任务...
2026-09-01 15:34:06,799 - agentgate.task.scheduler - INFO - 找到 0 个待执行任务
2026-09-01 15:34:16,816 - agentgate.task.scheduler - INFO - 开始扫描 PENDING 状态任务...
2026-09-01 15:34:16,817 - agentgate.task.scheduler - INFO - 找到 0 个待执行任务
2026-09-01 15:34:26,820 - agentgate.task.scheduler - INFO - 开始扫描 PENDING 状态任务...
2026-09-01 15:34:26,821 - agentgate.task.scheduler - INFO - 找到 0 个待执行任务
2026-09-01 15:34:36,831 - agentgate.task.scheduler - INFO - 开始扫描 PENDING 状态任务...
2026-09-01 15:34:36,833 - agentgate.task.scheduler - INFO - 找到 0 个待执行任务
2026-09-01 15:34:46,846 - agentgate.task.scheduler - INFO - 开始扫描 PENDING 状态任务...
2026-09-01 15:34:46,848 - agentgate.task.scheduler - INFO - 找到 0 个待执行任务
2026-09-01 15:34:56,856 - agentgate.task.scheduler - INFO - 开始扫描 PENDING 状态任务...
2026-09-01 15:34:56,858 - agentgate.task.scheduler - INFO - 找到 0 个待执行任务
2026-09-01 15:35:06,868 - agentgate.task.scheduler - INFO - 开始扫描 PENDING 状态任务...
2026-09-01 15:35:06,870 - agentgate.task.scheduler - INFO - 找到 0 个待执行任务
2026-09-01 15:35:16,871 - agentgate.task.scheduler - INFO - 开始扫描 PENDING 状态任务...
2026-09-01 15:35:16,872 - agentgate.task.scheduler - INFO - 找到 0 个待执行任务
2026-09-01 15:35:26,888 - agentgate.task.scheduler - INFO - 开始扫描 PENDING 状态任务...
2026-09-01 15:35:26,890 - agentgate.task.scheduler - INFO - 找到 0 个待执行任务
2026-09-01 15:35:36,897 - agentgate.task.scheduler - INFO - 开始扫描 PENDING 状态任务...
2026-09-01 15:35:36,898 - agentgate.task.scheduler - INFO - 找到 0 个待执行任务
2026-09-01 15:35:46,906 - agentgate.task.scheduler - INFO - 开始扫描 PENDING 状态任务...
2026-09-01 15:35:46,908 - agentgate.task.scheduler - INFO - 找到 0 个待执行任务
2026-09-01 15:35:56,913 - agentgate.task.scheduler - INFO - 开始扫描 PENDING 状态任务...
2026-09-01 15:35:56,914 - agentgate.task.scheduler - INFO - 找到 0 个待执行任务
2026-09-01 15:36:06,916 - agentgate.task.scheduler - INFO - 开始扫描 PENDING 状态任务...
2026-09-01 15:36:06,917 - agentgate.task.scheduler - INFO - 找到 0 个待执行任务
2026-09-01 15:36:16,922 - agentgate.task.scheduler - INFO - 开始扫描 PENDING 状态任务...
2026-09-01 15:36:16,923 - agentgate.task.scheduler - INFO - 找到 0 个待执行任务
2026-09-01 15:36:26,932 - agentgate.task.scheduler - INFO - 开始扫描 PENDING 状态任务...
2026-09-01 15:36:26,934 - agentgate.task.scheduler - INFO - 找到 0 个待执行任务
2026-09-01 15:36:36,946 - agentgate.task.scheduler - INFO - 开始扫描 PENDING 状态任务...
2026-09-01 15:36:36,947 - agentgate.task.scheduler - INFO - 找到 0 个待执行任务
2026-09-01 15:36:46,961 - agentgate.task.scheduler - INFO - 开始扫描 PENDING 状态任务...
2026-09-01 15:36:46,962 - agentgate.task.scheduler - INFO - 找到 0 个待执行任务
2026-09-01 15:36:56,963 - agentgate.task.scheduler - INFO - 开始扫描 PENDING 状态任务...
2026-09-01 15:36:56,964 - agentgate.task.scheduler - INFO - 找到 0 个待执行任务
2026-09-01 15:37:06,976 - agentgate.task.scheduler - INFO - 开始扫描 PENDING 状态任务...
2026-09-01 15:37:06,977 - agentgate.task.scheduler - INFO - 找到 0 个待执行任务
2026-09-01 15:37:16,984 - agentgate.task.scheduler - INFO - 开始扫描 PENDING 状态任务...
2026-09-01 15:37:16,985 - agentgate.task.scheduler - INFO - 找到 0 个待执行任务
2026-09-01 15:37:26,996 - agentgate.task.scheduler - INFO - 开始扫描 PENDING 状态任务...
2026-09-01 15:37:26,998 - agentgate.task.scheduler - INFO - 找到 0 个待执行任务
2026-09-01 15:37:37,004 - agentgate.task.scheduler - INFO - 开始扫描 PENDING 状态任务...
2026-09-01 15:37:37,005 - agentgate.task.scheduler - INFO - 找到 0 个待执行任务
2026-09-01 15:37:47,018 - agentgate.task.scheduler - INFO - 开始扫描 PENDING 状态任务...
2026-09-01 15:37:47,019 - agentgate.task.scheduler - INFO - 找到 0 个待执行任务
2026-09-01 15:37:57,028 - agentgate.task.scheduler - INFO - 开始扫描 PENDING 状态任务...
2026-09-01 15:37:57,030 - agentgate.task.scheduler - INFO - 找到 0 个待执行任务
2026-09-01 15:38:07,041 - agentgate.task.scheduler - INFO - 开始扫描 PENDING 状态任务...
2026-09-01 15:38:07,043 - agentgate.task.scheduler - INFO - 找到 0 个待执行任务
2026-09-01 15:38:17,051 - agentgate.task.scheduler - INFO - 开始扫描 PENDING 状态任务...
2026-09-01 15:38:17,052 - agentgate.task.scheduler - INFO - 找到 0 个待执行任务
2026-09-01 15:38:27,063 - agentgate.task.scheduler - INFO - 开始扫描 PENDING 状态任务...
2026-09-01 15:38:27,065 - agentgate.task.scheduler - INFO - 找到 0 个待执行任务
2026-09-01 15:38:37,079 - agentgate.task.scheduler - INFO - 开始扫描 PENDING 状态任务...
2026-09-01 15:38:37,080 - agentgate.task.scheduler - INFO - 找到 0 个待执行任务
2026-09-01 15:38:47,093 - agentgate.task.scheduler - INFO - 开始扫描 PENDING 状态任务...
2026-09-01 15:38:47,095 - agentgate.task.scheduler - INFO - 找到 0 个待执行任务
2026-09-01 15:38:57,105 - agentgate.task.scheduler - INFO - 开始扫描 PENDING 状态任务...
2026-09-01 15:38:57,107 - agentgate.task.scheduler - INFO - 找到 0 个待执行任务
2026-09-01 15:39:07,114 - agentgate.task.scheduler - INFO - 开始扫描 PENDING 状态任务...
2026-09-01 15:39:07,115 - agentgate.task.scheduler - INFO - 找到 0 个待执行任务
2026-09-01 15:39:17,127 - agentgate.task.scheduler - INFO - 开始扫描 PENDING 状态任务...
2026-09-01 15:39:17,129 - agentgate.task.scheduler - INFO - 找到 0 个待执行任务
2026-09-01 15:39:27,137 - agentgate.task.scheduler - INFO - 开始扫描 PENDING 状态任务...
2026-09-01 15:39:27,139 - agentgate.task.scheduler - INFO - 找到 0 个待执行任务
2026-09-01 15:39:37,153 - agentgate.task.scheduler - INFO - 开始扫描 PENDING 状态任务...
2026-09-01 15:39:37,155 - agentgate.task.scheduler - INFO - 找到 0 个待执行任务
2026-09-01 15:39:47,166 - agentgate.task.scheduler - INFO - 开始扫描 PENDING 状态任务...
2026-09-01 15:39:47,167 - agentgate.task.scheduler - INFO - 找到 0 个待执行任务
2026-09-01 15:39:57,176 - agentgate.task.scheduler - INFO - 开始扫描 PENDING 状态任务...
2026-09-01 15:39:57,178 - agentgate.task.scheduler - INFO - 找到 0 个待执行任务
2026-09-01 15:40:07,181 - agentgate.task.scheduler - INFO - 开始扫描 PENDING 状态任务...
2026-09-01 15:40:07,182 - agentgate.task.scheduler - INFO - 找到 0 个待执行任务
2026-09-01 15:40:17,183 - agentgate.task.scheduler - INFO - 开始扫描 PENDING 状态任务...
2026-09-01 15:40:17,185 - agentgate.task.scheduler - INFO - 找到 0 个待执行任务
2026-09-01 15:40:27,197 - agentgate.task.scheduler - INFO - 开始扫描 PENDING 状态任务...
2026-09-01 15:40:27,199 - agentgate.task.scheduler - INFO - 找到 0 个待执行任务
2026-09-01 15:40:37,207 - agentgate.task.scheduler - INFO - 开始扫描 PENDING 状态任务...
2026-09-01 15:40:37,208 - agentgate.task.scheduler - INFO - 找到 0 个待执行任务
2026-09-01 15:40:47,222 - agentgate.task.scheduler - INFO - 开始扫描 PENDING 状态任务...
2026-09-01 15:40:47,223 - agentgate.task.scheduler - INFO - 找到 0 个待执行任务
2026-09-01 15:40:57,233 - agentgate.task.scheduler - INFO - 开始扫描 PENDING 状态任务...
2026-09-01 15:40:57,235 - agentgate.task.scheduler - INFO - 找到 0 个待执行任务
2026-09-01 15:41:07,251 - agentgate.task.scheduler - INFO - 开始扫描 PENDING 状态任务...
2026-09-01 15:41:07,252 - agentgate.task.scheduler - INFO - 找到 0 个待执行任务
2026-09-01 15:41:17,255 - agentgate.task.scheduler - INFO - 开始扫描 PENDING 状态任务...
2026-09-01 15:41:17,256 - agentgate.task.scheduler - INFO - 找到 0 个待执行任务
2026-09-01 15:41:27,269 - agentgate.task.scheduler - INFO - 开始扫描 PENDING 状态任务...
2026-09-01 15:41:27,271 - agentgate.task.scheduler - INFO - 找到 0 个待执行任务
2026-09-01 15:41:37,280 - agentgate.task.scheduler - INFO - 开始扫描 PENDING 状态任务...
2026-09-01 15:41:37,282 - agentgate.task.scheduler - INFO - 找到 0 个待执行任务
2026-09-01 15:41:47,288 - agentgate.task.scheduler - INFO - 开始扫描 PENDING 状态任务...
2026-09-01 15:41:47,290 - agentgate.task.scheduler - INFO - 找到 0 个待执行任务
2026-09-01 15:41:57,301 - agentgate.task.scheduler - INFO - 开始扫描 PENDING 状态任务...
2026-09-01 15:41:57,302 - agentgate.task.scheduler - INFO - 找到 0 个待执行任务
2026-09-01 15:42:07,312 - agentgate.task.scheduler - INFO - 开始扫描 PENDING 状态任务...
2026-09-01 15:42:07,314 - agentgate.task.scheduler - INFO - 找到 0 个待执行任务
2026-09-01 15:42:17,315 - agentgate.task.scheduler - INFO - 开始扫描 PENDING 状态任务...
2026-09-01 15:42:17,316 - agentgate.task.scheduler - INFO - 找到 0 个待执行任务
2026-09-01 15:42:27,332 - agentgate.task.scheduler - INFO - 开始扫描 PENDING 状态任务...
2026-09-01 15:42:27,334 - agentgate.task.scheduler - INFO - 找到 0 个待执行任务
2026-09-01 15:42:37,340 - agentgate.task.scheduler - INFO - 开始扫描 PENDING 状态任务...
2026-09-01 15:42:37,341 - agentgate.task.scheduler - INFO - 找到 0 个待执行任务
2026-09-01 15:42:47,354 - agentgate.task.scheduler - INFO - 开始扫描 PENDING 状态任务...
2026-09-01 15:42:47,356 - agentgate.task.scheduler - INFO - 找到 0 个待执行任务
2026-09-01 15:42:57,371 - agentgate.task.scheduler - INFO - 开始扫描 PENDING 状态任务...
2026-09-01 15:42:57,373 - agentgate.task.scheduler - INFO - 找到 0 个待执行任务
2026-09-01 15:43:07,376 - agentgate.task.scheduler - INFO - 开始扫描 PENDING 状态任务...
2026-09-01 15:43:07,378 - agentgate.task.scheduler - INFO - 找到 0 个待执行任务
2026-09-01 15:43:17,390 - agentgate.task.scheduler - INFO - 开始扫描 PENDING 状态任务...
2026-09-01 15:43:17,392 - agentgate.task.scheduler - INFO - 找到 0 个待执行任务
2026-09-01 15:43:27,393 - agentgate.task.scheduler - INFO - 开始扫描 PENDING 状态任务...
2026-09-01 15:43:27,395 - agentgate.task.scheduler - INFO - 找到 0 个待执行任务
2026-09-01 15:43:37,406 - agentgate.task.scheduler - INFO - 开始扫描 PENDING 状态任务...
2026-09-01 15:43:37,407 - agentgate.task.scheduler - INFO - 找到 0 个待执行任务
2026-09-01 15:43:47,416 - agentgate.task.scheduler - INFO - 开始扫描 PENDING 状态任务...
2026-09-01 15:43:47,417 - agentgate.task.scheduler - INFO - 找到 0 个待执行任务
2026-09-01 15:43:57,428 - agentgate.task.scheduler - INFO - 开始扫描 PENDING 状态任务...
2026-09-01 15:43:57,430 - agentgate.task.scheduler - INFO - 找到 0 个待执行任务
2026-09-01 15:44:07,435 - agentgate.task.scheduler - INFO - 开始扫描 PENDING 状态任务...
2026-09-01 15:44:07,436 - agentgate.task.scheduler - INFO - 找到 0 个待执行任务
2026-09-01 15:44:17,442 - agentgate.task.scheduler - INFO - 开始扫描 PENDING 状态任务...
2026-09-01 15:44:17,444 - agentgate.task.scheduler - INFO - 找到 0 个待执行任务
2026-09-01 15:44:27,459 - agentgate.task.scheduler - INFO - 开始扫描 PENDING 状态任务...
2026-09-01 15:44:27,461 - agentgate.task.scheduler - INFO - 找到 0 个待执行任务
2026-09-01 15:44:37,472 - agentgate.task.scheduler - INFO - 开始扫描 PENDING 状态任务...
2026-09-01 15:44:37,474 - agentgate.task.scheduler - INFO - 找到 0 个待执行任务
2026-09-01 15:44:47,481 - agentgate.task.scheduler - INFO - 开始扫描 PENDING 状态任务...
2026-09-01 15:44:47,482 - agentgate.task.scheduler - INFO - 找到 0 个待执行任务
2026-09-01 15:44:57,496 - agentgate.task.scheduler - INFO - 开始扫描 PENDING 状态任务...
2026-09-01 15:44:57,498 - agentgate.task.scheduler - INFO - 找到 0 个待执行任务
2026-09-01 15:45:07,506 - agentgate.task.scheduler - INFO - 开始扫描 PENDING 状态任务...
2026-09-01 15:45:07,508 - agentgate.task.scheduler - INFO - 找到 0 个待执行任务
2026-09-01 15:45:17,513 - agentgate.task.scheduler - INFO - 开始扫描 PENDING 状态任务...
2026-09-01 15:45:17,515 - agentgate.task.scheduler - INFO - 找到 0 个待执行任务
2026-09-01 15:45:27,531 - agentgate.task.scheduler - INFO - 开始扫描 PENDING 状态任务...
2026-09-01 15:45:27,533 - agentgate.task.scheduler - INFO - 找到 0 个待执行任务
2026-09-01 15:45:37,540 - agentgate.task.scheduler - INFO - 开始扫描 PENDING 状态任务...
2026-09-01 15:45:37,542 - agentgate.task.scheduler - INFO - 找到 0 个待执行任务
2026-09-01 15:45:47,552 - agentgate.task.scheduler - INFO - 开始扫描 PENDING 状态任务...
2026-09-01 15:45:47,553 - agentgate.task.scheduler - INFO - 找到 0 个待执行任务
2026-09-01 15:45:57,563 - agentgate.task.scheduler - INFO - 开始扫描 PENDING 状态任务...
2026-09-01 15:45:57,565 - agentgate.task.scheduler - INFO - 找到 0 个待执行任务
2026-09-01 15:46:07,581 - agentgate.task.scheduler - INFO - 开始扫描 PENDING 状态任务...
2026-09-01 15:46:07,582 - agentgate.task.scheduler - INFO - 找到 0 个待执行任务
2026-09-01 15:46:17,595 - agentgate.task.scheduler - INFO - 开始扫描 PENDING 状态任务...
2026-09-01 15:46:17,596 - agentgate.task.scheduler - INFO - 找到 0 个待执行任务
2026-09-01 15:46:27,600 - agentgate.task.scheduler - INFO - 开始扫描 PENDING 状态任务...
2026-09-01 15:46:27,602 - agentgate.task.scheduler - INFO - 找到 0 个待执行任务
2026-09-01 15:46:37,609 - agentgate.task.scheduler - INFO - 开始扫描 PENDING 状态任务...
2026-09-01 15:46:37,611 - agentgate.task.scheduler - INFO - 找到 0 个待执行任务
2026-09-01 15:46:47,618 - agentgate.task.scheduler - INFO - 开始扫描 PENDING 状态任务...
2026-09-01 15:46:47,620 - agentgate.task.scheduler - INFO - 找到 0 个待执行任务
2026-09-01 15:46:57,629 - agentgate.task.scheduler - INFO - 开始扫描 PENDING 状态任务...
2026-09-01 15:46:57,630 - agentgate.task.scheduler - INFO - 找到 0 个待执行任务
2026-09-01 15:47:07,640 - agentgate.task.scheduler - INFO - 开始扫描 PENDING 状态任务...
2026-09-01 15:47:07,642 - agentgate.task.scheduler - INFO - 找到 0 个待执行任务
2026-09-01 15:47:17,646 - agentgate.task.scheduler - INFO - 开始扫描 PENDING 状态任务...
2026-09-01 15:47:17,647 - agentgate.task.scheduler - INFO - 找到 0 个待执行任务
2026-09-01 15:47:27,652 - agentgate.task.scheduler - INFO - 开始扫描 PENDING 状态任务...
2026-09-01 15:47:27,653 - agentgate.task.scheduler - INFO - 找到 0 个待执行任务
2026-09-01 15:47:37,661 - agentgate.task.scheduler - INFO - 开始扫描 PENDING 状态任务...
2026-09-01 15:47:37,662 - agentgate.task.scheduler - INFO - 找到 0 个待执行任务
2026-09-01 15:47:47,668 - agentgate.task.scheduler - INFO - 开始扫描 PENDING 状态任务...
2026-09-01 15:47:47,669 - agentgate.task.scheduler - INFO - 找到 0 个待执行任务
2026-09-01 15:47:57,682 - agentgate.task.scheduler - INFO - 开始扫描 PENDING 状态任务...
2026-09-01 15:47:57,683 - agentgate.task.scheduler - INFO - 找到 0 个待执行任务
2026-09-01 15:48:07,694 - agentgate.task.scheduler - INFO - 开始扫描 PENDING 状态任务...
2026-09-01 15:48:07,697 - agentgate.task.scheduler - INFO - 找到 0 个待执行任务
2026-09-01 15:48:17,700 - agentgate.task.scheduler - INFO - 开始扫描 PENDING 状态任务...
2026-09-01 15:48:17,701 - agentgate.task.scheduler - INFO - 找到 0 个待执行任务
2026-09-01 15:48:27,714 - agentgate.task.scheduler - INFO - 开始扫描 PENDING 状态任务...
2026-09-01 15:48:27,716 - agentgate.task.scheduler - INFO - 找到 0 个待执行任务
2026-09-01 15:48:37,727 - agentgate.task.scheduler - INFO - 开始扫描 PENDING 状态任务...
2026-09-01 15:48:37,729 - agentgate.task.scheduler - INFO - 找到 0 个待执行任务
2026-09-01 15:48:47,735 - agentgate.task.scheduler - INFO - 开始扫描 PENDING 状态任务...
2026-09-01 15:48:47,736 - agentgate.task.scheduler - INFO - 找到 0 个待执行任务
2026-09-01 15:48:57,739 - agentgate.task.scheduler - INFO - 开始扫描 PENDING 状态任务...
2026-09-01 15:48:57,740 - agentgate.task.scheduler - INFO - 找到 0 个待执行任务
2026-09-01 15:49:07,745 - agentgate.task.scheduler - INFO - 开始扫描 PENDING 状态任务...
2026-09-01 15:49:07,747 - agentgate.task.scheduler - INFO - 找到 0 个待执行任务
2026-09-01 15:49:17,756 - agentgate.task.scheduler - INFO - 开始扫描 PENDING 状态任务...
2026-09-01 15:49:17,758 - agentgate.task.scheduler - INFO - 找到 0 个待执行任务
2026-09-01 15:49:27,772 - agentgate.task.scheduler - INFO - 开始扫描 PENDING 状态任务...
2026-09-01 15:49:27,774 - agentgate.task.scheduler - INFO - 找到 0 个待执行任务
2026-09-01 15:49:37,776 - agentgate.task.scheduler - INFO - 开始扫描 PENDING 状态任务...
2026-09-01 15:49:37,778 - agentgate.task.scheduler - INFO - 找到 0 个待执行任务
2026-09-01 15:49:47,787 - agentgate.task.scheduler - INFO - 开始扫描 PENDING 状态任务...
2026-09-01 15:49:47,788 - agentgate.task.scheduler - INFO - 找到 0 个待执行任务
2026-09-01 15:49:57,803 - agentgate.task.scheduler - INFO - 开始扫描 PENDING 状态任务...
2026-09-01 15:49:57,804 - agentgate.task.scheduler - INFO - 找到 0 个待执行任务
2026-09-01 15:50:07,819 - agentgate.task.scheduler - INFO - 开始扫描 PENDING 状态任务...
2026-09-01 15:50:07,820 - agentgate.task.scheduler - INFO - 找到 0 个待执行任务
2026-09-01 15:50:17,832 - agentgate.task.scheduler - INFO - 开始扫描 PENDING 状态任务...
2026-09-01 15:50:17,834 - agentgate.task.scheduler - INFO - 找到 0 个待执行任务
2026-09-01 15:50:27,838 - agentgate.task.scheduler - INFO - 开始扫描 PENDING 状态任务...
2026-09-01 15:50:27,839 - agentgate.task.scheduler - INFO - 找到 0 个待执行任务
2026-09-01 15:50:37,848 - agentgate.task.scheduler - INFO - 开始扫描 PENDING 状态任务...
2026-09-01 15:50:37,850 - agentgate.task.scheduler - INFO - 找到 0 个待执行任务
2026-09-01 15:50:47,857 - agentgate.task.scheduler - INFO - 开始扫描 PENDING 状态任务...
2026-09-01 15:50:47,859 - agentgate.task.scheduler - INFO - 找到 0 个待执行任务
2026-09-01 15:50:57,873 - agentgate.task.scheduler - INFO - 开始扫描 PENDING 状态任务...
2026-09-01 15:50:57,874 - agentgate.task.scheduler - INFO - 找到 0 个待执行任务
2026-09-01 15:51:07,878 - agentgate.task.scheduler - INFO - 开始扫描 PENDING 状态任务...
2026-09-01 15:51:07,879 - agentgate.task.scheduler - INFO - 找到 0 个待执行任务
2026-09-01 15:51:17,895 - agentgate.task.scheduler - INFO - 开始扫描 PENDING 状态任务...
2026-09-01 15:51:17,896 - agentgate.task.scheduler - INFO - 找到 0 个待执行任务
2026-09-01 15:51:27,905 - agentgate.task.scheduler - INFO - 开始扫描 PENDING 状态任务...
2026-09-01 15:51:27,906 - agentgate.task.scheduler - INFO - 找到 0 个待执行任务
2026-09-01 15:51:37,907 - agentgate.task.scheduler - INFO - 开始扫描 PENDING 状态任务...
2026-09-01 15:51:37,909 - agentgate.task.scheduler - INFO - 找到 0 个待执行任务
2026-09-01 15:51:47,910 - agentgate.task.scheduler - INFO - 开始扫描 PENDING 状态任务...
2026-09-01 15:51:47,912 - agentgate.task.scheduler - INFO - 找到 0 个待执行任务
2026-09-01 15:51:57,920 - agentgate.task.scheduler - INFO - 开始扫描 PENDING 状态任务...
2026-09-01 15:51:57,922 - agentgate.task.scheduler - INFO - 找到 0 个待执行任务
2026-09-01 15:52:07,926 - agentgate.task.scheduler - INFO - 开始扫描 PENDING 状态任务...
2026-09-01 15:52:07,927 - agentgate.task.scheduler - INFO - 找到 0 个待执行任务
2026-09-01 15:52:17,932 - agentgate.task.scheduler - INFO - 开始扫描 PENDING 状态任务...
2026-09-01 15:52:17,934 - agentgate.task.scheduler - INFO - 找到 0 个待执行任务
2026-09-01 15:52:27,948 - agentgate.task.scheduler - INFO - 开始扫描 PENDING 状态任务...
2026-09-01 15:52:27,949 - agentgate.task.scheduler - INFO - 找到 0 个待执行任务
2026-09-01 15:52:37,959 - agentgate.task.scheduler - INFO - 开始扫描 PENDING 状态任务...
2026-09-01 15:52:37,961 - agentgate.task.scheduler - INFO - 找到 0 个待执行任务
2026-09-01 15:52:47,965 - agentgate.task.scheduler - INFO - 开始扫描 PENDING 状态任务...
2026-09-01 15:52:47,967 - agentgate.task.scheduler - INFO - 找到 0 个待执行任务
2026-09-01 15:52:57,968 - agentgate.task.scheduler - INFO - 开始扫描 PENDING 状态任务...
2026-09-01 15:52:57,969 - agentgate.task.scheduler - INFO - 找到 0 个待执行任务
2026-09-01 15:53:07,984 - agentgate.task.scheduler - INFO - 开始扫描 PENDING 状态任务...
2026-09-01 15:53:07,985 - agentgate.task.scheduler - INFO - 找到 0 个待执行任务
2026-09-01 15:53:17,987 - agentgate.task.scheduler - INFO - 开始扫描 PENDING 状态任务...
2026-09-01 15:53:17,988 - agentgate.task.scheduler - INFO - 找到 0 个待执行任务
2026-09-01 15:53:27,993 - agentgate.task.scheduler - INFO - 开始扫描 PENDING 状态任务...
2026-09-01 15:53:27,995 - agentgate.task.scheduler - INFO - 找到 0 个待执行任务
2026-09-01 15:53:37,999 - agentgate.task.scheduler - INFO - 开始扫描 PENDING 状态任务...
2026-09-01 15:53:38,001 - agentgate.task.scheduler - INFO - 找到 0 个待执行任务
2026-09-01 15:53:48,015 - agentgate.task.scheduler - INFO - 开始扫描 PENDING 状态任务...
2026-09-01 15:53:48,017 - agentgate.task.scheduler - INFO - 找到 0 个待执行任务
2026-09-01 15:53:58,021 - agentgate.task.scheduler - INFO - 开始扫描 PENDING 状态任务...
2026-09-01 15:53:58,022 - agentgate.task.scheduler - INFO - 找到 0 个待执行任务
2026-09-01 15:54:08,032 - agentgate.task.scheduler - INFO - 开始扫描 PENDING 状态任务...
2026-09-01 15:54:08,034 - agentgate.task.scheduler - INFO - 找到 0 个待执行任务
2026-09-01 15:54:18,042 - agentgate.task.scheduler - INFO - 开始扫描 PENDING 状态任务...
2026-09-01 15:54:18,044 - agentgate.task.scheduler - INFO - 找到 0 个待执行任务
2026-09-01 15:54:28,046 - agentgate.task.scheduler - INFO - 开始扫描 PENDING 状态任务...
2026-09-01 15:54:28,047 - agentgate.task.scheduler - INFO - 找到 0 个待执行任务
2026-09-01 15:54:38,062 - agentgate.task.scheduler - INFO - 开始扫描 PENDING 状态任务...
2026-09-01 15:54:38,063 - agentgate.task.scheduler - INFO - 找到 0 个待执行任务
2026-09-01 15:54:48,071 - agentgate.task.scheduler - INFO - 开始扫描 PENDING 状态任务...
2026-09-01 15:54:48,072 - agentgate.task.scheduler - INFO - 找到 0 个待执行任务
2026-09-01 15:54:58,080 - agentgate.task.scheduler - INFO - 开始扫描 PENDING 状态任务...
2026-09-01 15:54:58,082 - agentgate.task.scheduler - INFO - 找到 0 个待执行任务
2026-09-01 15:55:08,088 - agentgate.task.scheduler - INFO - 开始扫描 PENDING 状态任务...
2026-09-01 15:55:08,089 - agentgate.task.scheduler - INFO - 找到 0 个待执行任务
2026-09-01 15:55:18,093 - agentgate.task.scheduler - INFO - 开始扫描 PENDING 状态任务...
2026-09-01 15:55:18,094 - agentgate.task.scheduler - INFO - 找到 0 个待执行任务
2026-09-01 15:55:28,109 - agentgate.task.scheduler - INFO - 开始扫描 PENDING 状态任务...
2026-09-01 15:55:28,111 - agentgate.task.scheduler - INFO - 找到 0 个待执行任务
2026-09-01 15:55:38,126 - agentgate.task.scheduler - INFO - 开始扫描 PENDING 状态任务...
2026-09-01 15:55:38,128 - agentgate.task.scheduler - INFO - 找到 0 个待执行任务
2026-09-01 15:55:48,138 - agentgate.task.scheduler - INFO - 开始扫描 PENDING 状态任务...
2026-09-01 15:55:48,139 - agentgate.task.scheduler - INFO - 找到 0 个待执行任务
2026-09-01 15:55:58,154 - agentgate.task.scheduler - INFO - 开始扫描 PENDING 状态任务...
2026-09-01 15:55:58,156 - agentgate.task.scheduler - INFO - 找到 0 个待执行任务
2026-09-01 15:56:08,162 - agentgate.task.scheduler - INFO - 开始扫描 PENDING 状态任务...
2026-09-01 15:56:08,163 - agentgate.task.scheduler - INFO - 找到 0 个待执行任务
2026-09-01 15:56:18,177 - agentgate.task.scheduler - INFO - 开始扫描 PENDING 状态任务...
2026-09-01 15:56:18,178 - agentgate.task.scheduler - INFO - 找到 0 个待执行任务
2026-09-01 15:56:28,194 - agentgate.task.scheduler - INFO - 开始扫描 PENDING 状态任务...
2026-09-01 15:56:28,195 - agentgate.task.scheduler - INFO - 找到 0 个待执行任务
2026-09-01 15:56:38,199 - agentgate.task.scheduler - INFO - 开始扫描 PENDING 状态任务...
2026-09-01 15:56:38,200 - agentgate.task.scheduler - INFO - 找到 0 个待执行任务
2026-09-01 15:56:48,216 - agentgate.task.scheduler - INFO - 开始扫描 PENDING 状态任务...
2026-09-01 15:56:48,217 - agentgate.task.scheduler - INFO - 找到 0 个待执行任务
2026-09-01 15:56:58,220 - agentgate.task.scheduler - INFO - 开始扫描 PENDING 状态任务...
2026-09-01 15:56:58,222 - agentgate.task.scheduler - INFO - 找到 0 个待执行任务
2026-09-01 15:57:08,233 - agentgate.task.scheduler - INFO - 开始扫描 PENDING 状态任务...
2026-09-01 15:57:08,235 - agentgate.task.scheduler - INFO - 找到 0 个待执行任务
2026-09-01 15:57:18,237 - agentgate.task.scheduler - INFO - 开始扫描 PENDING 状态任务...
2026-09-01 15:57:18,239 - agentgate.task.scheduler - INFO - 找到 0 个待执行任务
2026-09-01 15:57:28,242 - agentgate.task.scheduler - INFO - 开始扫描 PENDING 状态任务...
2026-09-01 15:57:28,243 - agentgate.task.scheduler - INFO - 找到 0 个待执行任务
2026-09-01 15:57:38,256 - agentgate.task.scheduler - INFO - 开始扫描 PENDING 状态任务...
2026-09-01 15:57:38,257 - agentgate.task.scheduler - INFO - 找到 0 个待执行任务
2026-09-01 15:57:48,259 - agentgate.task.scheduler - INFO - 开始扫描 PENDING 状态任务...
2026-09-01 15:57:48,261 - agentgate.task.scheduler - INFO - 找到 0 个待执行任务
2026-09-01 15:57:58,276 - agentgate.task.scheduler - INFO - 开始扫描 PENDING 状态任务...
2026-09-01 15:57:58,277 - agentgate.task.scheduler - INFO - 找到 0 个待执行任务
2026-09-01 15:58:08,292 - agentgate.task.scheduler - INFO - 开始扫描 PENDING 状态任务...
2026-09-01 15:58:08,293 - agentgate.task.scheduler - INFO - 找到 0 个待执行任务
2026-09-01 15:58:18,299 - agentgate.task.scheduler - INFO - 开始扫描 PENDING 状态任务...
2026-09-01 15:58:18,300 - agentgate.task.scheduler - INFO - 找到 0 个待执行任务
2026-09-01 15:58:28,315 - agentgate.task.scheduler - INFO - 开始扫描 PENDING 状态任务...
2026-09-01 15:58:28,316 - agentgate.task.scheduler - INFO - 找到 0 个待执行任务
2026-09-01 15:58:38,328 - agentgate.task.scheduler - INFO - 开始扫描 PENDING 状态任务...
2026-09-01 15:58:38,330 - agentgate.task.scheduler - INFO - 找到 0 个待执行任务
2026-09-01 15:58:48,338 - agentgate.task.scheduler - INFO - 开始扫描 PENDING 状态任务...
2026-09-01 15:58:48,339 - agentgate.task.scheduler - INFO - 找到 0 个待执行任务
2026-09-01 15:58:58,345 - agentgate.task.scheduler - INFO - 开始扫描 PENDING 状态任务...
2026-09-01 15:58:58,347 - agentgate.task.scheduler - INFO - 找到 0 个待执行任务
2026-09-01 15:59:08,354 - agentgate.task.scheduler - INFO - 开始扫描 PENDING 状态任务...
2026-09-01 15:59:08,355 - agentgate.task.scheduler - INFO - 找到 0 个待执行任务
2026-09-01 15:59:18,369 - agentgate.task.scheduler - INFO - 开始扫描 PENDING 状态任务...
2026-09-01 15:59:18,370 - agentgate.task.scheduler - INFO - 找到 0 个待执行任务
2026-09-01 15:59:28,376 - agentgate.task.scheduler - INFO - 开始扫描 PENDING 状态任务...
2026-09-01 15:59:28,377 - agentgate.task.scheduler - INFO - 找到 0 个待执行任务
2026-09-01 15:59:38,386 - agentgate.task.scheduler - INFO - 开始扫描 PENDING 状态任务...
2026-09-01 15:59:38,388 - agentgate.task.scheduler - INFO - 找到 0 个待执行任务
2026-09-01 15:59:48,399 - agentgate.task.scheduler - INFO - 开始扫描 PENDING 状态任务...
2026-09-01 15:59:48,400 - agentgate.task.scheduler - INFO - 找到 0 个待执行任务
2026-09-01 15:59:58,409 - agentgate.task.scheduler - INFO - 开始扫描 PENDING 状态任务...
2026-09-01 15:59:58,410 - agentgate.task.scheduler - INFO - 找到 0 个待执行任务
2026-09-01 16:00:08,416 - agentgate.task.scheduler - INFO - 开始扫描 PENDING 状态任务...
2026-09-01 16:00:08,418 - agentgate.task.scheduler - INFO - 找到 0 个待执行任务
2026-09-01 16:00:18,427 - agentgate.task.scheduler - INFO - 开始扫描 PENDING 状态任务...
2026-09-01 16:00:18,428 - agentgate.task.scheduler - INFO - 找到 0 个待执行任务
2026-09-01 16:00:28,430 - agentgate.task.scheduler - INFO - 开始扫描 PENDING 状态任务...
2026-09-01 16:00:28,431 - agentgate.task.scheduler - INFO - 找到 0 个待执行任务
2026-09-01 16:00:38,433 - agentgate.task.scheduler - INFO - 开始扫描 PENDING 状态任务...
2026-09-01 16:00:38,434 - agentgate.task.scheduler - INFO - 找到 0 个待执行任务
2026-09-01 16:00:48,449 - agentgate.task.scheduler - INFO - 开始扫描 PENDING 状态任务...
2026-09-01 16:00:48,451 - agentgate.task.scheduler - INFO - 找到 0 个待执行任务
2026-09-01 16:00:58,458 - agentgate.task.scheduler - INFO - 开始扫描 PENDING 状态任务...
2026-09-01 16:00:58,460 - agentgate.task.scheduler - INFO - 找到 0 个待执行任务
2026-09-01 16:01:08,461 - agentgate.task.scheduler - INFO - 开始扫描 PENDING 状态任务...
2026-09-01 16:01:08,462 - agentgate.task.scheduler - INFO - 找到 0 个待执行任务
2026-09-01 16:01:18,473 - agentgate.task.scheduler - INFO - 开始扫描 PENDING 状态任务...
2026-09-01 16:01:18,475 - agentgate.task.scheduler - INFO - 找到 0 个待执行任务
2026-09-01 16:01:28,484 - agentgate.task.scheduler - INFO - 开始扫描 PENDING 状态任务...
2026-09-01 16:01:28,486 - agentgate.task.scheduler - INFO - 找到 0 个待执行任务
2026-09-01 16:01:38,486 - agentgate.task.scheduler - INFO - 开始扫描 PENDING 状态任务...
2026-09-01 16:01:38,488 - agentgate.task.scheduler - INFO - 找到 0 个待执行任务
2026-09-01 16:01:48,499 - agentgate.task.scheduler - INFO - 开始扫描 PENDING 状态任务...
2026-09-01 16:01:48,501 - agentgate.task.scheduler - INFO - 找到 0 个待执行任务
2026-09-01 16:01:58,513 - agentgate.task.scheduler - INFO - 开始扫描 PENDING 状态任务...
2026-09-01 16:01:58,515 - agentgate.task.scheduler - INFO - 找到 0 个待执行任务
2026-09-01 16:02:08,517 - agentgate.task.scheduler - INFO - 开始扫描 PENDING 状态任务...
2026-09-01 16:02:08,519 - agentgate.task.scheduler - INFO - 找到 0 个待执行任务
2026-09-01 16:02:18,527 - agentgate.task.scheduler - INFO - 开始扫描 PENDING 状态任务...
2026-09-01 16:02:18,528 - agentgate.task.scheduler - INFO - 找到 0 个待执行任务
2026-09-01 16:02:28,545 - agentgate.task.scheduler - INFO - 开始扫描 PENDING 状态任务...
2026-09-01 16:02:28,546 - agentgate.task.scheduler - INFO - 找到 0 个待执行任务
2026-09-01 16:02:38,561 - agentgate.task.scheduler - INFO - 开始扫描 PENDING 状态任务...
2026-09-01 16:02:38,562 - agentgate.task.scheduler - INFO - 找到 0 个待执行任务
2026-09-01 16:02:48,571 - agentgate.task.scheduler - INFO - 开始扫描 PENDING 状态任务...
2026-09-01 16:02:48,573 - agentgate.task.scheduler - INFO - 找到 0 个待执行任务
2026-09-01 16:02:58,573 - agentgate.task.scheduler - INFO - 开始扫描 PENDING 状态任务...
2026-09-01 16:02:58,575 - agentgate.task.scheduler - INFO - 找到 0 个待执行任务
2026-09-01 16:03:08,580 - agentgate.task.scheduler - INFO - 开始扫描 PENDING 状态任务...
2026-09-01 16:03:08,581 - agentgate.task.scheduler - INFO - 找到 0 个待执行任务
2026-09-01 16:03:18,587 - agentgate.task.scheduler - INFO - 开始扫描 PENDING 状态任务...
2026-09-01 16:03:18,588 - agentgate.task.scheduler - INFO - 找到 0 个待执行任务
2026-09-01 16:03:28,591 - agentgate.task.scheduler - INFO - 开始扫描 PENDING 状态任务...
2026-09-01 16:03:28,592 - agentgate.task.scheduler - INFO - 找到 0 个待执行任务
2026-09-01 16:03:38,608 - agentgate.task.scheduler - INFO - 开始扫描 PENDING 状态任务...
2026-09-01 16:03:38,609 - agentgate.task.scheduler - INFO - 找到 0 个待执行任务
2026-09-01 16:03:48,624 - agentgate.task.scheduler - INFO - 开始扫描 PENDING 状态任务...
2026-09-01 16:03:48,626 - agentgate.task.scheduler - INFO - 找到 0 个待执行任务
2026-09-01 16:03:58,629 - agentgate.task.scheduler - INFO - 开始扫描 PENDING 状态任务...
2026-09-01 16:03:58,631 - agentgate.task.scheduler - INFO - 找到 0 个待执行任务
2026-09-01 16:04:08,633 - agentgate.task.scheduler - INFO - 开始扫描 PENDING 状态任务...
2026-09-01 16:04:08,635 - agentgate.task.scheduler - INFO - 找到 0 个待执行任务
2026-09-01 16:04:18,637 - agentgate.task.scheduler - INFO - 开始扫描 PENDING 状态任务...
2026-09-01 16:04:18,638 - agentgate.task.scheduler - INFO - 找到 0 个待执行任务
2026-09-01 16:04:28,651 - agentgate.task.scheduler - INFO - 开始扫描 PENDING 状态任务...
2026-09-01 16:04:28,653 - agentgate.task.scheduler - INFO - 找到 0 个待执行任务
2026-09-01 16:04:38,655 - agentgate.task.scheduler - INFO - 开始扫描 PENDING 状态任务...
2026-09-01 16:04:38,657 - agentgate.task.scheduler - INFO - 找到 0 个待执行任务
2026-09-01 16:04:48,671 - agentgate.task.scheduler - INFO - 开始扫描 PENDING 状态任务...
2026-09-01 16:04:48,673 - agentgate.task.scheduler - INFO - 找到 0 个待执行任务
2026-09-01 16:04:58,679 - agentgate.task.scheduler - INFO - 开始扫描 PENDING 状态任务...
2026-09-01 16:04:58,681 - agentgate.task.scheduler - INFO - 找到 0 个待执行任务
2026-09-01 16:05:08,691 - agentgate.task.scheduler - INFO - 开始扫描 PENDING 状态任务...
2026-09-01 16:05:08,693 - agentgate.task.scheduler - INFO - 找到 0 个待执行任务
2026-09-01 16:05:18,703 - agentgate.task.scheduler - INFO - 开始扫描 PENDING 状态任务...
2026-09-01 16:05:18,704 - agentgate.task.scheduler - INFO - 找到 0 个待执行任务
2026-09-01 16:05:28,707 - agentgate.task.scheduler - INFO - 开始扫描 PENDING 状态任务...
2026-09-01 16:05:28,708 - agentgate.task.scheduler - INFO - 找到 0 个待执行任务
2026-09-01 16:05:38,722 - agentgate.task.scheduler - INFO - 开始扫描 PENDING 状态任务...
2026-09-01 16:05:38,724 - agentgate.task.scheduler - INFO - 找到 0 个待执行任务
2026-09-01 16:05:48,737 - agentgate.task.scheduler - INFO - 开始扫描 PENDING 状态任务...
2026-09-01 16:05:48,739 - agentgate.task.scheduler - INFO - 找到 0 个待执行任务
2026-09-01 16:05:58,747 - agentgate.task.scheduler - INFO - 开始扫描 PENDING 状态任务...
2026-09-01 16:05:58,748 - agentgate.task.scheduler - INFO - 找到 0 个待执行任务
2026-09-01 16:06:08,762 - agentgate.task.scheduler - INFO - 开始扫描 PENDING 状态任务...
2026-09-01 16:06:08,764 - agentgate.task.scheduler - INFO - 找到 0 个待执行任务
2026-09-01 16:06:18,774 - agentgate.task.scheduler - INFO - 开始扫描 PENDING 状态任务...
2026-09-01 16:06:18,776 - agentgate.task.scheduler - INFO - 找到 0 个待执行任务
2026-09-01 16:06:28,781 - agentgate.task.scheduler - INFO - 开始扫描 PENDING 状态任务...
2026-09-01 16:06:28,782 - agentgate.task.scheduler - INFO - 找到 0 个待执行任务
2026-09-01 16:06:38,796 - agentgate.task.scheduler - INFO - 开始扫描 PENDING 状态任务...
2026-09-01 16:06:38,798 - agentgate.task.scheduler - INFO - 找到 0 个待执行任务
2026-09-01 16:06:48,809 - agentgate.task.scheduler - INFO - 开始扫描 PENDING 状态任务...
2026-09-01 16:06:48,810 - agentgate.task.scheduler - INFO - 找到 0 个待执行任务
2026-09-01 16:06:58,815 - agentgate.task.scheduler - INFO - 开始扫描 PENDING 状态任务...
2026-09-01 16:06:58,816 - agentgate.task.scheduler - INFO - 找到 0 个待执行任务
2026-09-01 16:07:08,833 - agentgate.task.scheduler - INFO - 开始扫描 PENDING 状态任务...
2026-09-01 16:07:08,834 - agentgate.task.scheduler - INFO - 找到 0 个待执行任务
2026-09-01 16:07:18,836 - agentgate.task.scheduler - INFO - 开始扫描 PENDING 状态任务...
2026-09-01 16:07:18,837 - agentgate.task.scheduler - INFO - 找到 0 个待执行任务
2026-09-01 16:07:28,842 - agentgate.task.scheduler - INFO - 开始扫描 PENDING 状态任务...
2026-09-01 16:07:28,844 - agentgate.task.scheduler - INFO - 找到 0 个待执行任务
2026-09-01 16:07:38,857 - agentgate.task.scheduler - INFO - 开始扫描 PENDING 状态任务...
2026-09-01 16:07:38,859 - agentgate.task.scheduler - INFO - 找到 0 个待执行任务
2026-09-01 16:07:48,864 - agentgate.task.scheduler - INFO - 开始扫描 PENDING 状态任务...
2026-09-01 16:07:48,865 - agentgate.task.scheduler - INFO - 找到 0 个待执行任务
2026-09-01 16:07:58,870 - agentgate.task.scheduler - INFO - 开始扫描 PENDING 状态任务...
2026-09-01 16:07:58,871 - agentgate.task.scheduler - INFO - 找到 0 个待执行任务
2026-09-01 16:08:08,873 - agentgate.task.scheduler - INFO - 开始扫描 PENDING 状态任务...
2026-09-01 16:08:08,875 - agentgate.task.scheduler - INFO - 找到 0 个待执行任务
2026-09-01 16:08:18,878 - agentgate.task.scheduler - INFO - 开始扫描 PENDING 状态任务...
2026-09-01 16:08:18,880 - agentgate.task.scheduler - INFO - 找到 0 个待执行任务
2026-09-01 16:08:28,882 - agentgate.task.scheduler - INFO - 开始扫描 PENDING 状态任务...
2026-09-01 16:08:28,883 - agentgate.task.scheduler - INFO - 找到 0 个待执行任务
2026-09-01 16:08:38,888 - agentgate.task.scheduler - INFO - 开始扫描 PENDING 状态任务...
2026-09-01 16:08:38,890 - agentgate.task.scheduler - INFO - 找到 0 个待执行任务
2026-09-01 16:08:48,893 - agentgate.task.scheduler - INFO - 开始扫描 PENDING 状态任务...
2026-09-01 16:08:48,894 - agentgate.task.scheduler - INFO - 找到 0 个待执行任务
2026-09-01 16:08:58,909 - agentgate.task.scheduler - INFO - 开始扫描 PENDING 状态任务...
2026-09-01 16:08:58,911 - agentgate.task.scheduler - INFO - 找到 0 个待执行任务
2026-09-01 16:09:08,926 - agentgate.task.scheduler - INFO - 开始扫描 PENDING 状态任务...
2026-09-01 16:09:08,928 - agentgate.task.scheduler - INFO - 找到 0 个待执行任务
2026-09-01 16:09:18,935 - agentgate.task.scheduler - INFO - 开始扫描 PENDING 状态任务...
2026-09-01 16:09:18,936 - agentgate.task.scheduler - INFO - 找到 0 个待执行任务
2026-09-01 16:09:28,939 - agentgate.task.scheduler - INFO - 开始扫描 PENDING 状态任务...
2026-09-01 16:09:28,940 - agentgate.task.scheduler - INFO - 找到 0 个待执行任务
2026-09-01 16:09:38,952 - agentgate.task.scheduler - INFO - 开始扫描 PENDING 状态任务...
2026-09-01 16:09:38,953 - agentgate.task.scheduler - INFO - 找到 0 个待执行任务
2026-09-01 16:09:48,966 - agentgate.task.scheduler - INFO - 开始扫描 PENDING 状态任务...
2026-09-01 16:09:48,968 - agentgate.task.scheduler - INFO - 找到 0 个待执行任务
2026-09-01 16:09:58,981 - agentgate.task.scheduler - INFO - 开始扫描 PENDING 状态任务...
2026-09-01 16:09:58,983 - agentgate.task.scheduler - INFO - 找到 0 个待执行任务
2026-09-01 16:10:08,989 - agentgate.task.scheduler - INFO - 开始扫描 PENDING 状态任务...
2026-09-01 16:10:08,991 - agentgate.task.scheduler - INFO - 找到 0 个待执行任务
2026-09-01 16:10:19,004 - agentgate.task.scheduler - INFO - 开始扫描 PENDING 状态任务...
2026-09-01 16:10:19,006 - agentgate.task.scheduler - INFO - 找到 0 个待执行任务
2026-09-01 16:10:29,014 - agentgate.task.scheduler - INFO - 开始扫描 PENDING 状态任务...
2026-09-01 16:10:29,016 - agentgate.task.scheduler - INFO - 找到 0 个待执行任务
2026-09-01 16:10:39,021 - agentgate.task.scheduler - INFO - 开始扫描 PENDING 状态任务...
2026-09-01 16:10:39,023 - agentgate.task.scheduler - INFO - 找到 0 个待执行任务
2026-09-01 16:10:49,038 - agentgate.task.scheduler - INFO - 开始扫描 PENDING 状态任务...
2026-09-01 16:10:49,039 - agentgate.task.scheduler - INFO - 找到 0 个待执行任务
2026-09-01 16:10:59,052 - agentgate.task.scheduler - INFO - 开始扫描 PENDING 状态任务...
2026-09-01 16:10:59,054 - agentgate.task.scheduler - INFO - 找到 0 个待执行任务
2026-09-01 16:11:09,069 - agentgate.task.scheduler - INFO - 开始扫描 PENDING 状态任务...
2026-09-01 16:11:09,070 - agentgate.task.scheduler - INFO - 找到 0 个待执行任务
2026-09-01 16:11:19,082 - agentgate.task.scheduler - INFO - 开始扫描 PENDING 状态任务...
2026-09-01 16:11:19,084 - agentgate.task.scheduler - INFO - 找到 0 个待执行任务
2026-09-01 16:11:29,097 - agentgate.task.scheduler - INFO - 开始扫描 PENDING 状态任务...
2026-09-01 16:11:29,099 - agentgate.task.scheduler - INFO - 找到 0 个待执行任务
2026-09-01 16:11:39,101 - agentgate.task.scheduler - INFO - 开始扫描 PENDING 状态任务...
2026-09-01 16:11:39,102 - agentgate.task.scheduler - INFO - 找到 0 个待执行任务
2026-09-01 16:11:49,114 - agentgate.task.scheduler - INFO - 开始扫描 PENDING 状态任务...
2026-09-01 16:11:49,116 - agentgate.task.scheduler - INFO - 找到 0 个待执行任务
2026-09-01 16:11:59,127 - agentgate.task.scheduler - INFO - 开始扫描 PENDING 状态任务...
2026-09-01 16:11:59,129 - agentgate.task.scheduler - INFO - 找到 0 个待执行任务
2026-09-01 16:12:09,142 - agentgate.task.scheduler - INFO - 开始扫描 PENDING 状态任务...
2026-09-01 16:12:09,143 - agentgate.task.scheduler - INFO - 找到 0 个待执行任务
2026-09-01 16:12:19,151 - agentgate.task.scheduler - INFO - 开始扫描 PENDING 状态任务...
2026-09-01 16:12:19,152 - agentgate.task.scheduler - INFO - 找到 0 个待执行任务
2026-09-01 16:12:29,157 - agentgate.task.scheduler - INFO - 开始扫描 PENDING 状态任务...
2026-09-01 16:12:29,158 - agentgate.task.scheduler - INFO - 找到 0 个待执行任务
2026-09-01 16:12:39,167 - agentgate.task.scheduler - INFO - 开始扫描 PENDING 状态任务...
2026-09-01 16:12:39,168 - agentgate.task.scheduler - INFO - 找到 0 个待执行任务
2026-09-01 16:12:49,181 - agentgate.task.scheduler - INFO - 开始扫描 PENDING 状态任务...
2026-09-01 16:12:49,182 - agentgate.task.scheduler - INFO - 找到 0 个待执行任务
2026-09-01 16:12:59,190 - agentgate.task.scheduler - INFO - 开始扫描 PENDING 状态任务...
2026-09-01 16:12:59,191 - agentgate.task.scheduler - INFO - 找到 0 个待执行任务
2026-09-01 16:13:09,195 - agentgate.task.scheduler - INFO - 开始扫描 PENDING 状态任务...
2026-09-01 16:13:09,196 - agentgate.task.scheduler - INFO - 找到 0 个待执行任务
2026-09-01 16:13:19,208 - agentgate.task.scheduler - INFO - 开始扫描 PENDING 状态任务...
2026-09-01 16:13:19,210 - agentgate.task.scheduler - INFO - 找到 0 个待执行任务
2026-09-01 16:13:29,225 - agentgate.task.scheduler - INFO - 开始扫描 PENDING 状态任务...
2026-09-01 16:13:29,227 - agentgate.task.scheduler - INFO - 找到 0 个待执行任务
2026-09-01 16:13:39,229 - agentgate.task.scheduler - INFO - 开始扫描 PENDING 状态任务...
2026-09-01 16:13:39,231 - agentgate.task.scheduler - INFO - 找到 0 个待执行任务
2026-09-01 16:13:49,241 - agentgate.task.scheduler - INFO - 开始扫描 PENDING 状态任务...
2026-09-01 16:13:49,243 - agentgate.task.scheduler - INFO - 找到 0 个待执行任务
2026-09-01 16:13:59,251 - agentgate.task.scheduler - INFO - 开始扫描 PENDING 状态任务...
2026-09-01 16:13:59,252 - agentgate.task.scheduler - INFO - 找到 0 个待执行任务
2026-09-01 16:14:09,260 - agentgate.task.scheduler - INFO - 开始扫描 PENDING 状态任务...
2026-09-01 16:14:09,261 - agentgate.task.scheduler - INFO - 找到 0 个待执行任务
2026-09-01 16:14:19,266 - agentgate.task.scheduler - INFO - 开始扫描 PENDING 状态任务...
2026-09-01 16:14:19,267 - agentgate.task.scheduler - INFO - 找到 0 个待执行任务
2026-09-01 16:14:29,281 - agentgate.task.scheduler - INFO - 开始扫描 PENDING 状态任务...
2026-09-01 16:14:29,282 - agentgate.task.scheduler - INFO - 找到 0 个待执行任务
2026-09-01 16:14:39,286 - agentgate.task.scheduler - INFO - 开始扫描 PENDING 状态任务...
2026-09-01 16:14:39,287 - agentgate.task.scheduler - INFO - 找到 0 个待执行任务
2026-09-01 16:14:49,294 - agentgate.task.scheduler - INFO - 开始扫描 PENDING 状态任务...
2026-09-01 16:14:49,295 - agentgate.task.scheduler - INFO - 找到 0 个待执行任务
2026-09-01 16:14:59,306 - agentgate.task.scheduler - INFO - 开始扫描 PENDING 状态任务...
2026-09-01 16:14:59,308 - agentgate.task.scheduler - INFO - 找到 0 个待执行任务
2026-09-01 16:15:09,323 - agentgate.task.scheduler - INFO - 开始扫描 PENDING 状态任务...
2026-09-01 16:15:09,324 - agentgate.task.scheduler - INFO - 找到 0 个待执行任务
2026-09-01 16:15:19,335 - agentgate.task.scheduler - INFO - 开始扫描 PENDING 状态任务...
2026-09-01 16:15:19,336 - agentgate.task.scheduler - INFO - 找到 0 个待执行任务
2026-09-01 16:15:29,337 - agentgate.task.scheduler - INFO - 开始扫描 PENDING 状态任务...
2026-09-01 16:15:29,338 - agentgate.task.scheduler - INFO - 找到 0 个待执行任务
2026-09-01 16:15:39,345 - agentgate.task.scheduler - INFO - 开始扫描 PENDING 状态任务...
2026-09-01 16:15:39,347 - agentgate.task.scheduler - INFO - 找到 0 个待执行任务
2026-09-01 16:15:46,140 - agentgate.task.service - INFO - Created task: 874748ef-0c3a-4bac-9430-2cd178102426, name: test
2026-09-01 16:15:49,361 - agentgate.task.scheduler - INFO - 开始扫描 PENDING 状态任务...
2026-09-01 16:15:49,362 - agentgate.task.scheduler - INFO - 找到 0 个待执行任务
2026-09-01 16:15:59,367 - agentgate.task.scheduler - INFO - 开始扫描 PENDING 状态任务...
2026-09-01 16:15:59,369 - agentgate.task.scheduler - INFO - 找到 0 个待执行任务
2026-09-01 16:16:09,384 - agentgate.task.scheduler - INFO - 开始扫描 PENDING 状态任务...
2026-09-01 16:16:09,386 - agentgate.task.scheduler - INFO - 找到 0 个待执行任务
2026-09-01 16:16:19,390 - agentgate.task.scheduler - INFO - 开始扫描 PENDING 状态任务...
2026-09-01 16:16:19,391 - agentgate.task.scheduler - INFO - 找到 0 个待执行任务
2026-09-01 16:16:19,981 - agentgate.task.service - INFO - Task 874748ef-0c3a-4bac-9430-2cd178102426 started, status changed to PENDING
2026-09-01 16:16:29,403 - agentgate.task.scheduler - INFO - 开始扫描 PENDING 状态任务...
2026-09-01 16:16:29,404 - agentgate.task.scheduler - INFO - 找到 1 个待执行任务
2026-09-01 16:16:29,404 - agentgate.task.scheduler - INFO - 开始执行任务: 874748ef-0c3a-4bac-9430-2cd178102426, 名称: test
2026-09-01 16:16:29,405 - agentgate.task.scheduler - INFO - 使用已有执行记录: run_id=c66c4ae6-0a66-46ce-bbc5-d00602311015, run_no=1
2026-09-01 16:16:29,426 - agentgate.task.scheduler - INFO - 任务状态变更为 RUNNING: 874748ef-0c3a-4bac-9430-2cd178102426
2026-09-01 16:16:29,429 - agentgate.task.scheduler - INFO - 通过数据集服务获取了 3 个用例
2026-09-01 16:16:29,429 - agentgate.task.scheduler - INFO - 从数据集加载了 3 个用例
2026-09-01 16:16:29,432 - agentgate.task.scheduler - INFO - 用例执行完成: case_id=0f1278fa-610c-4b92-9426-3639c3477be2, score=85.0
2026-09-01 16:16:29,435 - agentgate.task.scheduler - INFO - 用例执行完成: case_id=c0b24f99-eb66-4d36-8a7e-9fb977660884, score=85.0
2026-09-01 16:16:29,438 - agentgate.task.scheduler - INFO - 用例执行完成: case_id=e78f986a-1d31-46e8-88dc-53fb79298c6c, score=85.0
2026-09-01 16:16:29,444 - agentgate.task.scheduler - INFO - 任务执行完成: 874748ef-0c3a-4bac-9430-2cd178102426, 共执行 3 个用例
2026-09-01 16:16:39,445 - agentgate.task.scheduler - INFO - 开始扫描 PENDING 状态任务...
2026-09-01 16:16:39,447 - agentgate.task.scheduler - INFO - 找到 0 个待执行任务
2026-09-01 16:16:49,462 - agentgate.task.scheduler - INFO - 开始扫描 PENDING 状态任务...
2026-09-01 16:16:49,462 - agentgate.task.scheduler - INFO - 找到 0 个待执行任务
2026-09-01 16:16:59,463 - agentgate.task.scheduler - INFO - 开始扫描 PENDING 状态任务...
2026-09-01 16:16:59,465 - agentgate.task.scheduler - INFO - 找到 0 个待执行任务
2026-09-01 16:17:09,472 - agentgate.task.scheduler - INFO - 开始扫描 PENDING 状态任务...
2026-09-01 16:17:09,474 - agentgate.task.scheduler - INFO - 找到 0 个待执行任务
2026-09-01 16:17:19,477 - agentgate.task.scheduler - INFO - 开始扫描 PENDING 状态任务...
2026-09-01 16:17:19,478 - agentgate.task.scheduler - INFO - 找到 0 个待执行任务
2026-09-01 16:17:29,484 - agentgate.task.scheduler - INFO - 开始扫描 PENDING 状态任务...
2026-09-01 16:17:29,486 - agentgate.task.scheduler - INFO - 找到 0 个待执行任务
2026-09-01 16:17:39,488 - agentgate.task.scheduler - INFO - 开始扫描 PENDING 状态任务...
2026-09-01 16:17:39,490 - agentgate.task.scheduler - INFO - 找到 0 个待执行任务
2026-09-01 16:17:49,493 - agentgate.task.scheduler - INFO - 开始扫描 PENDING 状态任务...
2026-09-01 16:17:49,494 - agentgate.task.scheduler - INFO - 找到 0 个待执行任务
2026-09-01 16:17:59,501 - agentgate.task.scheduler - INFO - 开始扫描 PENDING 状态任务...
2026-09-01 16:17:59,502 - agentgate.task.scheduler - INFO - 找到 0 个待执行任务
2026-09-01 16:18:09,518 - agentgate.task.scheduler - INFO - 开始扫描 PENDING 状态任务...
2026-09-01 16:18:09,519 - agentgate.task.scheduler - INFO - 找到 0 个待执行任务
2026-09-01 16:18:19,530 - agentgate.task.scheduler - INFO - 开始扫描 PENDING 状态任务...
2026-09-01 16:18:19,531 - agentgate.task.scheduler - INFO - 找到 0 个待执行任务
2026-09-01 16:18:29,546 - agentgate.task.scheduler - INFO - 开始扫描 PENDING 状态任务...
2026-09-01 16:18:29,547 - agentgate.task.scheduler - INFO - 找到 0 个待执行任务
2026-09-01 16:18:39,550 - agentgate.task.scheduler - INFO - 开始扫描 PENDING 状态任务...
2026-09-01 16:18:39,552 - agentgate.task.scheduler - INFO - 找到 0 个待执行任务
2026-09-01 16:18:49,562 - agentgate.task.scheduler - INFO - 开始扫描 PENDING 状态任务...
2026-09-01 16:18:49,563 - agentgate.task.scheduler - INFO - 找到 0 个待执行任务
2026-09-01 16:18:59,571 - agentgate.task.scheduler - INFO - 开始扫描 PENDING 状态任务...
2026-09-01 16:18:59,572 - agentgate.task.scheduler - INFO - 找到 0 个待执行任务
2026-09-01 16:19:09,584 - agentgate.task.scheduler - INFO - 开始扫描 PENDING 状态任务...
2026-09-01 16:19:09,585 - agentgate.task.scheduler - INFO - 找到 0 个待执行任务
2026-09-01 16:19:19,598 - agentgate.task.scheduler - INFO - 开始扫描 PENDING 状态任务...
2026-09-01 16:19:19,600 - agentgate.task.scheduler - INFO - 找到 0 个待执行任务
2026-09-01 16:19:29,614 - agentgate.task.scheduler - INFO - 开始扫描 PENDING 状态任务...
2026-09-01 16:19:29,616 - agentgate.task.scheduler - INFO - 找到 0 个待执行任务
2026-09-01 16:19:39,627 - agentgate.task.scheduler - INFO - 开始扫描 PENDING 状态任务...
2026-09-01 16:19:39,628 - agentgate.task.scheduler - INFO - 找到 0 个待执行任务
2026-09-01 16:19:49,631 - agentgate.task.scheduler - INFO - 开始扫描 PENDING 状态任务...
2026-09-01 16:19:49,632 - agentgate.task.scheduler - INFO - 找到 0 个待执行任务
2026-09-01 16:19:59,643 - agentgate.task.scheduler - INFO - 开始扫描 PENDING 状态任务...
2026-09-01 16:19:59,645 - agentgate.task.scheduler - INFO - 找到 0 个待执行任务
2026-09-01 16:20:09,658 - agentgate.task.scheduler - INFO - 开始扫描 PENDING 状态任务...
2026-09-01 16:20:09,659 - agentgate.task.scheduler - INFO - 找到 0 个待执行任务
2026-09-01 16:20:19,671 - agentgate.task.scheduler - INFO - 开始扫描 PENDING 状态任务...
2026-09-01 16:20:19,672 - agentgate.task.scheduler - INFO - 找到 0 个待执行任务
2026-09-01 16:20:29,679 - agentgate.task.scheduler - INFO - 开始扫描 PENDING 状态任务...
2026-09-01 16:20:29,681 - agentgate.task.scheduler - INFO - 找到 0 个待执行任务
2026-09-01 16:20:39,695 - agentgate.task.scheduler - INFO - 开始扫描 PENDING 状态任务...
2026-09-01 16:20:39,696 - agentgate.task.scheduler - INFO - 找到 0 个待执行任务
2026-09-01 16:20:49,711 - agentgate.task.scheduler - INFO - 开始扫描 PENDING 状态任务...
2026-09-01 16:20:49,712 - agentgate.task.scheduler - INFO - 找到 0 个待执行任务
2026-09-01 16:20:59,723 - agentgate.task.scheduler - INFO - 开始扫描 PENDING 状态任务...
2026-09-01 16:20:59,724 - agentgate.task.scheduler - INFO - 找到 0 个待执行任务
2026-09-01 16:21:09,732 - agentgate.task.scheduler - INFO - 开始扫描 PENDING 状态任务...
2026-09-01 16:21:09,734 - agentgate.task.scheduler - INFO - 找到 0 个待执行任务
2026-09-01 16:21:19,735 - agentgate.task.scheduler - INFO - 开始扫描 PENDING 状态任务...
2026-09-01 16:21:19,737 - agentgate.task.scheduler - INFO - 找到 0 个待执行任务
2026-09-01 16:21:29,745 - agentgate.task.scheduler - INFO - 开始扫描 PENDING 状态任务...
2026-09-01 16:21:29,747 - agentgate.task.scheduler - INFO - 找到 0 个待执行任务
2026-09-01 16:21:39,757 - agentgate.task.scheduler - INFO - 开始扫描 PENDING 状态任务...
2026-09-01 16:21:39,758 - agentgate.task.scheduler - INFO - 找到 0 个待执行任务
2026-09-01 16:21:49,761 - agentgate.task.scheduler - INFO - 开始扫描 PENDING 状态任务...
2026-09-01 16:21:49,762 - agentgate.task.scheduler - INFO - 找到 0 个待执行任务
2026-09-01 16:21:59,776 - agentgate.task.scheduler - INFO - 开始扫描 PENDING 状态任务...
2026-09-01 16:21:59,777 - agentgate.task.scheduler - INFO - 找到 0 个待执行任务
2026-09-01 16:22:09,785 - agentgate.task.scheduler - INFO - 开始扫描 PENDING 状态任务...
2026-09-01 16:22:09,786 - agentgate.task.scheduler - INFO - 找到 0 个待执行任务
2026-09-01 16:22:19,791 - agentgate.task.scheduler - INFO - 开始扫描 PENDING 状态任务...
2026-09-01 16:22:19,792 - agentgate.task.scheduler - INFO - 找到 0 个待执行任务
2026-09-01 16:22:29,794 - agentgate.task.scheduler - INFO - 开始扫描 PENDING 状态任务...
2026-09-01 16:22:29,796 - agentgate.task.scheduler - INFO - 找到 0 个待执行任务
2026-09-01 16:22:39,799 - agentgate.task.scheduler - INFO - 开始扫描 PENDING 状态任务...
2026-09-01 16:22:39,800 - agentgate.task.scheduler - INFO - 找到 0 个待执行任务
2026-09-01 16:22:49,807 - agentgate.task.scheduler - INFO - 开始扫描 PENDING 状态任务...
2026-09-01 16:22:49,808 - agentgate.task.scheduler - INFO - 找到 0 个待执行任务
2026-09-01 16:22:59,809 - agentgate.task.scheduler - INFO - 开始扫描 PENDING 状态任务...
2026-09-01 16:22:59,811 - agentgate.task.scheduler - INFO - 找到 0 个待执行任务
2026-09-01 16:23:09,827 - agentgate.task.scheduler - INFO - 开始扫描 PENDING 状态任务...
2026-09-01 16:23:09,829 - agentgate.task.scheduler - INFO - 找到 0 个待执行任务
2026-09-01 16:23:19,832 - agentgate.task.scheduler - INFO - 开始扫描 PENDING 状态任务...
2026-09-01 16:23:19,833 - agentgate.task.scheduler - INFO - 找到 0 个待执行任务
2026-09-01 16:23:29,835 - agentgate.task.scheduler - INFO - 开始扫描 PENDING 状态任务...
2026-09-01 16:23:29,836 - agentgate.task.scheduler - INFO - 找到 0 个待执行任务
2026-09-01 16:23:39,840 - agentgate.task.scheduler - INFO - 开始扫描 PENDING 状态任务...
2026-09-01 16:23:39,841 - agentgate.task.scheduler - INFO - 找到 0 个待执行任务
2026-09-01 16:23:49,856 - agentgate.task.scheduler - INFO - 开始扫描 PENDING 状态任务...
2026-09-01 16:23:49,857 - agentgate.task.scheduler - INFO - 找到 0 个待执行任务
2026-09-01 16:23:59,862 - agentgate.task.scheduler - INFO - 开始扫描 PENDING 状态任务...
2026-09-01 16:23:59,863 - agentgate.task.scheduler - INFO - 找到 0 个待执行任务
2026-09-01 16:24:09,865 - agentgate.task.scheduler - INFO - 开始扫描 PENDING 状态任务...
2026-09-01 16:24:09,867 - agentgate.task.scheduler - INFO - 找到 0 个待执行任务
2026-09-01 16:24:19,870 - agentgate.task.scheduler - INFO - 开始扫描 PENDING 状态任务...
2026-09-01 16:24:19,871 - agentgate.task.scheduler - INFO - 找到 0 个待执行任务
2026-09-01 16:24:29,880 - agentgate.task.scheduler - INFO - 开始扫描 PENDING 状态任务...
2026-09-01 16:24:29,881 - agentgate.task.scheduler - INFO - 找到 0 个待执行任务
2026-09-01 16:24:39,887 - agentgate.task.scheduler - INFO - 开始扫描 PENDING 状态任务...
2026-09-01 16:24:39,889 - agentgate.task.scheduler - INFO - 找到 0 个待执行任务
2026-09-01 16:24:49,904 - agentgate.task.scheduler - INFO - 开始扫描 PENDING 状态任务...
2026-09-01 16:24:49,905 - agentgate.task.scheduler - INFO - 找到 0 个待执行任务
2026-09-01 16:24:59,921 - agentgate.task.scheduler - INFO - 开始扫描 PENDING 状态任务...
2026-09-01 16:24:59,922 - agentgate.task.scheduler - INFO - 找到 0 个待执行任务
2026-09-01 16:25:09,934 - agentgate.task.scheduler - INFO - 开始扫描 PENDING 状态任务...
2026-09-01 16:25:09,935 - agentgate.task.scheduler - INFO - 找到 0 个待执行任务
2026-09-01 16:25:19,938 - agentgate.task.scheduler - INFO - 开始扫描 PENDING 状态任务...
2026-09-01 16:25:19,939 - agentgate.task.scheduler - INFO - 找到 0 个待执行任务
2026-09-01 16:25:29,952 - agentgate.task.scheduler - INFO - 开始扫描 PENDING 状态任务...
2026-09-01 16:25:29,954 - agentgate.task.scheduler - INFO - 找到 0 个待执行任务
2026-09-01 16:25:39,960 - agentgate.task.scheduler - INFO - 开始扫描 PENDING 状态任务...
2026-09-01 16:25:39,961 - agentgate.task.scheduler - INFO - 找到 0 个待执行任务
2026-09-01 16:25:49,972 - agentgate.task.scheduler - INFO - 开始扫描 PENDING 状态任务...
2026-09-01 16:25:49,973 - agentgate.task.scheduler - INFO - 找到 0 个待执行任务
2026-09-01 16:25:59,974 - agentgate.task.scheduler - INFO - 开始扫描 PENDING 状态任务...
2026-09-01 16:25:59,976 - agentgate.task.scheduler - INFO - 找到 0 个待执行任务
2026-09-01 16:26:09,989 - agentgate.task.scheduler - INFO - 开始扫描 PENDING 状态任务...
2026-09-01 16:26:09,990 - agentgate.task.scheduler - INFO - 找到 0 个待执行任务
2026-09-01 16:26:20,002 - agentgate.task.scheduler - INFO - 开始扫描 PENDING 状态任务...
2026-09-01 16:26:20,003 - agentgate.task.scheduler - INFO - 找到 0 个待执行任务
2026-09-01 16:26:30,005 - agentgate.task.scheduler - INFO - 开始扫描 PENDING 状态任务...
2026-09-01 16:26:30,007 - agentgate.task.scheduler - INFO - 找到 0 个待执行任务
2026-09-01 16:26:40,016 - agentgate.task.scheduler - INFO - 开始扫描 PENDING 状态任务...
2026-09-01 16:26:40,017 - agentgate.task.scheduler - INFO - 找到 0 个待执行任务
2026-09-01 16:26:50,022 - agentgate.task.scheduler - INFO - 开始扫描 PENDING 状态任务...
2026-09-01 16:26:50,023 - agentgate.task.scheduler - INFO - 找到 0 个待执行任务
2026-09-01 16:27:00,032 - agentgate.task.scheduler - INFO - 开始扫描 PENDING 状态任务...
2026-09-01 16:27:00,033 - agentgate.task.scheduler - INFO - 找到 0 个待执行任务
2026-09-01 16:27:10,035 - agentgate.task.scheduler - INFO - 开始扫描 PENDING 状态任务...
2026-09-01 16:27:10,036 - agentgate.task.scheduler - INFO - 找到 0 个待执行任务
2026-09-01 16:27:20,037 - agentgate.task.scheduler - INFO - 开始扫描 PENDING 状态任务...
2026-09-01 16:27:20,039 - agentgate.task.scheduler - INFO - 找到 0 个待执行任务
2026-09-01 16:27:30,043 - agentgate.task.scheduler - INFO - 开始扫描 PENDING 状态任务...
2026-09-01 16:27:30,045 - agentgate.task.scheduler - INFO - 找到 0 个待执行任务
2026-09-01 16:27:40,055 - agentgate.task.scheduler - INFO - 开始扫描 PENDING 状态任务...
2026-09-01 16:27:40,057 - agentgate.task.scheduler - INFO - 找到 0 个待执行任务
2026-09-01 16:27:50,071 - agentgate.task.scheduler - INFO - 开始扫描 PENDING 状态任务...
2026-09-01 16:27:50,073 - agentgate.task.scheduler - INFO - 找到 0 个待执行任务
2026-09-01 16:28:00,081 - agentgate.task.scheduler - INFO - 开始扫描 PENDING 状态任务...
2026-09-01 16:28:00,082 - agentgate.task.scheduler - INFO - 找到 0 个待执行任务
2026-09-01 16:28:10,091 - agentgate.task.scheduler - INFO - 开始扫描 PENDING 状态任务...
2026-09-01 16:28:10,093 - agentgate.task.scheduler - INFO - 找到 0 个待执行任务
2026-09-01 16:28:20,105 - agentgate.task.scheduler - INFO - 开始扫描 PENDING 状态任务...
2026-09-01 16:28:20,106 - agentgate.task.scheduler - INFO - 找到 0 个待执行任务
2026-09-01 16:28:30,116 - agentgate.task.scheduler - INFO - 开始扫描 PENDING 状态任务...
2026-09-01 16:28:30,118 - agentgate.task.scheduler - INFO - 找到 0 个待执行任务
2026-09-01 16:28:40,120 - agentgate.task.scheduler - INFO - 开始扫描 PENDING 状态任务...
2026-09-01 16:28:40,122 - agentgate.task.scheduler - INFO - 找到 0 个待执行任务
2026-09-01 16:28:50,126 - agentgate.task.scheduler - INFO - 开始扫描 PENDING 状态任务...
2026-09-01 16:28:50,128 - agentgate.task.scheduler - INFO - 找到 0 个待执行任务
2026-09-01 16:29:00,136 - agentgate.task.scheduler - INFO - 开始扫描 PENDING 状态任务...
2026-09-01 16:29:00,137 - agentgate.task.scheduler - INFO - 找到 0 个待执行任务
2026-09-01 16:29:10,139 - agentgate.task.scheduler - INFO - 开始扫描 PENDING 状态任务...
2026-09-01 16:29:10,140 - agentgate.task.scheduler - INFO - 找到 0 个待执行任务
2026-09-01 16:29:20,148 - agentgate.task.scheduler - INFO - 开始扫描 PENDING 状态任务...
2026-09-01 16:29:20,150 - agentgate.task.scheduler - INFO - 找到 0 个待执行任务
2026-09-01 16:29:30,161 - agentgate.task.scheduler - INFO - 开始扫描 PENDING 状态任务...
2026-09-01 16:29:30,162 - agentgate.task.scheduler - INFO - 找到 0 个待执行任务
2026-09-01 16:29:40,166 - agentgate.task.scheduler - INFO - 开始扫描 PENDING 状态任务...
2026-09-01 16:29:40,168 - agentgate.task.scheduler - INFO - 找到 0 个待执行任务
2026-09-01 16:29:50,173 - agentgate.task.scheduler - INFO - 开始扫描 PENDING 状态任务...
2026-09-01 16:29:50,175 - agentgate.task.scheduler - INFO - 找到 0 个待执行任务
2026-09-01 16:30:00,177 - agentgate.task.scheduler - INFO - 开始扫描 PENDING 状态任务...
2026-09-01 16:30:00,178 - agentgate.task.scheduler - INFO - 找到 0 个待执行任务
2026-09-01 16:30:10,183 - agentgate.task.scheduler - INFO - 开始扫描 PENDING 状态任务...
2026-09-01 16:30:10,185 - agentgate.task.scheduler - INFO - 找到 0 个待执行任务
2026-09-01 16:30:20,193 - agentgate.task.scheduler - INFO - 开始扫描 PENDING 状态任务...
2026-09-01 16:30:20,194 - agentgate.task.scheduler - INFO - 找到 0 个待执行任务
2026-09-01 16:30:30,196 - agentgate.task.scheduler - INFO - 开始扫描 PENDING 状态任务...
2026-09-01 16:30:30,198 - agentgate.task.scheduler - INFO - 找到 0 个待执行任务
2026-09-01 16:30:40,209 - agentgate.task.scheduler - INFO - 开始扫描 PENDING 状态任务...
2026-09-01 16:30:40,211 - agentgate.task.scheduler - INFO - 找到 0 个待执行任务
2026-09-01 16:30:50,225 - agentgate.task.scheduler - INFO - 开始扫描 PENDING 状态任务...
2026-09-01 16:30:50,227 - agentgate.task.scheduler - INFO - 找到 0 个待执行任务
2026-09-01 16:31:00,229 - agentgate.task.scheduler - INFO - 开始扫描 PENDING 状态任务...
2026-09-01 16:31:00,231 - agentgate.task.scheduler - INFO - 找到 0 个待执行任务
2026-09-01 16:31:10,238 - agentgate.task.scheduler - INFO - 开始扫描 PENDING 状态任务...
2026-09-01 16:31:10,239 - agentgate.task.scheduler - INFO - 找到 0 个待执行任务
2026-09-01 16:31:20,240 - agentgate.task.scheduler - INFO - 开始扫描 PENDING 状态任务...
2026-09-01 16:31:20,242 - agentgate.task.scheduler - INFO - 找到 0 个待执行任务
2026-09-01 16:31:30,244 - agentgate.task.scheduler - INFO - 开始扫描 PENDING 状态任务...
2026-09-01 16:31:30,245 - agentgate.task.scheduler - INFO - 找到 0 个待执行任务
2026-09-01 16:31:40,260 - agentgate.task.scheduler - INFO - 开始扫描 PENDING 状态任务...
2026-09-01 16:31:40,262 - agentgate.task.scheduler - INFO - 找到 0 个待执行任务
2026-09-01 16:31:50,276 - agentgate.task.scheduler - INFO - 开始扫描 PENDING 状态任务...
2026-09-01 16:31:50,277 - agentgate.task.scheduler - INFO - 找到 0 个待执行任务
2026-09-01 16:32:00,285 - agentgate.task.scheduler - INFO - 开始扫描 PENDING 状态任务...
2026-09-01 16:32:00,287 - agentgate.task.scheduler - INFO - 找到 0 个待执行任务
2026-09-01 16:32:10,297 - agentgate.task.scheduler - INFO - 开始扫描 PENDING 状态任务...
2026-09-01 16:32:10,299 - agentgate.task.scheduler - INFO - 找到 0 个待执行任务
2026-09-01 16:32:20,307 - agentgate.task.scheduler - INFO - 开始扫描 PENDING 状态任务...
2026-09-01 16:32:20,309 - agentgate.task.scheduler - INFO - 找到 0 个待执行任务
2026-09-01 16:32:30,318 - agentgate.task.scheduler - INFO - 开始扫描 PENDING 状态任务...
2026-09-01 16:32:30,319 - agentgate.task.scheduler - INFO - 找到 0 个待执行任务
2026-09-01 16:32:40,320 - agentgate.task.scheduler - INFO - 开始扫描 PENDING 状态任务...
2026-09-01 16:32:40,322 - agentgate.task.scheduler - INFO - 找到 0 个待执行任务
2026-09-01 16:32:50,324 - agentgate.task.scheduler - INFO - 开始扫描 PENDING 状态任务...
2026-09-01 16:32:50,325 - agentgate.task.scheduler - INFO - 找到 0 个待执行任务
2026-09-01 16:33:00,334 - agentgate.task.scheduler - INFO - 开始扫描 PENDING 状态任务...
2026-09-01 16:33:00,335 - agentgate.task.scheduler - INFO - 找到 0 个待执行任务
2026-09-01 16:33:10,336 - agentgate.task.scheduler - INFO - 开始扫描 PENDING 状态任务...
2026-09-01 16:33:10,338 - agentgate.task.scheduler - INFO - 找到 0 个待执行任务
2026-09-01 16:33:20,347 - agentgate.task.scheduler - INFO - 开始扫描 PENDING 状态任务...
2026-09-01 16:33:20,348 - agentgate.task.scheduler - INFO - 找到 0 个待执行任务
2026-09-01 16:33:30,353 - agentgate.task.scheduler - INFO - 开始扫描 PENDING 状态任务...
2026-09-01 16:33:30,355 - agentgate.task.scheduler - INFO - 找到 0 个待执行任务
2026-09-01 16:33:40,356 - agentgate.task.scheduler - INFO - 开始扫描 PENDING 状态任务...
2026-09-01 16:33:40,358 - agentgate.task.scheduler - INFO - 找到 0 个待执行任务
2026-09-01 16:33:50,372 - agentgate.task.scheduler - INFO - 开始扫描 PENDING 状态任务...
2026-09-01 16:33:50,373 - agentgate.task.scheduler - INFO - 找到 0 个待执行任务
2026-09-01 16:34:00,384 - agentgate.task.scheduler - INFO - 开始扫描 PENDING 状态任务...
2026-09-01 16:34:00,385 - agentgate.task.scheduler - INFO - 找到 0 个待执行任务
2026-09-01 16:34:10,397 - agentgate.task.scheduler - INFO - 开始扫描 PENDING 状态任务...
2026-09-01 16:34:10,399 - agentgate.task.scheduler - INFO - 找到 0 个待执行任务
2026-09-01 16:34:20,412 - agentgate.task.scheduler - INFO - 开始扫描 PENDING 状态任务...
2026-09-01 16:34:20,414 - agentgate.task.scheduler - INFO - 找到 0 个待执行任务
2026-09-01 16:34:30,429 - agentgate.task.scheduler - INFO - 开始扫描 PENDING 状态任务...
2026-09-01 16:34:30,430 - agentgate.task.scheduler - INFO - 找到 0 个待执行任务
2026-09-01 16:34:40,443 - agentgate.task.scheduler - INFO - 开始扫描 PENDING 状态任务...
2026-09-01 16:34:40,445 - agentgate.task.scheduler - INFO - 找到 0 个待执行任务
2026-09-01 16:34:50,447 - agentgate.task.scheduler - INFO - 开始扫描 PENDING 状态任务...
2026-09-01 16:34:50,448 - agentgate.task.scheduler - INFO - 找到 0 个待执行任务
2026-09-01 16:35:00,452 - agentgate.task.scheduler - INFO - 开始扫描 PENDING 状态任务...
2026-09-01 16:35:00,454 - agentgate.task.scheduler - INFO - 找到 0 个待执行任务
2026-09-01 16:35:10,463 - agentgate.task.scheduler - INFO - 开始扫描 PENDING 状态任务...
2026-09-01 16:35:10,464 - agentgate.task.scheduler - INFO - 找到 0 个待执行任务
2026-09-01 16:35:20,474 - agentgate.task.scheduler - INFO - 开始扫描 PENDING 状态任务...
2026-09-01 16:35:20,476 - agentgate.task.scheduler - INFO - 找到 0 个待执行任务
2026-09-01 16:35:30,488 - agentgate.task.scheduler - INFO - 开始扫描 PENDING 状态任务...
2026-09-01 16:35:30,489 - agentgate.task.scheduler - INFO - 找到 0 个待执行任务
2026-09-01 16:35:40,492 - agentgate.task.scheduler - INFO - 开始扫描 PENDING 状态任务...
2026-09-01 16:35:40,493 - agentgate.task.scheduler - INFO - 找到 0 个待执行任务
2026-09-01 16:35:50,498 - agentgate.task.scheduler - INFO - 开始扫描 PENDING 状态任务...
2026-09-01 16:35:50,500 - agentgate.task.scheduler - INFO - 找到 0 个待执行任务
2026-09-01 16:36:00,513 - agentgate.task.scheduler - INFO - 开始扫描 PENDING 状态任务...
2026-09-01 16:36:00,514 - agentgate.task.scheduler - INFO - 找到 0 个待执行任务
2026-09-01 16:36:10,520 - agentgate.task.scheduler - INFO - 开始扫描 PENDING 状态任务...
2026-09-01 16:36:10,521 - agentgate.task.scheduler - INFO - 找到 0 个待执行任务
2026-09-01 16:36:20,523 - agentgate.task.scheduler - INFO - 开始扫描 PENDING 状态任务...
2026-09-01 16:36:20,525 - agentgate.task.scheduler - INFO - 找到 0 个待执行任务
2026-09-01 16:36:30,535 - agentgate.task.scheduler - INFO - 开始扫描 PENDING 状态任务...
2026-09-01 16:36:30,537 - agentgate.task.scheduler - INFO - 找到 0 个待执行任务
2026-09-01 16:36:40,540 - agentgate.task.scheduler - INFO - 开始扫描 PENDING 状态任务...
2026-09-01 16:36:40,541 - agentgate.task.scheduler - INFO - 找到 0 个待执行任务
2026-09-01 16:36:50,543 - agentgate.task.scheduler - INFO - 开始扫描 PENDING 状态任务...
2026-09-01 16:36:50,544 - agentgate.task.scheduler - INFO - 找到 0 个待执行任务
2026-09-01 16:37:00,545 - agentgate.task.scheduler - INFO - 开始扫描 PENDING 状态任务...
2026-09-01 16:37:00,546 - agentgate.task.scheduler - INFO - 找到 0 个待执行任务
2026-09-01 16:37:10,552 - agentgate.task.scheduler - INFO - 开始扫描 PENDING 状态任务...
2026-09-01 16:37:10,553 - agentgate.task.scheduler - INFO - 找到 0 个待执行任务
2026-09-01 16:37:20,558 - agentgate.task.scheduler - INFO - 开始扫描 PENDING 状态任务...
2026-09-01 16:37:20,559 - agentgate.task.scheduler - INFO - 找到 0 个待执行任务
2026-09-01 16:37:30,565 - agentgate.task.scheduler - INFO - 开始扫描 PENDING 状态任务...
2026-09-01 16:37:30,566 - agentgate.task.scheduler - INFO - 找到 0 个待执行任务
2026-09-01 16:37:40,579 - agentgate.task.scheduler - INFO - 开始扫描 PENDING 状态任务...
2026-09-01 16:37:40,581 - agentgate.task.scheduler - INFO - 找到 0 个待执行任务
2026-09-01 16:37:50,587 - agentgate.task.scheduler - INFO - 开始扫描 PENDING 状态任务...
2026-09-01 16:37:50,588 - agentgate.task.scheduler - INFO - 找到 0 个待执行任务
2026-09-01 16:38:00,592 - agentgate.task.scheduler - INFO - 开始扫描 PENDING 状态任务...
2026-09-01 16:38:00,593 - agentgate.task.scheduler - INFO - 找到 0 个待执行任务
2026-09-01 16:38:10,608 - agentgate.task.scheduler - INFO - 开始扫描 PENDING 状态任务...
2026-09-01 16:38:10,609 - agentgate.task.scheduler - INFO - 找到 0 个待执行任务
2026-09-01 16:38:20,619 - agentgate.task.scheduler - INFO - 开始扫描 PENDING 状态任务...
2026-09-01 16:38:20,621 - agentgate.task.scheduler - INFO - 找到 0 个待执行任务
2026-09-01 16:38:30,635 - agentgate.task.scheduler - INFO - 开始扫描 PENDING 状态任务...
2026-09-01 16:38:30,637 - agentgate.task.scheduler - INFO - 找到 0 个待执行任务
2026-09-01 16:38:40,637 - agentgate.task.scheduler - INFO - 开始扫描 PENDING 状态任务...
2026-09-01 16:38:40,638 - agentgate.task.scheduler - INFO - 找到 0 个待执行任务
2026-09-01 16:38:50,639 - agentgate.task.scheduler - INFO - 开始扫描 PENDING 状态任务...
2026-09-01 16:38:50,641 - agentgate.task.scheduler - INFO - 找到 0 个待执行任务
2026-09-01 16:39:00,649 - agentgate.task.scheduler - INFO - 开始扫描 PENDING 状态任务...
2026-09-01 16:39:00,650 - agentgate.task.scheduler - INFO - 找到 0 个待执行任务
2026-09-01 16:39:10,663 - agentgate.task.scheduler - INFO - 开始扫描 PENDING 状态任务...
2026-09-01 16:39:10,664 - agentgate.task.scheduler - INFO - 找到 0 个待执行任务
2026-09-01 16:39:20,667 - agentgate.task.scheduler - INFO - 开始扫描 PENDING 状态任务...
2026-09-01 16:39:20,669 - agentgate.task.scheduler - INFO - 找到 0 个待执行任务
2026-09-01 16:39:30,676 - agentgate.task.scheduler - INFO - 开始扫描 PENDING 状态任务...
2026-09-01 16:39:30,677 - agentgate.task.scheduler - INFO - 找到 0 个待执行任务
2026-09-01 16:39:40,690 - agentgate.task.scheduler - INFO - 开始扫描 PENDING 状态任务...
2026-09-01 16:39:40,691 - agentgate.task.scheduler - INFO - 找到 0 个待执行任务
2026-09-01 16:39:50,692 - agentgate.task.scheduler - INFO - 开始扫描 PENDING 状态任务...
2026-09-01 16:39:50,693 - agentgate.task.scheduler - INFO - 找到 0 个待执行任务
2026-09-01 16:40:00,696 - agentgate.task.scheduler - INFO - 开始扫描 PENDING 状态任务...
2026-09-01 16:40:00,698 - agentgate.task.scheduler - INFO - 找到 0 个待执行任务
2026-09-01 16:40:10,711 - agentgate.task.scheduler - INFO - 开始扫描 PENDING 状态任务...
2026-09-01 16:40:10,712 - agentgate.task.scheduler - INFO - 找到 0 个待执行任务
2026-09-01 16:40:20,719 - agentgate.task.scheduler - INFO - 开始扫描 PENDING 状态任务...
2026-09-01 16:40:20,720 - agentgate.task.scheduler - INFO - 找到 0 个待执行任务
2026-09-01 16:40:30,723 - agentgate.task.scheduler - INFO - 开始扫描 PENDING 状态任务...
2026-09-01 16:40:30,725 - agentgate.task.scheduler - INFO - 找到 0 个待执行任务
2026-09-01 16:40:40,734 - agentgate.task.scheduler - INFO - 开始扫描 PENDING 状态任务...
2026-09-01 16:40:40,736 - agentgate.task.scheduler - INFO - 找到 0 个待执行任务
2026-09-01 16:40:50,750 - agentgate.task.scheduler - INFO - 开始扫描 PENDING 状态任务...
2026-09-01 16:40:50,752 - agentgate.task.scheduler - INFO - 找到 0 个待执行任务
2026-09-01 16:41:00,759 - agentgate.task.scheduler - INFO - 开始扫描 PENDING 状态任务...
2026-09-01 16:41:00,761 - agentgate.task.scheduler - INFO - 找到 0 个待执行任务
2026-09-01 16:41:10,763 - agentgate.task.scheduler - INFO - 开始扫描 PENDING 状态任务...
2026-09-01 16:41:10,765 - agentgate.task.scheduler - INFO - 找到 0 个待执行任务
2026-09-01 16:41:20,771 - agentgate.task.scheduler - INFO - 开始扫描 PENDING 状态任务...
2026-09-01 16:41:20,773 - agentgate.task.scheduler - INFO - 找到 0 个待执行任务
2026-09-01 16:41:30,779 - agentgate.task.scheduler - INFO - 开始扫描 PENDING 状态任务...
2026-09-01 16:41:30,780 - agentgate.task.scheduler - INFO - 找到 0 个待执行任务
2026-09-01 16:41:40,784 - agentgate.task.scheduler - INFO - 开始扫描 PENDING 状态任务...
2026-09-01 16:41:40,785 - agentgate.task.scheduler - INFO - 找到 0 个待执行任务
2026-09-01 16:41:50,801 - agentgate.task.scheduler - INFO - 开始扫描 PENDING 状态任务...
2026-09-01 16:41:50,802 - agentgate.task.scheduler - INFO - 找到 0 个待执行任务
2026-09-01 16:42:00,811 - agentgate.task.scheduler - INFO - 开始扫描 PENDING 状态任务...
2026-09-01 16:42:00,813 - agentgate.task.scheduler - INFO - 找到 0 个待执行任务
2026-09-01 16:42:10,814 - agentgate.task.scheduler - INFO - 开始扫描 PENDING 状态任务...
2026-09-01 16:42:10,815 - agentgate.task.scheduler - INFO - 找到 0 个待执行任务
2026-09-01 16:42:20,820 - agentgate.task.scheduler - INFO - 开始扫描 PENDING 状态任务...
2026-09-01 16:42:20,821 - agentgate.task.scheduler - INFO - 找到 0 个待执行任务
2026-09-01 16:42:30,829 - agentgate.task.scheduler - INFO - 开始扫描 PENDING 状态任务...
2026-09-01 16:42:30,831 - agentgate.task.scheduler - INFO - 找到 0 个待执行任务
2026-09-01 16:42:40,841 - agentgate.task.scheduler - INFO - 开始扫描 PENDING 状态任务...
2026-09-01 16:42:40,843 - agentgate.task.scheduler - INFO - 找到 0 个待执行任务
2026-09-01 16:42:50,854 - agentgate.task.scheduler - INFO - 开始扫描 PENDING 状态任务...
2026-09-01 16:42:50,855 - agentgate.task.scheduler - INFO - 找到 0 个待执行任务
2026-09-01 16:43:00,859 - agentgate.task.scheduler - INFO - 开始扫描 PENDING 状态任务...
2026-09-01 16:43:00,860 - agentgate.task.scheduler - INFO - 找到 0 个待执行任务
2026-09-01 16:43:10,861 - agentgate.task.scheduler - INFO - 开始扫描 PENDING 状态任务...
2026-09-01 16:43:10,862 - agentgate.task.scheduler - INFO - 找到 0 个待执行任务
2026-09-01 16:43:20,871 - agentgate.task.scheduler - INFO - 开始扫描 PENDING 状态任务...
2026-09-01 16:43:20,872 - agentgate.task.scheduler - INFO - 找到 0 个待执行任务
2026-09-01 16:43:30,877 - agentgate.task.scheduler - INFO - 开始扫描 PENDING 状态任务...
2026-09-01 16:43:30,878 - agentgate.task.scheduler - INFO - 找到 0 个待执行任务
2026-09-01 16:43:40,883 - agentgate.task.scheduler - INFO - 开始扫描 PENDING 状态任务...
2026-09-01 16:43:40,885 - agentgate.task.scheduler - INFO - 找到 0 个待执行任务
2026-09-01 16:43:50,899 - agentgate.task.scheduler - INFO - 开始扫描 PENDING 状态任务...
2026-09-01 16:43:50,901 - agentgate.task.scheduler - INFO - 找到 0 个待执行任务
2026-09-01 16:44:00,909 - agentgate.task.scheduler - INFO - 开始扫描 PENDING 状态任务...
2026-09-01 16:44:00,911 - agentgate.task.scheduler - INFO - 找到 0 个待执行任务
2026-09-01 16:44:10,923 - agentgate.task.scheduler - INFO - 开始扫描 PENDING 状态任务...
2026-09-01 16:44:10,925 - agentgate.task.scheduler - INFO - 找到 0 个待执行任务
2026-09-01 16:44:20,939 - agentgate.task.scheduler - INFO - 开始扫描 PENDING 状态任务...
2026-09-01 16:44:20,941 - agentgate.task.scheduler - INFO - 找到 0 个待执行任务
2026-09-01 16:44:30,952 - agentgate.task.scheduler - INFO - 开始扫描 PENDING 状态任务...
2026-09-01 16:44:30,954 - agentgate.task.scheduler - INFO - 找到 0 个待执行任务
2026-09-01 16:44:40,960 - agentgate.task.scheduler - INFO - 开始扫描 PENDING 状态任务...
2026-09-01 16:44:40,962 - agentgate.task.scheduler - INFO - 找到 0 个待执行任务
2026-09-01 16:44:50,966 - agentgate.task.scheduler - INFO - 开始扫描 PENDING 状态任务...
2026-09-01 16:44:50,967 - agentgate.task.scheduler - INFO - 找到 0 个待执行任务
2026-09-01 16:45:00,972 - agentgate.task.scheduler - INFO - 开始扫描 PENDING 状态任务...
2026-09-01 16:45:00,973 - agentgate.task.scheduler - INFO - 找到 0 个待执行任务
2026-09-01 16:45:10,975 - agentgate.task.scheduler - INFO - 开始扫描 PENDING 状态任务...
2026-09-01 16:45:10,977 - agentgate.task.scheduler - INFO - 找到 0 个待执行任务
2026-09-01 16:45:20,982 - agentgate.task.scheduler - INFO - 开始扫描 PENDING 状态任务...
2026-09-01 16:45:20,983 - agentgate.task.scheduler - INFO - 找到 0 个待执行任务
2026-09-01 16:45:30,996 - agentgate.task.scheduler - INFO - 开始扫描 PENDING 状态任务...
2026-09-01 16:45:30,998 - agentgate.task.scheduler - INFO - 找到 0 个待执行任务
2026-09-01 16:45:40,998 - agentgate.task.scheduler - INFO - 开始扫描 PENDING 状态任务...
2026-09-01 16:45:40,999 - agentgate.task.scheduler - INFO - 找到 0 个待执行任务
2026-09-01 16:45:51,007 - agentgate.task.scheduler - INFO - 开始扫描 PENDING 状态任务...
2026-09-01 16:45:51,008 - agentgate.task.scheduler - INFO - 找到 0 个待执行任务
2026-09-01 16:46:01,018 - agentgate.task.scheduler - INFO - 开始扫描 PENDING 状态任务...
2026-09-01 16:46:01,019 - agentgate.task.scheduler - INFO - 找到 0 个待执行任务
2026-09-01 16:46:11,028 - agentgate.task.scheduler - INFO - 开始扫描 PENDING 状态任务...
2026-09-01 16:46:11,030 - agentgate.task.scheduler - INFO - 找到 0 个待执行任务
2026-09-01 16:46:21,042 - agentgate.task.scheduler - INFO - 开始扫描 PENDING 状态任务...
2026-09-01 16:46:21,044 - agentgate.task.scheduler - INFO - 找到 0 个待执行任务
2026-09-01 16:46:31,052 - agentgate.task.scheduler - INFO - 开始扫描 PENDING 状态任务...
2026-09-01 16:46:31,054 - agentgate.task.scheduler - INFO - 找到 0 个待执行任务
2026-09-01 16:46:41,060 - agentgate.task.scheduler - INFO - 开始扫描 PENDING 状态任务...
2026-09-01 16:46:41,061 - agentgate.task.scheduler - INFO - 找到 0 个待执行任务
2026-09-01 16:46:51,064 - agentgate.task.scheduler - INFO - 开始扫描 PENDING 状态任务...
2026-09-01 16:46:51,066 - agentgate.task.scheduler - INFO - 找到 0 个待执行任务
2026-09-01 16:47:01,068 - agentgate.task.scheduler - INFO - 开始扫描 PENDING 状态任务...
2026-09-01 16:47:01,070 - agentgate.task.scheduler - INFO - 找到 0 个待执行任务
2026-09-01 16:47:11,077 - agentgate.task.scheduler - INFO - 开始扫描 PENDING 状态任务...
2026-09-01 16:47:11,079 - agentgate.task.scheduler - INFO - 找到 0 个待执行任务
2026-09-01 16:47:21,084 - agentgate.task.scheduler - INFO - 开始扫描 PENDING 状态任务...
2026-09-01 16:47:21,085 - agentgate.task.scheduler - INFO - 找到 0 个待执行任务
2026-09-01 16:47:31,097 - agentgate.task.scheduler - INFO - 开始扫描 PENDING 状态任务...
2026-09-01 16:47:31,098 - agentgate.task.scheduler - INFO - 找到 0 个待执行任务
2026-09-01 16:47:41,105 - agentgate.task.scheduler - INFO - 开始扫描 PENDING 状态任务...
2026-09-01 16:47:41,107 - agentgate.task.scheduler - INFO - 找到 0 个待执行任务
2026-09-01 16:47:51,120 - agentgate.task.scheduler - INFO - 开始扫描 PENDING 状态任务...
2026-09-01 16:47:51,122 - agentgate.task.scheduler - INFO - 找到 0 个待执行任务
2026-09-01 16:48:01,133 - agentgate.task.scheduler - INFO - 开始扫描 PENDING 状态任务...
2026-09-01 16:48:01,134 - agentgate.task.scheduler - INFO - 找到 0 个待执行任务
2026-09-01 16:48:11,140 - agentgate.task.scheduler - INFO - 开始扫描 PENDING 状态任务...
2026-09-01 16:48:11,142 - agentgate.task.scheduler - INFO - 找到 0 个待执行任务
2026-09-01 16:48:21,147 - agentgate.task.scheduler - INFO - 开始扫描 PENDING 状态任务...
2026-09-01 16:48:21,148 - agentgate.task.scheduler - INFO - 找到 0 个待执行任务
2026-09-01 16:48:31,150 - agentgate.task.scheduler - INFO - 开始扫描 PENDING 状态任务...
2026-09-01 16:48:31,151 - agentgate.task.scheduler - INFO - 找到 0 个待执行任务
2026-09-01 16:48:41,163 - agentgate.task.scheduler - INFO - 开始扫描 PENDING 状态任务...
2026-09-01 16:48:41,164 - agentgate.task.scheduler - INFO - 找到 0 个待执行任务
2026-09-01 16:48:51,168 - agentgate.task.scheduler - INFO - 开始扫描 PENDING 状态任务...
2026-09-01 16:48:51,170 - agentgate.task.scheduler - INFO - 找到 0 个待执行任务
2026-09-01 16:49:01,178 - agentgate.task.scheduler - INFO - 开始扫描 PENDING 状态任务...
2026-09-01 16:49:01,179 - agentgate.task.scheduler - INFO - 找到 0 个待执行任务
2026-09-01 16:49:11,188 - agentgate.task.scheduler - INFO - 开始扫描 PENDING 状态任务...
2026-09-01 16:49:11,190 - agentgate.task.scheduler - INFO - 找到 0 个待执行任务
2026-09-01 16:49:21,197 - agentgate.task.scheduler - INFO - 开始扫描 PENDING 状态任务...
2026-09-01 16:49:21,199 - agentgate.task.scheduler - INFO - 找到 0 个待执行任务
2026-09-01 16:49:31,201 - agentgate.task.scheduler - INFO - 开始扫描 PENDING 状态任务...
2026-09-01 16:49:31,203 - agentgate.task.scheduler - INFO - 找到 0 个待执行任务
2026-09-01 16:49:41,219 - agentgate.task.scheduler - INFO - 开始扫描 PENDING 状态任务...
2026-09-01 16:49:41,221 - agentgate.task.scheduler - INFO - 找到 0 个待执行任务
2026-09-01 16:49:51,227 - agentgate.task.scheduler - INFO - 开始扫描 PENDING 状态任务...
2026-09-01 16:49:51,228 - agentgate.task.scheduler - INFO - 找到 0 个待执行任务
2026-09-01 16:50:01,243 - agentgate.task.scheduler - INFO - 开始扫描 PENDING 状态任务...
2026-09-01 16:50:01,245 - agentgate.task.scheduler - INFO - 找到 0 个待执行任务
2026-09-01 16:50:11,260 - agentgate.task.scheduler - INFO - 开始扫描 PENDING 状态任务...
2026-09-01 16:50:11,262 - agentgate.task.scheduler - INFO - 找到 0 个待执行任务
2026-09-01 16:50:21,269 - agentgate.task.scheduler - INFO - 开始扫描 PENDING 状态任务...
2026-09-01 16:50:21,271 - agentgate.task.scheduler - INFO - 找到 0 个待执行任务
2026-09-01 16:50:31,278 - agentgate.task.scheduler - INFO - 开始扫描 PENDING 状态任务...
2026-09-01 16:50:31,279 - agentgate.task.scheduler - INFO - 找到 0 个待执行任务
2026-09-01 16:50:41,288 - agentgate.task.scheduler - INFO - 开始扫描 PENDING 状态任务...
2026-09-01 16:50:41,290 - agentgate.task.scheduler - INFO - 找到 0 个待执行任务
2026-09-01 16:50:51,301 - agentgate.task.scheduler - INFO - 开始扫描 PENDING 状态任务...
2026-09-01 16:50:51,303 - agentgate.task.scheduler - INFO - 找到 0 个待执行任务
2026-09-01 16:51:01,311 - agentgate.task.scheduler - INFO - 开始扫描 PENDING 状态任务...
2026-09-01 16:51:01,312 - agentgate.task.scheduler - INFO - 找到 0 个待执行任务
2026-09-01 16:51:11,313 - agentgate.task.scheduler - INFO - 开始扫描 PENDING 状态任务...
2026-09-01 16:51:11,314 - agentgate.task.scheduler - INFO - 找到 0 个待执行任务
2026-09-01 16:51:21,330 - agentgate.task.scheduler - INFO - 开始扫描 PENDING 状态任务...
2026-09-01 16:51:21,331 - agentgate.task.scheduler - INFO - 找到 0 个待执行任务
2026-09-01 16:51:31,346 - agentgate.task.scheduler - INFO - 开始扫描 PENDING 状态任务...
2026-09-01 16:51:31,348 - agentgate.task.scheduler - INFO - 找到 0 个待执行任务
2026-09-01 16:51:41,351 - agentgate.task.scheduler - INFO - 开始扫描 PENDING 状态任务...
2026-09-01 16:51:41,352 - agentgate.task.scheduler - INFO - 找到 0 个待执行任务
2026-09-01 16:51:51,355 - agentgate.task.scheduler - INFO - 开始扫描 PENDING 状态任务...
2026-09-01 16:51:51,357 - agentgate.task.scheduler - INFO - 找到 0 个待执行任务
2026-09-01 16:52:01,370 - agentgate.task.scheduler - INFO - 开始扫描 PENDING 状态任务...
2026-09-01 16:52:01,372 - agentgate.task.scheduler - INFO - 找到 0 个待执行任务
2026-09-01 16:52:11,385 - agentgate.task.scheduler - INFO - 开始扫描 PENDING 状态任务...
2026-09-01 16:52:11,386 - agentgate.task.scheduler - INFO - 找到 0 个待执行任务
2026-09-01 16:52:21,402 - agentgate.task.scheduler - INFO - 开始扫描 PENDING 状态任务...
2026-09-01 16:52:21,404 - agentgate.task.scheduler - INFO - 找到 0 个待执行任务
2026-09-01 16:52:31,409 - agentgate.task.scheduler - INFO - 开始扫描 PENDING 状态任务...
2026-09-01 16:52:31,410 - agentgate.task.scheduler - INFO - 找到 0 个待执行任务
2026-09-01 16:52:41,419 - agentgate.task.scheduler - INFO - 开始扫描 PENDING 状态任务...
2026-09-01 16:52:41,420 - agentgate.task.scheduler - INFO - 找到 0 个待执行任务
2026-09-01 16:52:51,434 - agentgate.task.scheduler - INFO - 开始扫描 PENDING 状态任务...
2026-09-01 16:52:51,435 - agentgate.task.scheduler - INFO - 找到 0 个待执行任务
2026-09-01 16:53:01,448 - agentgate.task.scheduler - INFO - 开始扫描 PENDING 状态任务...
2026-09-01 16:53:01,450 - agentgate.task.scheduler - INFO - 找到 0 个待执行任务
2026-09-01 16:53:11,457 - agentgate.task.scheduler - INFO - 开始扫描 PENDING 状态任务...
2026-09-01 16:53:11,459 - agentgate.task.scheduler - INFO - 找到 0 个待执行任务
2026-09-01 16:53:21,470 - agentgate.task.scheduler - INFO - 开始扫描 PENDING 状态任务...
2026-09-01 16:53:21,471 - agentgate.task.scheduler - INFO - 找到 0 个待执行任务
2026-09-01 16:53:31,487 - agentgate.task.scheduler - INFO - 开始扫描 PENDING 状态任务...
2026-09-01 16:53:31,488 - agentgate.task.scheduler - INFO - 找到 0 个待执行任务
2026-09-01 16:53:41,502 - agentgate.task.scheduler - INFO - 开始扫描 PENDING 状态任务...
2026-09-01 16:53:41,504 - agentgate.task.scheduler - INFO - 找到 0 个待执行任务
2026-09-01 16:53:51,509 - agentgate.task.scheduler - INFO - 开始扫描 PENDING 状态任务...
2026-09-01 16:53:51,510 - agentgate.task.scheduler - INFO - 找到 0 个待执行任务
2026-09-01 16:54:01,515 - agentgate.task.scheduler - INFO - 开始扫描 PENDING 状态任务...
2026-09-01 16:54:01,518 - agentgate.task.scheduler - INFO - 找到 0 个待执行任务
2026-09-01 16:54:11,532 - agentgate.task.scheduler - INFO - 开始扫描 PENDING 状态任务...
2026-09-01 16:54:11,533 - agentgate.task.scheduler - INFO - 找到 0 个待执行任务
2026-09-01 16:54:21,547 - agentgate.task.scheduler - INFO - 开始扫描 PENDING 状态任务...
2026-09-01 16:54:21,549 - agentgate.task.scheduler - INFO - 找到 0 个待执行任务
2026-09-01 16:54:31,553 - agentgate.task.scheduler - INFO - 开始扫描 PENDING 状态任务...
2026-09-01 16:54:31,555 - agentgate.task.scheduler - INFO - 找到 0 个待执行任务
2026-09-01 16:54:41,568 - agentgate.task.scheduler - INFO - 开始扫描 PENDING 状态任务...
2026-09-01 16:54:41,569 - agentgate.task.scheduler - INFO - 找到 0 个待执行任务
2026-09-01 16:54:51,581 - agentgate.task.scheduler - INFO - 开始扫描 PENDING 状态任务...
2026-09-01 16:54:51,583 - agentgate.task.scheduler - INFO - 找到 0 个待执行任务
2026-09-01 16:55:01,594 - agentgate.task.scheduler - INFO - 开始扫描 PENDING 状态任务...
2026-09-01 16:55:01,595 - agentgate.task.scheduler - INFO - 找到 0 个待执行任务
2026-09-01 16:55:11,597 - agentgate.task.scheduler - INFO - 开始扫描 PENDING 状态任务...
2026-09-01 16:55:11,599 - agentgate.task.scheduler - INFO - 找到 0 个待执行任务
2026-09-01 16:55:21,608 - agentgate.task.scheduler - INFO - 开始扫描 PENDING 状态任务...
2026-09-01 16:55:21,609 - agentgate.task.scheduler - INFO - 找到 0 个待执行任务
2026-09-01 16:55:31,624 - agentgate.task.scheduler - INFO - 开始扫描 PENDING 状态任务...
2026-09-01 16:55:31,626 - agentgate.task.scheduler - INFO - 找到 0 个待执行任务
2026-09-01 16:55:41,632 - agentgate.task.scheduler - INFO - 开始扫描 PENDING 状态任务...
2026-09-01 16:55:41,634 - agentgate.task.scheduler - INFO - 找到 0 个待执行任务
2026-09-01 16:55:51,641 - agentgate.task.scheduler - INFO - 开始扫描 PENDING 状态任务...
2026-09-01 16:55:51,643 - agentgate.task.scheduler - INFO - 找到 0 个待执行任务
2026-09-01 16:56:01,648 - agentgate.task.scheduler - INFO - 开始扫描 PENDING 状态任务...
2026-09-01 16:56:01,649 - agentgate.task.scheduler - INFO - 找到 0 个待执行任务
2026-09-01 16:56:11,663 - agentgate.task.scheduler - INFO - 开始扫描 PENDING 状态任务...
2026-09-01 16:56:11,665 - agentgate.task.scheduler - INFO - 找到 0 个待执行任务
2026-09-01 16:56:21,669 - agentgate.task.scheduler - INFO - 开始扫描 PENDING 状态任务...
2026-09-01 16:56:21,671 - agentgate.task.scheduler - INFO - 找到 0 个待执行任务
2026-09-01 16:56:31,684 - agentgate.task.scheduler - INFO - 开始扫描 PENDING 状态任务...
2026-09-01 16:56:31,685 - agentgate.task.scheduler - INFO - 找到 0 个待执行任务
2026-09-01 16:56:41,689 - agentgate.task.scheduler - INFO - 开始扫描 PENDING 状态任务...
2026-09-01 16:56:41,690 - agentgate.task.scheduler - INFO - 找到 0 个待执行任务
2026-09-01 16:56:51,698 - agentgate.task.scheduler - INFO - 开始扫描 PENDING 状态任务...
2026-09-01 16:56:51,700 - agentgate.task.scheduler - INFO - 找到 0 个待执行任务
2026-09-01 16:57:01,701 - agentgate.task.scheduler - INFO - 开始扫描 PENDING 状态任务...
2026-09-01 16:57:01,703 - agentgate.task.scheduler - INFO - 找到 0 个待执行任务
2026-09-01 16:57:11,717 - agentgate.task.scheduler - INFO - 开始扫描 PENDING 状态任务...
2026-09-01 16:57:11,719 - agentgate.task.scheduler - INFO - 找到 0 个待执行任务
2026-09-01 16:57:21,724 - agentgate.task.scheduler - INFO - 开始扫描 PENDING 状态任务...
2026-09-01 16:57:21,726 - agentgate.task.scheduler - INFO - 找到 0 个待执行任务
2026-09-01 16:57:31,728 - agentgate.task.scheduler - INFO - 开始扫描 PENDING 状态任务...
2026-09-01 16:57:31,730 - agentgate.task.scheduler - INFO - 找到 0 个待执行任务
2026-09-01 16:57:41,739 - agentgate.task.scheduler - INFO - 开始扫描 PENDING 状态任务...
2026-09-01 16:57:41,741 - agentgate.task.scheduler - INFO - 找到 0 个待执行任务
2026-09-01 16:57:51,755 - agentgate.task.scheduler - INFO - 开始扫描 PENDING 状态任务...
2026-09-01 16:57:51,756 - agentgate.task.scheduler - INFO - 找到 0 个待执行任务
2026-09-01 16:58:01,765 - agentgate.task.scheduler - INFO - 开始扫描 PENDING 状态任务...
2026-09-01 16:58:01,766 - agentgate.task.scheduler - INFO - 找到 0 个待执行任务
2026-09-01 16:58:11,781 - agentgate.task.scheduler - INFO - 开始扫描 PENDING 状态任务...
2026-09-01 16:58:11,783 - agentgate.task.scheduler - INFO - 找到 0 个待执行任务
2026-09-01 16:58:21,792 - agentgate.task.scheduler - INFO - 开始扫描 PENDING 状态任务...
2026-09-01 16:58:21,794 - agentgate.task.scheduler - INFO - 找到 0 个待执行任务
2026-09-01 16:58:31,807 - agentgate.task.scheduler - INFO - 开始扫描 PENDING 状态任务...
2026-09-01 16:58:31,809 - agentgate.task.scheduler - INFO - 找到 0 个待执行任务
2026-09-01 16:58:41,818 - agentgate.task.scheduler - INFO - 开始扫描 PENDING 状态任务...
2026-09-01 16:58:41,819 - agentgate.task.scheduler - INFO - 找到 0 个待执行任务
2026-09-01 16:58:51,829 - agentgate.task.scheduler - INFO - 开始扫描 PENDING 状态任务...
2026-09-01 16:58:51,831 - agentgate.task.scheduler - INFO - 找到 0 个待执行任务
2026-09-01 16:59:01,833 - agentgate.task.scheduler - INFO - 开始扫描 PENDING 状态任务...
2026-09-01 16:59:01,835 - agentgate.task.scheduler - INFO - 找到 0 个待执行任务
2026-09-01 16:59:11,842 - agentgate.task.scheduler - INFO - 开始扫描 PENDING 状态任务...
2026-09-01 16:59:11,843 - agentgate.task.scheduler - INFO - 找到 0 个待执行任务
2026-09-01 16:59:21,858 - agentgate.task.scheduler - INFO - 开始扫描 PENDING 状态任务...
2026-09-01 16:59:21,860 - agentgate.task.scheduler - INFO - 找到 0 个待执行任务
2026-09-01 16:59:31,862 - agentgate.task.scheduler - INFO - 开始扫描 PENDING 状态任务...
2026-09-01 16:59:31,864 - agentgate.task.scheduler - INFO - 找到 0 个待执行任务
2026-09-01 16:59:41,865 - agentgate.task.scheduler - INFO - 开始扫描 PENDING 状态任务...
2026-09-01 16:59:41,867 - agentgate.task.scheduler - INFO - 找到 0 个待执行任务
2026-09-01 16:59:51,878 - agentgate.task.scheduler - INFO - 开始扫描 PENDING 状态任务...
2026-09-01 16:59:51,879 - agentgate.task.scheduler - INFO - 找到 0 个待执行任务
2026-09-01 17:00:01,892 - agentgate.task.scheduler - INFO - 开始扫描 PENDING 状态任务...
2026-09-01 17:00:01,894 - agentgate.task.scheduler - INFO - 找到 0 个待执行任务
2026-09-01 17:00:11,898 - agentgate.task.scheduler - INFO - 开始扫描 PENDING 状态任务...
2026-09-01 17:00:11,900 - agentgate.task.scheduler - INFO - 找到 0 个待执行任务
2026-09-01 17:00:21,907 - agentgate.task.scheduler - INFO - 开始扫描 PENDING 状态任务...
2026-09-01 17:00:21,908 - agentgate.task.scheduler - INFO - 找到 0 个待执行任务
2026-09-01 17:00:31,916 - agentgate.task.scheduler - INFO - 开始扫描 PENDING 状态任务...
2026-09-01 17:00:31,918 - agentgate.task.scheduler - INFO - 找到 0 个待执行任务
2026-09-01 17:00:41,926 - agentgate.task.scheduler - INFO - 开始扫描 PENDING 状态任务...
2026-09-01 17:00:41,928 - agentgate.task.scheduler - INFO - 找到 0 个待执行任务
2026-09-01 17:00:51,942 - agentgate.task.scheduler - INFO - 开始扫描 PENDING 状态任务...
2026-09-01 17:00:51,943 - agentgate.task.scheduler - INFO - 找到 0 个待执行任务
2026-09-01 17:01:01,954 - agentgate.task.scheduler - INFO - 开始扫描 PENDING 状态任务...
2026-09-01 17:01:01,956 - agentgate.task.scheduler - INFO - 找到 0 个待执行任务
2026-09-01 17:01:11,970 - agentgate.task.scheduler - INFO - 开始扫描 PENDING 状态任务...
2026-09-01 17:01:11,972 - agentgate.task.scheduler - INFO - 找到 0 个待执行任务
2026-09-01 17:01:21,978 - agentgate.task.scheduler - INFO - 开始扫描 PENDING 状态任务...
2026-09-01 17:01:21,980 - agentgate.task.scheduler - INFO - 找到 0 个待执行任务
2026-09-01 17:01:31,984 - agentgate.task.scheduler - INFO - 开始扫描 PENDING 状态任务...
2026-09-01 17:01:31,986 - agentgate.task.scheduler - INFO - 找到 0 个待执行任务
2026-09-01 17:01:41,990 - agentgate.task.scheduler - INFO - 开始扫描 PENDING 状态任务...
2026-09-01 17:01:41,991 - agentgate.task.scheduler - INFO - 找到 0 个待执行任务
2026-09-01 17:01:52,001 - agentgate.task.scheduler - INFO - 开始扫描 PENDING 状态任务...
2026-09-01 17:01:52,003 - agentgate.task.scheduler - INFO - 找到 0 个待执行任务
2026-09-01 17:02:02,019 - agentgate.task.scheduler - INFO - 开始扫描 PENDING 状态任务...
2026-09-01 17:02:02,020 - agentgate.task.scheduler - INFO - 找到 0 个待执行任务
2026-09-01 17:02:12,036 - agentgate.task.scheduler - INFO - 开始扫描 PENDING 状态任务...
2026-09-01 17:02:12,037 - agentgate.task.scheduler - INFO - 找到 0 个待执行任务
2026-09-01 17:02:22,045 - agentgate.task.scheduler - INFO - 开始扫描 PENDING 状态任务...
2026-09-01 17:02:22,046 - agentgate.task.scheduler - INFO - 找到 0 个待执行任务
2026-09-01 17:02:32,055 - agentgate.task.scheduler - INFO - 开始扫描 PENDING 状态任务...
2026-09-01 17:02:32,057 - agentgate.task.scheduler - INFO - 找到 0 个待执行任务
2026-09-01 17:02:42,065 - agentgate.task.scheduler - INFO - 开始扫描 PENDING 状态任务...
2026-09-01 17:02:42,066 - agentgate.task.scheduler - INFO - 找到 0 个待执行任务
2026-09-01 17:02:52,073 - agentgate.task.scheduler - INFO - 开始扫描 PENDING 状态任务...
2026-09-01 17:02:52,074 - agentgate.task.scheduler - INFO - 找到 0 个待执行任务
2026-09-01 17:03:02,081 - agentgate.task.scheduler - INFO - 开始扫描 PENDING 状态任务...
2026-09-01 17:03:02,082 - agentgate.task.scheduler - INFO - 找到 0 个待执行任务
2026-09-01 17:03:12,085 - agentgate.task.scheduler - INFO - 开始扫描 PENDING 状态任务...
2026-09-01 17:03:12,086 - agentgate.task.scheduler - INFO - 找到 0 个待执行任务
2026-09-01 17:03:22,094 - agentgate.task.scheduler - INFO - 开始扫描 PENDING 状态任务...
2026-09-01 17:03:22,095 - agentgate.task.scheduler - INFO - 找到 0 个待执行任务
2026-09-01 17:03:32,106 - agentgate.task.scheduler - INFO - 开始扫描 PENDING 状态任务...
2026-09-01 17:03:32,108 - agentgate.task.scheduler - INFO - 找到 0 个待执行任务
2026-09-01 17:03:42,116 - agentgate.task.scheduler - INFO - 开始扫描 PENDING 状态任务...
2026-09-01 17:03:42,117 - agentgate.task.scheduler - INFO - 找到 0 个待执行任务
2026-09-01 17:03:52,130 - agentgate.task.scheduler - INFO - 开始扫描 PENDING 状态任务...
2026-09-01 17:03:52,131 - agentgate.task.scheduler - INFO - 找到 0 个待执行任务
2026-09-01 17:04:02,145 - agentgate.task.scheduler - INFO - 开始扫描 PENDING 状态任务...
2026-09-01 17:04:02,146 - agentgate.task.scheduler - INFO - 找到 0 个待执行任务
2026-09-01 17:04:12,148 - agentgate.task.scheduler - INFO - 开始扫描 PENDING 状态任务...
2026-09-01 17:04:12,150 - agentgate.task.scheduler - INFO - 找到 0 个待执行任务
2026-09-01 17:04:22,159 - agentgate.task.scheduler - INFO - 开始扫描 PENDING 状态任务...
2026-09-01 17:04:22,160 - agentgate.task.scheduler - INFO - 找到 0 个待执行任务
2026-09-01 17:04:32,167 - agentgate.task.scheduler - INFO - 开始扫描 PENDING 状态任务...
2026-09-01 17:04:32,169 - agentgate.task.scheduler - INFO - 找到 0 个待执行任务
2026-09-01 17:04:42,178 - agentgate.task.scheduler - INFO - 开始扫描 PENDING 状态任务...
2026-09-01 17:04:42,179 - agentgate.task.scheduler - INFO - 找到 0 个待执行任务
2026-09-01 17:04:52,182 - agentgate.task.scheduler - INFO - 开始扫描 PENDING 状态任务...
2026-09-01 17:04:52,183 - agentgate.task.scheduler - INFO - 找到 0 个待执行任务
2026-09-01 17:05:02,196 - agentgate.task.scheduler - INFO - 开始扫描 PENDING 状态任务...
2026-09-01 17:05:02,198 - agentgate.task.scheduler - INFO - 找到 0 个待执行任务
2026-09-01 17:05:12,204 - agentgate.task.scheduler - INFO - 开始扫描 PENDING 状态任务...
2026-09-01 17:05:12,206 - agentgate.task.scheduler - INFO - 找到 0 个待执行任务
2026-09-01 17:05:22,212 - agentgate.task.scheduler - INFO - 开始扫描 PENDING 状态任务...
2026-09-01 17:05:22,214 - agentgate.task.scheduler - INFO - 找到 0 个待执行任务
2026-09-01 17:05:32,227 - agentgate.task.scheduler - INFO - 开始扫描 PENDING 状态任务...
2026-09-01 17:05:32,229 - agentgate.task.scheduler - INFO - 找到 0 个待执行任务
2026-09-01 17:05:42,230 - agentgate.task.scheduler - INFO - 开始扫描 PENDING 状态任务...
2026-09-01 17:05:42,232 - agentgate.task.scheduler - INFO - 找到 0 个待执行任务
2026-09-01 17:05:52,244 - agentgate.task.scheduler - INFO - 开始扫描 PENDING 状态任务...
2026-09-01 17:05:52,245 - agentgate.task.scheduler - INFO - 找到 0 个待执行任务
2026-09-01 17:06:02,257 - agentgate.task.scheduler - INFO - 开始扫描 PENDING 状态任务...
2026-09-01 17:06:02,258 - agentgate.task.scheduler - INFO - 找到 0 个待执行任务
2026-09-01 17:06:12,273 - agentgate.task.scheduler - INFO - 开始扫描 PENDING 状态任务...
2026-09-01 17:06:12,275 - agentgate.task.scheduler - INFO - 找到 0 个待执行任务
2026-09-01 17:06:22,276 - agentgate.task.scheduler - INFO - 开始扫描 PENDING 状态任务...
2026-09-01 17:06:22,277 - agentgate.task.scheduler - INFO - 找到 0 个待执行任务
2026-09-01 17:06:32,290 - agentgate.task.scheduler - INFO - 开始扫描 PENDING 状态任务...
2026-09-01 17:06:32,291 - agentgate.task.scheduler - INFO - 找到 0 个待执行任务
2026-09-01 17:06:42,303 - agentgate.task.scheduler - INFO - 开始扫描 PENDING 状态任务...
2026-09-01 17:06:42,305 - agentgate.task.scheduler - INFO - 找到 0 个待执行任务
2026-09-01 17:06:52,314 - agentgate.task.scheduler - INFO - 开始扫描 PENDING 状态任务...
2026-09-01 17:06:52,315 - agentgate.task.scheduler - INFO - 找到 0 个待执行任务
2026-09-01 17:07:02,320 - agentgate.task.scheduler - INFO - 开始扫描 PENDING 状态任务...
2026-09-01 17:07:02,322 - agentgate.task.scheduler - INFO - 找到 0 个待执行任务
2026-09-01 17:07:12,338 - agentgate.task.scheduler - INFO - 开始扫描 PENDING 状态任务...
2026-09-01 17:07:12,339 - agentgate.task.scheduler - INFO - 找到 0 个待执行任务
2026-09-01 17:07:22,346 - agentgate.task.scheduler - INFO - 开始扫描 PENDING 状态任务...
2026-09-01 17:07:22,348 - agentgate.task.scheduler - INFO - 找到 0 个待执行任务
2026-09-01 17:07:32,357 - agentgate.task.scheduler - INFO - 开始扫描 PENDING 状态任务...
2026-09-01 17:07:32,359 - agentgate.task.scheduler - INFO - 找到 0 个待执行任务
2026-09-01 17:07:42,375 - agentgate.task.scheduler - INFO - 开始扫描 PENDING 状态任务...
2026-09-01 17:07:42,377 - agentgate.task.scheduler - INFO - 找到 0 个待执行任务
2026-09-01 17:07:52,383 - agentgate.task.scheduler - INFO - 开始扫描 PENDING 状态任务...
2026-09-01 17:07:52,385 - agentgate.task.scheduler - INFO - 找到 0 个待执行任务
2026-09-01 17:08:02,387 - agentgate.task.scheduler - INFO - 开始扫描 PENDING 状态任务...
2026-09-01 17:08:02,389 - agentgate.task.scheduler - INFO - 找到 0 个待执行任务
2026-09-01 17:08:12,397 - agentgate.task.scheduler - INFO - 开始扫描 PENDING 状态任务...
2026-09-01 17:08:12,398 - agentgate.task.scheduler - INFO - 找到 0 个待执行任务
2026-09-01 17:08:22,410 - agentgate.task.scheduler - INFO - 开始扫描 PENDING 状态任务...
2026-09-01 17:08:22,411 - agentgate.task.scheduler - INFO - 找到 0 个待执行任务
2026-09-01 17:08:32,415 - agentgate.task.scheduler - INFO - 开始扫描 PENDING 状态任务...
2026-09-01 17:08:32,417 - agentgate.task.scheduler - INFO - 找到 0 个待执行任务
2026-09-01 17:08:42,423 - agentgate.task.scheduler - INFO - 开始扫描 PENDING 状态任务...
2026-09-01 17:08:42,424 - agentgate.task.scheduler - INFO - 找到 0 个待执行任务
2026-09-01 17:08:52,437 - agentgate.task.scheduler - INFO - 开始扫描 PENDING 状态任务...
2026-09-01 17:08:52,439 - agentgate.task.scheduler - INFO - 找到 0 个待执行任务
2026-09-01 17:09:02,449 - agentgate.task.scheduler - INFO - 开始扫描 PENDING 状态任务...
2026-09-01 17:09:02,450 - agentgate.task.scheduler - INFO - 找到 0 个待执行任务
2026-09-01 17:09:12,464 - agentgate.task.scheduler - INFO - 开始扫描 PENDING 状态任务...
2026-09-01 17:09:12,465 - agentgate.task.scheduler - INFO - 找到 0 个待执行任务
2026-09-01 17:09:22,466 - agentgate.task.scheduler - INFO - 开始扫描 PENDING 状态任务...
2026-09-01 17:09:22,467 - agentgate.task.scheduler - INFO - 找到 0 个待执行任务
2026-09-01 17:09:32,471 - agentgate.task.scheduler - INFO - 开始扫描 PENDING 状态任务...
2026-09-01 17:09:32,473 - agentgate.task.scheduler - INFO - 找到 0 个待执行任务
2026-09-01 17:09:42,487 - agentgate.task.scheduler - INFO - 开始扫描 PENDING 状态任务...
2026-09-01 17:09:42,488 - agentgate.task.scheduler - INFO - 找到 0 个待执行任务
2026-09-01 17:09:52,503 - agentgate.task.scheduler - INFO - 开始扫描 PENDING 状态任务...
2026-09-01 17:09:52,505 - agentgate.task.scheduler - INFO - 找到 0 个待执行任务
2026-09-01 17:10:02,518 - agentgate.task.scheduler - INFO - 开始扫描 PENDING 状态任务...
2026-09-01 17:10:02,520 - agentgate.task.scheduler - INFO - 找到 0 个待执行任务
2026-09-01 17:10:12,531 - agentgate.task.scheduler - INFO - 开始扫描 PENDING 状态任务...
2026-09-01 17:10:12,533 - agentgate.task.scheduler - INFO - 找到 0 个待执行任务
2026-09-01 17:10:22,549 - agentgate.task.scheduler - INFO - 开始扫描 PENDING 状态任务...
2026-09-01 17:10:22,550 - agentgate.task.scheduler - INFO - 找到 0 个待执行任务
2026-09-01 17:10:32,551 - agentgate.task.scheduler - INFO - 开始扫描 PENDING 状态任务...
2026-09-01 17:10:32,553 - agentgate.task.scheduler - INFO - 找到 0 个待执行任务
2026-09-01 17:10:42,555 - agentgate.task.scheduler - INFO - 开始扫描 PENDING 状态任务...
2026-09-01 17:10:42,556 - agentgate.task.scheduler - INFO - 找到 0 个待执行任务
2026-09-01 17:10:52,565 - agentgate.task.scheduler - INFO - 开始扫描 PENDING 状态任务...
2026-09-01 17:10:52,567 - agentgate.task.scheduler - INFO - 找到 0 个待执行任务
2026-09-01 17:11:02,568 - agentgate.task.scheduler - INFO - 开始扫描 PENDING 状态任务...
2026-09-01 17:11:02,569 - agentgate.task.scheduler - INFO - 找到 0 个待执行任务
2026-09-01 17:11:12,573 - agentgate.task.scheduler - INFO - 开始扫描 PENDING 状态任务...
2026-09-01 17:11:12,575 - agentgate.task.scheduler - INFO - 找到 0 个待执行任务
2026-09-01 17:11:22,588 - agentgate.task.scheduler - INFO - 开始扫描 PENDING 状态任务...
2026-09-01 17:11:22,589 - agentgate.task.scheduler - INFO - 找到 0 个待执行任务
2026-09-01 17:11:32,595 - agentgate.task.scheduler - INFO - 开始扫描 PENDING 状态任务...
2026-09-01 17:11:32,596 - agentgate.task.scheduler - INFO - 找到 0 个待执行任务
2026-09-01 17:11:42,603 - agentgate.task.scheduler - INFO - 开始扫描 PENDING 状态任务...
2026-09-01 17:11:42,604 - agentgate.task.scheduler - INFO - 找到 0 个待执行任务
2026-09-01 17:11:52,619 - agentgate.task.scheduler - INFO - 开始扫描 PENDING 状态任务...
2026-09-01 17:11:52,620 - agentgate.task.scheduler - INFO - 找到 0 个待执行任务
2026-09-01 17:12:02,628 - agentgate.task.scheduler - INFO - 开始扫描 PENDING 状态任务...
2026-09-01 17:12:02,629 - agentgate.task.scheduler - INFO - 找到 0 个待执行任务
2026-09-01 17:12:12,641 - agentgate.task.scheduler - INFO - 开始扫描 PENDING 状态任务...
2026-09-01 17:12:12,643 - agentgate.task.scheduler - INFO - 找到 0 个待执行任务
2026-09-01 17:12:22,652 - agentgate.task.scheduler - INFO - 开始扫描 PENDING 状态任务...
2026-09-01 17:12:22,654 - agentgate.task.scheduler - INFO - 找到 0 个待执行任务
2026-09-01 17:12:32,661 - agentgate.task.scheduler - INFO - 开始扫描 PENDING 状态任务...
2026-09-01 17:12:32,662 - agentgate.task.scheduler - INFO - 找到 0 个待执行任务
2026-09-01 17:12:42,676 - agentgate.task.scheduler - INFO - 开始扫描 PENDING 状态任务...
2026-09-01 17:12:42,678 - agentgate.task.scheduler - INFO - 找到 0 个待执行任务
2026-09-01 17:12:52,689 - agentgate.task.scheduler - INFO - 开始扫描 PENDING 状态任务...
2026-09-01 17:12:52,690 - agentgate.task.scheduler - INFO - 找到 0 个待执行任务
2026-09-01 17:13:02,705 - agentgate.task.scheduler - INFO - 开始扫描 PENDING 状态任务...
2026-09-01 17:13:02,707 - agentgate.task.scheduler - INFO - 找到 0 个待执行任务
2026-09-01 17:13:12,719 - agentgate.task.scheduler - INFO - 开始扫描 PENDING 状态任务...
2026-09-01 17:13:12,721 - agentgate.task.scheduler - INFO - 找到 0 个待执行任务
2026-09-01 17:13:22,733 - agentgate.task.scheduler - INFO - 开始扫描 PENDING 状态任务...
2026-09-01 17:13:22,735 - agentgate.task.scheduler - INFO - 找到 0 个待执行任务
2026-09-01 17:13:32,740 - agentgate.task.scheduler - INFO - 开始扫描 PENDING 状态任务...
2026-09-01 17:13:32,742 - agentgate.task.scheduler - INFO - 找到 0 个待执行任务
2026-09-01 17:13:42,743 - agentgate.task.scheduler - INFO - 开始扫描 PENDING 状态任务...
2026-09-01 17:13:42,744 - agentgate.task.scheduler - INFO - 找到 0 个待执行任务
2026-09-01 17:13:52,753 - agentgate.task.scheduler - INFO - 开始扫描 PENDING 状态任务...
2026-09-01 17:13:52,754 - agentgate.task.scheduler - INFO - 找到 0 个待执行任务
2026-09-01 17:14:02,755 - agentgate.task.scheduler - INFO - 开始扫描 PENDING 状态任务...
2026-09-01 17:14:02,756 - agentgate.task.scheduler - INFO - 找到 0 个待执行任务
2026-09-01 17:14:12,764 - agentgate.task.scheduler - INFO - 开始扫描 PENDING 状态任务...
2026-09-01 17:14:12,766 - agentgate.task.scheduler - INFO - 找到 0 个待执行任务
2026-09-01 17:14:22,777 - agentgate.task.scheduler - INFO - 开始扫描 PENDING 状态任务...
2026-09-01 17:14:22,778 - agentgate.task.scheduler - INFO - 找到 0 个待执行任务
2026-09-01 17:14:32,783 - agentgate.task.scheduler - INFO - 开始扫描 PENDING 状态任务...
2026-09-01 17:14:32,785 - agentgate.task.scheduler - INFO - 找到 0 个待执行任务
2026-09-01 17:14:42,794 - agentgate.task.scheduler - INFO - 开始扫描 PENDING 状态任务...
2026-09-01 17:14:42,796 - agentgate.task.scheduler - INFO - 找到 0 个待执行任务
2026-09-01 17:14:52,804 - agentgate.task.scheduler - INFO - 开始扫描 PENDING 状态任务...
2026-09-01 17:14:52,806 - agentgate.task.scheduler - INFO - 找到 0 个待执行任务
2026-09-01 17:15:02,811 - agentgate.task.scheduler - INFO - 开始扫描 PENDING 状态任务...
2026-09-01 17:15:02,813 - agentgate.task.scheduler - INFO - 找到 0 个待执行任务
2026-09-01 17:15:12,820 - agentgate.task.scheduler - INFO - 开始扫描 PENDING 状态任务...
2026-09-01 17:15:12,821 - agentgate.task.scheduler - INFO - 找到 0 个待执行任务
2026-09-01 17:15:22,826 - agentgate.task.scheduler - INFO - 开始扫描 PENDING 状态任务...
2026-09-01 17:15:22,828 - agentgate.task.scheduler - INFO - 找到 0 个待执行任务
2026-09-01 17:15:32,836 - agentgate.task.scheduler - INFO - 开始扫描 PENDING 状态任务...
2026-09-01 17:15:32,837 - agentgate.task.scheduler - INFO - 找到 0 个待执行任务
2026-09-01 17:15:42,845 - agentgate.task.scheduler - INFO - 开始扫描 PENDING 状态任务...
2026-09-01 17:15:42,847 - agentgate.task.scheduler - INFO - 找到 0 个待执行任务
2026-09-01 17:15:52,856 - agentgate.task.scheduler - INFO - 开始扫描 PENDING 状态任务...
2026-09-01 17:15:52,858 - agentgate.task.scheduler - INFO - 找到 0 个待执行任务
2026-09-01 17:16:02,866 - agentgate.task.scheduler - INFO - 开始扫描 PENDING 状态任务...
2026-09-01 17:16:02,867 - agentgate.task.scheduler - INFO - 找到 0 个待执行任务
2026-09-01 17:16:12,882 - agentgate.task.scheduler - INFO - 开始扫描 PENDING 状态任务...
2026-09-01 17:16:12,883 - agentgate.task.scheduler - INFO - 找到 0 个待执行任务
2026-09-01 17:16:22,891 - agentgate.task.scheduler - INFO - 开始扫描 PENDING 状态任务...
2026-09-01 17:16:22,893 - agentgate.task.scheduler - INFO - 找到 0 个待执行任务
2026-09-01 17:16:32,896 - agentgate.task.scheduler - INFO - 开始扫描 PENDING 状态任务...
2026-09-01 17:16:32,897 - agentgate.task.scheduler - INFO - 找到 0 个待执行任务
2026-09-01 17:16:42,899 - agentgate.task.scheduler - INFO - 开始扫描 PENDING 状态任务...
2026-09-01 17:16:42,901 - agentgate.task.scheduler - INFO - 找到 0 个待执行任务
2026-09-01 17:16:52,913 - agentgate.task.scheduler - INFO - 开始扫描 PENDING 状态任务...
2026-09-01 17:16:52,915 - agentgate.task.scheduler - INFO - 找到 0 个待执行任务
2026-09-01 17:17:02,919 - agentgate.task.scheduler - INFO - 开始扫描 PENDING 状态任务...
2026-09-01 17:17:02,920 - agentgate.task.scheduler - INFO - 找到 0 个待执行任务
2026-09-01 17:17:12,924 - agentgate.task.scheduler - INFO - 开始扫描 PENDING 状态任务...
2026-09-01 17:17:12,926 - agentgate.task.scheduler - INFO - 找到 0 个待执行任务
2026-09-01 17:17:22,932 - agentgate.task.scheduler - INFO - 开始扫描 PENDING 状态任务...
2026-09-01 17:17:22,935 - agentgate.task.scheduler - INFO - 找到 0 个待执行任务
2026-09-01 17:17:32,936 - agentgate.task.scheduler - INFO - 开始扫描 PENDING 状态任务...
2026-09-01 17:17:32,938 - agentgate.task.scheduler - INFO - 找到 0 个待执行任务
2026-09-01 17:17:42,941 - agentgate.task.scheduler - INFO - 开始扫描 PENDING 状态任务...
2026-09-01 17:17:42,942 - agentgate.task.scheduler - INFO - 找到 0 个待执行任务
2026-09-01 17:17:52,953 - agentgate.task.scheduler - INFO - 开始扫描 PENDING 状态任务...
2026-09-01 17:17:52,955 - agentgate.task.scheduler - INFO - 找到 0 个待执行任务
2026-09-01 17:18:02,970 - agentgate.task.scheduler - INFO - 开始扫描 PENDING 状态任务...
2026-09-01 17:18:02,972 - agentgate.task.scheduler - INFO - 找到 0 个待执行任务
2026-09-01 17:18:12,973 - agentgate.task.scheduler - INFO - 开始扫描 PENDING 状态任务...
2026-09-01 17:18:12,974 - agentgate.task.scheduler - INFO - 找到 0 个待执行任务
2026-09-01 17:18:22,984 - agentgate.task.scheduler - INFO - 开始扫描 PENDING 状态任务...
2026-09-01 17:18:22,986 - agentgate.task.scheduler - INFO - 找到 0 个待执行任务
2026-09-01 17:18:32,992 - agentgate.task.scheduler - INFO - 开始扫描 PENDING 状态任务...
2026-09-01 17:18:32,993 - agentgate.task.scheduler - INFO - 找到 0 个待执行任务
2026-09-01 17:18:43,008 - agentgate.task.scheduler - INFO - 开始扫描 PENDING 状态任务...
2026-09-01 17:18:43,010 - agentgate.task.scheduler - INFO - 找到 0 个待执行任务
2026-09-01 17:18:53,011 - agentgate.task.scheduler - INFO - 开始扫描 PENDING 状态任务...
2026-09-01 17:18:53,013 - agentgate.task.scheduler - INFO - 找到 0 个待执行任务
2026-09-01 17:19:03,023 - agentgate.task.scheduler - INFO - 开始扫描 PENDING 状态任务...
2026-09-01 17:19:03,024 - agentgate.task.scheduler - INFO - 找到 0 个待执行任务
2026-09-01 17:19:13,039 - agentgate.task.scheduler - INFO - 开始扫描 PENDING 状态任务...
2026-09-01 17:19:13,042 - agentgate.task.scheduler - INFO - 找到 0 个待执行任务
2026-09-01 17:19:23,051 - agentgate.task.scheduler - INFO - 开始扫描 PENDING 状态任务...
2026-09-01 17:19:23,053 - agentgate.task.scheduler - INFO - 找到 0 个待执行任务
2026-09-01 17:19:33,061 - agentgate.task.scheduler - INFO - 开始扫描 PENDING 状态任务...
2026-09-01 17:19:33,063 - agentgate.task.scheduler - INFO - 找到 0 个待执行任务
2026-09-01 17:19:43,066 - agentgate.task.scheduler - INFO - 开始扫描 PENDING 状态任务...
2026-09-01 17:19:43,068 - agentgate.task.scheduler - INFO - 找到 0 个待执行任务
2026-09-01 17:19:53,080 - agentgate.task.scheduler - INFO - 开始扫描 PENDING 状态任务...
2026-09-01 17:19:53,082 - agentgate.task.scheduler - INFO - 找到 0 个待执行任务
2026-09-01 17:20:03,087 - agentgate.task.scheduler - INFO - 开始扫描 PENDING 状态任务...
2026-09-01 17:20:03,088 - agentgate.task.scheduler - INFO - 找到 0 个待执行任务
2026-09-01 17:20:13,101 - agentgate.task.scheduler - INFO - 开始扫描 PENDING 状态任务...
2026-09-01 17:20:13,103 - agentgate.task.scheduler - INFO - 找到 0 个待执行任务
2026-09-01 17:20:23,108 - agentgate.task.scheduler - INFO - 开始扫描 PENDING 状态任务...
2026-09-01 17:20:23,109 - agentgate.task.scheduler - INFO - 找到 0 个待执行任务
2026-09-01 17:20:33,117 - agentgate.task.scheduler - INFO - 开始扫描 PENDING 状态任务...
2026-09-01 17:20:33,119 - agentgate.task.scheduler - INFO - 找到 0 个待执行任务
2026-09-01 17:20:43,132 - agentgate.task.scheduler - INFO - 开始扫描 PENDING 状态任务...
2026-09-01 17:20:43,133 - agentgate.task.scheduler - INFO - 找到 0 个待执行任务
2026-09-01 17:20:53,147 - agentgate.task.scheduler - INFO - 开始扫描 PENDING 状态任务...
2026-09-01 17:20:53,149 - agentgate.task.scheduler - INFO - 找到 0 个待执行任务
2026-09-01 17:21:03,155 - agentgate.task.scheduler - INFO - 开始扫描 PENDING 状态任务...
2026-09-01 17:21:03,157 - agentgate.task.scheduler - INFO - 找到 0 个待执行任务
2026-09-01 17:21:13,168 - agentgate.task.scheduler - INFO - 开始扫描 PENDING 状态任务...
2026-09-01 17:21:13,170 - agentgate.task.scheduler - INFO - 找到 0 个待执行任务
2026-09-01 17:21:23,176 - agentgate.task.scheduler - INFO - 开始扫描 PENDING 状态任务...
2026-09-01 17:21:23,177 - agentgate.task.scheduler - INFO - 找到 0 个待执行任务
2026-09-01 17:21:33,193 - agentgate.task.scheduler - INFO - 开始扫描 PENDING 状态任务...
2026-09-01 17:21:33,194 - agentgate.task.scheduler - INFO - 找到 0 个待执行任务
2026-09-01 17:21:43,200 - agentgate.task.scheduler - INFO - 开始扫描 PENDING 状态任务...
2026-09-01 17:21:43,202 - agentgate.task.scheduler - INFO - 找到 0 个待执行任务
2026-09-01 17:21:53,208 - agentgate.task.scheduler - INFO - 开始扫描 PENDING 状态任务...
2026-09-01 17:21:53,209 - agentgate.task.scheduler - INFO - 找到 0 个待执行任务
2026-09-01 17:22:03,216 - agentgate.task.scheduler - INFO - 开始扫描 PENDING 状态任务...
2026-09-01 17:22:03,218 - agentgate.task.scheduler - INFO - 找到 0 个待执行任务
2026-09-01 17:22:13,222 - agentgate.task.scheduler - INFO - 开始扫描 PENDING 状态任务...
2026-09-01 17:22:13,223 - agentgate.task.scheduler - INFO - 找到 0 个待执行任务
2026-09-01 17:22:23,225 - agentgate.task.scheduler - INFO - 开始扫描 PENDING 状态任务...
2026-09-01 17:22:23,226 - agentgate.task.scheduler - INFO - 找到 0 个待执行任务
2026-09-01 17:22:33,230 - agentgate.task.scheduler - INFO - 开始扫描 PENDING 状态任务...
2026-09-01 17:22:33,232 - agentgate.task.scheduler - INFO - 找到 0 个待执行任务
2026-09-01 17:22:43,248 - agentgate.task.scheduler - INFO - 开始扫描 PENDING 状态任务...
2026-09-01 17:22:43,249 - agentgate.task.scheduler - INFO - 找到 0 个待执行任务
2026-09-01 17:22:53,259 - agentgate.task.scheduler - INFO - 开始扫描 PENDING 状态任务...
2026-09-01 17:22:53,260 - agentgate.task.scheduler - INFO - 找到 0 个待执行任务
2026-09-01 17:23:03,273 - agentgate.task.scheduler - INFO - 开始扫描 PENDING 状态任务...
2026-09-01 17:23:03,275 - agentgate.task.scheduler - INFO - 找到 0 个待执行任务
2026-09-01 17:23:13,286 - agentgate.task.scheduler - INFO - 开始扫描 PENDING 状态任务...
2026-09-01 17:23:13,288 - agentgate.task.scheduler - INFO - 找到 0 个待执行任务
2026-09-01 17:23:23,289 - agentgate.task.scheduler - INFO - 开始扫描 PENDING 状态任务...
2026-09-01 17:23:23,290 - agentgate.task.scheduler - INFO - 找到 0 个待执行任务
2026-09-01 17:23:33,305 - agentgate.task.scheduler - INFO - 开始扫描 PENDING 状态任务...
2026-09-01 17:23:33,306 - agentgate.task.scheduler - INFO - 找到 0 个待执行任务
2026-09-01 17:23:43,311 - agentgate.task.scheduler - INFO - 开始扫描 PENDING 状态任务...
2026-09-01 17:23:43,312 - agentgate.task.scheduler - INFO - 找到 0 个待执行任务
2026-09-01 17:23:53,324 - agentgate.task.scheduler - INFO - 开始扫描 PENDING 状态任务...
2026-09-01 17:23:53,325 - agentgate.task.scheduler - INFO - 找到 0 个待执行任务
2026-09-01 17:24:03,341 - agentgate.task.scheduler - INFO - 开始扫描 PENDING 状态任务...
2026-09-01 17:24:03,342 - agentgate.task.scheduler - INFO - 找到 0 个待执行任务
2026-09-01 17:24:13,346 - agentgate.task.scheduler - INFO - 开始扫描 PENDING 状态任务...
2026-09-01 17:24:13,347 - agentgate.task.scheduler - INFO - 找到 0 个待执行任务
2026-09-01 17:24:23,355 - agentgate.task.scheduler - INFO - 开始扫描 PENDING 状态任务...
2026-09-01 17:24:23,357 - agentgate.task.scheduler - INFO - 找到 0 个待执行任务
2026-09-01 17:24:33,359 - agentgate.task.scheduler - INFO - 开始扫描 PENDING 状态任务...
2026-09-01 17:24:33,361 - agentgate.task.scheduler - INFO - 找到 0 个待执行任务
2026-09-01 17:24:43,363 - agentgate.task.scheduler - INFO - 开始扫描 PENDING 状态任务...
2026-09-01 17:24:43,364 - agentgate.task.scheduler - INFO - 找到 0 个待执行任务
2026-09-01 17:24:53,379 - agentgate.task.scheduler - INFO - 开始扫描 PENDING 状态任务...
2026-09-01 17:24:53,380 - agentgate.task.scheduler - INFO - 找到 0 个待执行任务
2026-09-01 17:25:03,383 - agentgate.task.scheduler - INFO - 开始扫描 PENDING 状态任务...
2026-09-01 17:25:03,384 - agentgate.task.scheduler - INFO - 找到 0 个待执行任务
2026-09-01 17:25:13,396 - agentgate.task.scheduler - INFO - 开始扫描 PENDING 状态任务...
2026-09-01 17:25:13,397 - agentgate.task.scheduler - INFO - 找到 0 个待执行任务
2026-09-01 17:25:23,399 - agentgate.task.scheduler - INFO - 开始扫描 PENDING 状态任务...
2026-09-01 17:25:23,401 - agentgate.task.scheduler - INFO - 找到 0 个待执行任务
2026-09-01 17:25:33,415 - agentgate.task.scheduler - INFO - 开始扫描 PENDING 状态任务...
2026-09-01 17:25:33,416 - agentgate.task.scheduler - INFO - 找到 0 个待执行任务
2026-09-01 17:25:43,433 - agentgate.task.scheduler - INFO - 开始扫描 PENDING 状态任务...
2026-09-01 17:25:43,435 - agentgate.task.scheduler - INFO - 找到 0 个待执行任务
2026-09-01 17:25:53,446 - agentgate.task.scheduler - INFO - 开始扫描 PENDING 状态任务...
2026-09-01 17:25:53,447 - agentgate.task.scheduler - INFO - 找到 0 个待执行任务
2026-09-01 17:26:03,450 - agentgate.task.scheduler - INFO - 开始扫描 PENDING 状态任务...
2026-09-01 17:26:03,452 - agentgate.task.scheduler - INFO - 找到 0 个待执行任务
2026-09-01 17:26:13,462 - agentgate.task.scheduler - INFO - 开始扫描 PENDING 状态任务...
2026-09-01 17:26:13,464 - agentgate.task.scheduler - INFO - 找到 0 个待执行任务
2026-09-01 17:26:23,469 - agentgate.task.scheduler - INFO - 开始扫描 PENDING 状态任务...
2026-09-01 17:26:23,471 - agentgate.task.scheduler - INFO - 找到 0 个待执行任务
2026-09-01 17:26:33,478 - agentgate.task.scheduler - INFO - 开始扫描 PENDING 状态任务...
2026-09-01 17:26:33,479 - agentgate.task.scheduler - INFO - 找到 0 个待执行任务
2026-09-01 17:26:43,484 - agentgate.task.scheduler - INFO - 开始扫描 PENDING 状态任务...
2026-09-01 17:26:43,486 - agentgate.task.scheduler - INFO - 找到 0 个待执行任务
2026-09-01 17:26:53,498 - agentgate.task.scheduler - INFO - 开始扫描 PENDING 状态任务...
2026-09-01 17:26:53,500 - agentgate.task.scheduler - INFO - 找到 0 个待执行任务
2026-09-01 17:27:03,502 - agentgate.task.scheduler - INFO - 开始扫描 PENDING 状态任务...
2026-09-01 17:27:03,504 - agentgate.task.scheduler - INFO - 找到 0 个待执行任务
2026-09-01 17:27:13,518 - agentgate.task.scheduler - INFO - 开始扫描 PENDING 状态任务...
2026-09-01 17:27:13,519 - agentgate.task.scheduler - INFO - 找到 0 个待执行任务
2026-09-01 17:27:23,531 - agentgate.task.scheduler - INFO - 开始扫描 PENDING 状态任务...
2026-09-01 17:27:23,533 - agentgate.task.scheduler - INFO - 找到 0 个待执行任务
2026-09-01 17:27:33,546 - agentgate.task.scheduler - INFO - 开始扫描 PENDING 状态任务...
2026-09-01 17:27:33,547 - agentgate.task.scheduler - INFO - 找到 0 个待执行任务
2026-09-01 17:27:43,559 - agentgate.task.scheduler - INFO - 开始扫描 PENDING 状态任务...
2026-09-01 17:27:43,560 - agentgate.task.scheduler - INFO - 找到 0 个待执行任务
2026-09-01 17:27:53,565 - agentgate.task.scheduler - INFO - 开始扫描 PENDING 状态任务...
2026-09-01 17:27:53,567 - agentgate.task.scheduler - INFO - 找到 0 个待执行任务
2026-09-01 17:28:03,576 - agentgate.task.scheduler - INFO - 开始扫描 PENDING 状态任务...
2026-09-01 17:28:03,577 - agentgate.task.scheduler - INFO - 找到 0 个待执行任务
2026-09-01 17:28:13,588 - agentgate.task.scheduler - INFO - 开始扫描 PENDING 状态任务...
2026-09-01 17:28:13,589 - agentgate.task.scheduler - INFO - 找到 0 个待执行任务
2026-09-01 17:28:23,602 - agentgate.task.scheduler - INFO - 开始扫描 PENDING 状态任务...
2026-09-01 17:28:23,603 - agentgate.task.scheduler - INFO - 找到 0 个待执行任务
2026-09-01 17:28:33,612 - agentgate.task.scheduler - INFO - 开始扫描 PENDING 状态任务...
2026-09-01 17:28:33,613 - agentgate.task.scheduler - INFO - 找到 0 个待执行任务
2026-09-01 17:28:43,622 - agentgate.task.scheduler - INFO - 开始扫描 PENDING 状态任务...
2026-09-01 17:28:43,623 - agentgate.task.scheduler - INFO - 找到 0 个待执行任务
2026-09-01 17:28:53,630 - agentgate.task.scheduler - INFO - 开始扫描 PENDING 状态任务...
2026-09-01 17:28:53,632 - agentgate.task.scheduler - INFO - 找到 0 个待执行任务
2026-09-01 17:29:03,642 - agentgate.task.scheduler - INFO - 开始扫描 PENDING 状态任务...
2026-09-01 17:29:03,643 - agentgate.task.scheduler - INFO - 找到 0 个待执行任务
2026-09-01 17:29:13,649 - agentgate.task.scheduler - INFO - 开始扫描 PENDING 状态任务...
2026-09-01 17:29:13,651 - agentgate.task.scheduler - INFO - 找到 0 个待执行任务
2026-09-01 17:29:23,665 - agentgate.task.scheduler - INFO - 开始扫描 PENDING 状态任务...
2026-09-01 17:29:23,666 - agentgate.task.scheduler - INFO - 找到 0 个待执行任务
2026-09-01 17:29:33,673 - agentgate.task.scheduler - INFO - 开始扫描 PENDING 状态任务...
2026-09-01 17:29:33,675 - agentgate.task.scheduler - INFO - 找到 0 个待执行任务
2026-09-01 17:29:43,679 - agentgate.task.scheduler - INFO - 开始扫描 PENDING 状态任务...
2026-09-01 17:29:43,681 - agentgate.task.scheduler - INFO - 找到 0 个待执行任务
2026-09-01 17:29:53,691 - agentgate.task.scheduler - INFO - 开始扫描 PENDING 状态任务...
2026-09-01 17:29:53,692 - agentgate.task.scheduler - INFO - 找到 0 个待执行任务
2026-09-01 17:30:03,695 - agentgate.task.scheduler - INFO - 开始扫描 PENDING 状态任务...
2026-09-01 17:30:03,697 - agentgate.task.scheduler - INFO - 找到 0 个待执行任务
2026-09-01 17:30:13,712 - agentgate.task.scheduler - INFO - 开始扫描 PENDING 状态任务...
2026-09-01 17:30:13,713 - agentgate.task.scheduler - INFO - 找到 0 个待执行任务
2026-09-01 17:30:23,718 - agentgate.task.scheduler - INFO - 开始扫描 PENDING 状态任务...
2026-09-01 17:30:23,719 - agentgate.task.scheduler - INFO - 找到 0 个待执行任务
2026-09-01 17:30:33,726 - agentgate.task.scheduler - INFO - 开始扫描 PENDING 状态任务...
2026-09-01 17:30:33,727 - agentgate.task.scheduler - INFO - 找到 0 个待执行任务
2026-09-01 17:30:43,743 - agentgate.task.scheduler - INFO - 开始扫描 PENDING 状态任务...
2026-09-01 17:30:43,744 - agentgate.task.scheduler - INFO - 找到 0 个待执行任务
2026-09-01 17:30:53,755 - agentgate.task.scheduler - INFO - 开始扫描 PENDING 状态任务...
2026-09-01 17:30:53,757 - agentgate.task.scheduler - INFO - 找到 0 个待执行任务
2026-09-01 17:31:03,770 - agentgate.task.scheduler - INFO - 开始扫描 PENDING 状态任务...
2026-09-01 17:31:03,771 - agentgate.task.scheduler - INFO - 找到 0 个待执行任务
2026-09-01 17:31:13,787 - agentgate.task.scheduler - INFO - 开始扫描 PENDING 状态任务...
2026-09-01 17:31:13,788 - agentgate.task.scheduler - INFO - 找到 0 个待执行任务
2026-09-01 17:31:23,789 - agentgate.task.scheduler - INFO - 开始扫描 PENDING 状态任务...
2026-09-01 17:31:23,791 - agentgate.task.scheduler - INFO - 找到 0 个待执行任务
2026-09-01 17:31:33,807 - agentgate.task.scheduler - INFO - 开始扫描 PENDING 状态任务...
2026-09-01 17:31:33,809 - agentgate.task.scheduler - INFO - 找到 0 个待执行任务
2026-09-01 17:31:43,816 - agentgate.task.scheduler - INFO - 开始扫描 PENDING 状态任务...
2026-09-01 17:31:43,817 - agentgate.task.scheduler - INFO - 找到 0 个待执行任务
2026-09-01 17:31:53,832 - agentgate.task.scheduler - INFO - 开始扫描 PENDING 状态任务...
2026-09-01 17:31:53,835 - agentgate.task.scheduler - INFO - 找到 0 个待执行任务
2026-09-01 17:32:03,850 - agentgate.task.scheduler - INFO - 开始扫描 PENDING 状态任务...
2026-09-01 17:32:03,852 - agentgate.task.scheduler - INFO - 找到 0 个待执行任务
2026-09-01 17:32:13,865 - agentgate.task.scheduler - INFO - 开始扫描 PENDING 状态任务...
2026-09-01 17:32:13,867 - agentgate.task.scheduler - INFO - 找到 0 个待执行任务
2026-09-01 17:32:23,875 - agentgate.task.scheduler - INFO - 开始扫描 PENDING 状态任务...
2026-09-01 17:32:23,877 - agentgate.task.scheduler - INFO - 找到 0 个待执行任务
2026-09-01 17:32:33,887 - agentgate.task.scheduler - INFO - 开始扫描 PENDING 状态任务...
2026-09-01 17:32:33,888 - agentgate.task.scheduler - INFO - 找到 0 个待执行任务
2026-09-01 17:32:43,893 - agentgate.task.scheduler - INFO - 开始扫描 PENDING 状态任务...
2026-09-01 17:32:43,894 - agentgate.task.scheduler - INFO - 找到 0 个待执行任务
2026-09-01 17:32:53,897 - agentgate.task.scheduler - INFO - 开始扫描 PENDING 状态任务...
2026-09-01 17:32:53,899 - agentgate.task.scheduler - INFO - 找到 0 个待执行任务
2026-09-01 17:33:03,903 - agentgate.task.scheduler - INFO - 开始扫描 PENDING 状态任务...
2026-09-01 17:33:03,905 - agentgate.task.scheduler - INFO - 找到 0 个待执行任务
2026-09-01 17:33:13,912 - agentgate.task.scheduler - INFO - 开始扫描 PENDING 状态任务...
2026-09-01 17:33:13,914 - agentgate.task.scheduler - INFO - 找到 0 个待执行任务
2026-09-01 17:33:23,919 - agentgate.task.scheduler - INFO - 开始扫描 PENDING 状态任务...
2026-09-01 17:33:23,921 - agentgate.task.scheduler - INFO - 找到 0 个待执行任务
2026-09-01 17:33:33,924 - agentgate.task.scheduler - INFO - 开始扫描 PENDING 状态任务...
2026-09-01 17:33:33,926 - agentgate.task.scheduler - INFO - 找到 0 个待执行任务
2026-09-01 17:33:43,939 - agentgate.task.scheduler - INFO - 开始扫描 PENDING 状态任务...
2026-09-01 17:33:43,940 - agentgate.task.scheduler - INFO - 找到 0 个待执行任务
2026-09-01 17:33:53,951 - agentgate.task.scheduler - INFO - 开始扫描 PENDING 状态任务...
2026-09-01 17:33:53,952 - agentgate.task.scheduler - INFO - 找到 0 个待执行任务
2026-09-01 17:34:03,960 - agentgate.task.scheduler - INFO - 开始扫描 PENDING 状态任务...
2026-09-01 17:34:03,961 - agentgate.task.scheduler - INFO - 找到 0 个待执行任务
2026-09-01 17:34:13,969 - agentgate.task.scheduler - INFO - 开始扫描 PENDING 状态任务...
2026-09-01 17:34:13,970 - agentgate.task.scheduler - INFO - 找到 0 个待执行任务
2026-09-01 17:34:23,973 - agentgate.task.scheduler - INFO - 开始扫描 PENDING 状态任务...
2026-09-01 17:34:23,975 - agentgate.task.scheduler - INFO - 找到 0 个待执行任务
2026-09-01 17:34:33,979 - agentgate.task.scheduler - INFO - 开始扫描 PENDING 状态任务...
2026-09-01 17:34:33,980 - agentgate.task.scheduler - INFO - 找到 0 个待执行任务
2026-09-01 17:34:43,985 - agentgate.task.scheduler - INFO - 开始扫描 PENDING 状态任务...
2026-09-01 17:34:43,987 - agentgate.task.scheduler - INFO - 找到 0 个待执行任务
2026-09-01 17:34:53,988 - agentgate.task.scheduler - INFO - 开始扫描 PENDING 状态任务...
2026-09-01 17:34:53,990 - agentgate.task.scheduler - INFO - 找到 0 个待执行任务
2026-09-01 17:35:03,991 - agentgate.task.scheduler - INFO - 开始扫描 PENDING 状态任务...
2026-09-01 17:35:03,992 - agentgate.task.scheduler - INFO - 找到 0 个待执行任务
2026-09-01 17:35:13,996 - agentgate.task.scheduler - INFO - 开始扫描 PENDING 状态任务...
2026-09-01 17:35:13,997 - agentgate.task.scheduler - INFO - 找到 0 个待执行任务
2026-09-01 17:35:24,005 - agentgate.task.scheduler - INFO - 开始扫描 PENDING 状态任务...
2026-09-01 17:35:24,006 - agentgate.task.scheduler - INFO - 找到 0 个待执行任务
2026-09-01 17:35:34,010 - agentgate.task.scheduler - INFO - 开始扫描 PENDING 状态任务...
2026-09-01 17:35:34,011 - agentgate.task.scheduler - INFO - 找到 0 个待执行任务
2026-09-01 17:35:44,021 - agentgate.task.scheduler - INFO - 开始扫描 PENDING 状态任务...
2026-09-01 17:35:44,022 - agentgate.task.scheduler - INFO - 找到 0 个待执行任务
2026-09-01 17:35:54,028 - agentgate.task.scheduler - INFO - 开始扫描 PENDING 状态任务...
2026-09-01 17:35:54,029 - agentgate.task.scheduler - INFO - 找到 0 个待执行任务
2026-09-01 17:36:04,045 - agentgate.task.scheduler - INFO - 开始扫描 PENDING 状态任务...
2026-09-01 17:36:04,046 - agentgate.task.scheduler - INFO - 找到 0 个待执行任务
2026-09-01 17:36:14,059 - agentgate.task.scheduler - INFO - 开始扫描 PENDING 状态任务...
2026-09-01 17:36:14,060 - agentgate.task.scheduler - INFO - 找到 0 个待执行任务
2026-09-01 17:36:24,067 - agentgate.task.scheduler - INFO - 开始扫描 PENDING 状态任务...
2026-09-01 17:36:24,068 - agentgate.task.scheduler - INFO - 找到 0 个待执行任务
2026-09-01 17:36:34,078 - agentgate.task.scheduler - INFO - 开始扫描 PENDING 状态任务...
2026-09-01 17:36:34,079 - agentgate.task.scheduler - INFO - 找到 0 个待执行任务
2026-09-01 17:36:44,083 - agentgate.task.scheduler - INFO - 开始扫描 PENDING 状态任务...
2026-09-01 17:36:44,084 - agentgate.task.scheduler - INFO - 找到 0 个待执行任务
2026-09-01 17:36:54,098 - agentgate.task.scheduler - INFO - 开始扫描 PENDING 状态任务...
2026-09-01 17:36:54,099 - agentgate.task.scheduler - INFO - 找到 0 个待执行任务
2026-09-01 17:37:04,101 - agentgate.task.scheduler - INFO - 开始扫描 PENDING 状态任务...
2026-09-01 17:37:04,102 - agentgate.task.scheduler - INFO - 找到 0 个待执行任务
2026-09-01 17:37:14,112 - agentgate.task.scheduler - INFO - 开始扫描 PENDING 状态任务...
2026-09-01 17:37:14,114 - agentgate.task.scheduler - INFO - 找到 0 个待执行任务
2026-09-01 17:37:24,119 - agentgate.task.scheduler - INFO - 开始扫描 PENDING 状态任务...
2026-09-01 17:37:24,120 - agentgate.task.scheduler - INFO - 找到 0 个待执行任务
2026-09-01 17:37:34,130 - agentgate.task.scheduler - INFO - 开始扫描 PENDING 状态任务...
2026-09-01 17:37:34,131 - agentgate.task.scheduler - INFO - 找到 0 个待执行任务
2026-09-01 17:37:44,135 - agentgate.task.scheduler - INFO - 开始扫描 PENDING 状态任务...
2026-09-01 17:37:44,137 - agentgate.task.scheduler - INFO - 找到 0 个待执行任务
2026-09-01 17:37:54,152 - agentgate.task.scheduler - INFO - 开始扫描 PENDING 状态任务...
2026-09-01 17:37:54,153 - agentgate.task.scheduler - INFO - 找到 0 个待执行任务
2026-09-01 17:38:04,167 - agentgate.task.scheduler - INFO - 开始扫描 PENDING 状态任务...
2026-09-01 17:38:04,168 - agentgate.task.scheduler - INFO - 找到 0 个待执行任务
2026-09-01 17:38:14,175 - agentgate.task.scheduler - INFO - 开始扫描 PENDING 状态任务...
2026-09-01 17:38:14,177 - agentgate.task.scheduler - INFO - 找到 0 个待执行任务
2026-09-01 17:38:24,187 - agentgate.task.scheduler - INFO - 开始扫描 PENDING 状态任务...
2026-09-01 17:38:24,188 - agentgate.task.scheduler - INFO - 找到 0 个待执行任务
2026-09-01 17:38:34,201 - agentgate.task.scheduler - INFO - 开始扫描 PENDING 状态任务...
2026-09-01 17:38:34,203 - agentgate.task.scheduler - INFO - 找到 0 个待执行任务
2026-09-01 17:38:44,210 - agentgate.task.scheduler - INFO - 开始扫描 PENDING 状态任务...
2026-09-01 17:38:44,212 - agentgate.task.scheduler - INFO - 找到 0 个待执行任务
2026-09-01 17:38:54,214 - agentgate.task.scheduler - INFO - 开始扫描 PENDING 状态任务...
2026-09-01 17:38:54,215 - agentgate.task.scheduler - INFO - 找到 0 个待执行任务
2026-09-01 17:39:04,220 - agentgate.task.scheduler - INFO - 开始扫描 PENDING 状态任务...
2026-09-01 17:39:04,222 - agentgate.task.scheduler - INFO - 找到 0 个待执行任务
2026-09-01 17:39:14,232 - agentgate.task.scheduler - INFO - 开始扫描 PENDING 状态任务...
2026-09-01 17:39:14,234 - agentgate.task.scheduler - INFO - 找到 0 个待执行任务
2026-09-01 17:39:24,240 - agentgate.task.scheduler - INFO - 开始扫描 PENDING 状态任务...
2026-09-01 17:39:24,241 - agentgate.task.scheduler - INFO - 找到 0 个待执行任务
2026-09-01 17:39:34,254 - agentgate.task.scheduler - INFO - 开始扫描 PENDING 状态任务...
2026-09-01 17:39:34,256 - agentgate.task.scheduler - INFO - 找到 0 个待执行任务
2026-09-01 17:39:44,257 - agentgate.task.scheduler - INFO - 开始扫描 PENDING 状态任务...
2026-09-01 17:39:44,258 - agentgate.task.scheduler - INFO - 找到 0 个待执行任务
2026-09-01 17:39:54,270 - agentgate.task.scheduler - INFO - 开始扫描 PENDING 状态任务...
2026-09-01 17:39:54,271 - agentgate.task.scheduler - INFO - 找到 0 个待执行任务
2026-09-01 17:40:04,286 - agentgate.task.scheduler - INFO - 开始扫描 PENDING 状态任务...
2026-09-01 17:40:04,287 - agentgate.task.scheduler - INFO - 找到 0 个待执行任务
2026-09-01 17:40:14,298 - agentgate.task.scheduler - INFO - 开始扫描 PENDING 状态任务...
2026-09-01 17:40:14,300 - agentgate.task.scheduler - INFO - 找到 0 个待执行任务
2026-09-01 17:40:24,311 - agentgate.task.scheduler - INFO - 开始扫描 PENDING 状态任务...
2026-09-01 17:40:24,312 - agentgate.task.scheduler - INFO - 找到 0 个待执行任务
2026-09-01 17:40:34,325 - agentgate.task.scheduler - INFO - 开始扫描 PENDING 状态任务...
2026-09-01 17:40:34,327 - agentgate.task.scheduler - INFO - 找到 0 个待执行任务
2026-09-01 17:40:44,333 - agentgate.task.scheduler - INFO - 开始扫描 PENDING 状态任务...
2026-09-01 17:40:44,334 - agentgate.task.scheduler - INFO - 找到 0 个待执行任务
2026-09-01 17:40:54,343 - agentgate.task.scheduler - INFO - 开始扫描 PENDING 状态任务...
2026-09-01 17:40:54,344 - agentgate.task.scheduler - INFO - 找到 0 个待执行任务
2026-09-01 17:41:04,357 - agentgate.task.scheduler - INFO - 开始扫描 PENDING 状态任务...
2026-09-01 17:41:04,359 - agentgate.task.scheduler - INFO - 找到 0 个待执行任务
2026-09-01 17:41:14,366 - agentgate.task.scheduler - INFO - 开始扫描 PENDING 状态任务...
2026-09-01 17:41:14,368 - agentgate.task.scheduler - INFO - 找到 0 个待执行任务
2026-09-01 17:41:24,378 - agentgate.task.scheduler - INFO - 开始扫描 PENDING 状态任务...
2026-09-01 17:41:24,379 - agentgate.task.scheduler - INFO - 找到 0 个待执行任务
2026-09-01 17:41:34,394 - agentgate.task.scheduler - INFO - 开始扫描 PENDING 状态任务...
2026-09-01 17:41:34,395 - agentgate.task.scheduler - INFO - 找到 0 个待执行任务
2026-09-01 17:41:44,410 - agentgate.task.scheduler - INFO - 开始扫描 PENDING 状态任务...
2026-09-01 17:41:44,411 - agentgate.task.scheduler - INFO - 找到 0 个待执行任务
2026-09-01 17:41:54,419 - agentgate.task.scheduler - INFO - 开始扫描 PENDING 状态任务...
2026-09-01 17:41:54,421 - agentgate.task.scheduler - INFO - 找到 0 个待执行任务
2026-09-01 17:42:04,424 - agentgate.task.scheduler - INFO - 开始扫描 PENDING 状态任务...
2026-09-01 17:42:04,425 - agentgate.task.scheduler - INFO - 找到 0 个待执行任务
2026-09-01 17:42:14,426 - agentgate.task.scheduler - INFO - 开始扫描 PENDING 状态任务...
2026-09-01 17:42:14,428 - agentgate.task.scheduler - INFO - 找到 0 个待执行任务
2026-09-01 17:42:24,443 - agentgate.task.scheduler - INFO - 开始扫描 PENDING 状态任务...
2026-09-01 17:42:24,444 - agentgate.task.scheduler - INFO - 找到 0 个待执行任务
2026-09-01 17:42:34,451 - agentgate.task.scheduler - INFO - 开始扫描 PENDING 状态任务...
2026-09-01 17:42:34,453 - agentgate.task.scheduler - INFO - 找到 0 个待执行任务
2026-09-01 17:42:44,468 - agentgate.task.scheduler - INFO - 开始扫描 PENDING 状态任务...
2026-09-01 17:42:44,469 - agentgate.task.scheduler - INFO - 找到 0 个待执行任务
2026-09-01 17:42:54,483 - agentgate.task.scheduler - INFO - 开始扫描 PENDING 状态任务...
2026-09-01 17:42:54,484 - agentgate.task.scheduler - INFO - 找到 0 个待执行任务
2026-09-01 17:43:04,496 - agentgate.task.scheduler - INFO - 开始扫描 PENDING 状态任务...
2026-09-01 17:43:04,497 - agentgate.task.scheduler - INFO - 找到 0 个待执行任务
2026-09-01 17:43:14,511 - agentgate.task.scheduler - INFO - 开始扫描 PENDING 状态任务...
2026-09-01 17:43:14,513 - agentgate.task.scheduler - INFO - 找到 0 个待执行任务
2026-09-01 17:43:24,515 - agentgate.task.scheduler - INFO - 开始扫描 PENDING 状态任务...
2026-09-01 17:43:24,517 - agentgate.task.scheduler - INFO - 找到 0 个待执行任务
2026-09-01 17:43:34,522 - agentgate.task.scheduler - INFO - 开始扫描 PENDING 状态任务...
2026-09-01 17:43:34,523 - agentgate.task.scheduler - INFO - 找到 0 个待执行任务
2026-09-01 17:43:44,539 - agentgate.task.scheduler - INFO - 开始扫描 PENDING 状态任务...
2026-09-01 17:43:44,541 - agentgate.task.scheduler - INFO - 找到 0 个待执行任务
2026-09-01 17:43:54,553 - agentgate.task.scheduler - INFO - 开始扫描 PENDING 状态任务...
2026-09-01 17:43:54,554 - agentgate.task.scheduler - INFO - 找到 0 个待执行任务
2026-09-01 17:44:04,566 - agentgate.task.scheduler - INFO - 开始扫描 PENDING 状态任务...
2026-09-01 17:44:04,567 - agentgate.task.scheduler - INFO - 找到 0 个待执行任务
2026-09-01 17:44:14,576 - agentgate.task.scheduler - INFO - 开始扫描 PENDING 状态任务...
2026-09-01 17:44:14,578 - agentgate.task.scheduler - INFO - 找到 0 个待执行任务
2026-09-01 17:44:24,590 - agentgate.task.scheduler - INFO - 开始扫描 PENDING 状态任务...
2026-09-01 17:44:24,592 - agentgate.task.scheduler - INFO - 找到 0 个待执行任务
2026-09-01 17:44:34,598 - agentgate.task.scheduler - INFO - 开始扫描 PENDING 状态任务...
2026-09-01 17:44:34,599 - agentgate.task.scheduler - INFO - 找到 0 个待执行任务
2026-09-01 17:44:44,610 - agentgate.task.scheduler - INFO - 开始扫描 PENDING 状态任务...
2026-09-01 17:44:44,612 - agentgate.task.scheduler - INFO - 找到 0 个待执行任务
2026-09-01 17:44:54,628 - agentgate.task.scheduler - INFO - 开始扫描 PENDING 状态任务...
2026-09-01 17:44:54,629 - agentgate.task.scheduler - INFO - 找到 0 个待执行任务
2026-09-01 17:45:04,642 - agentgate.task.scheduler - INFO - 开始扫描 PENDING 状态任务...
2026-09-01 17:45:04,644 - agentgate.task.scheduler - INFO - 找到 0 个待执行任务
2026-09-01 17:45:14,648 - agentgate.task.scheduler - INFO - 开始扫描 PENDING 状态任务...
2026-09-01 17:45:14,649 - agentgate.task.scheduler - INFO - 找到 0 个待执行任务
2026-09-01 17:45:24,656 - agentgate.task.scheduler - INFO - 开始扫描 PENDING 状态任务...
2026-09-01 17:45:24,657 - agentgate.task.scheduler - INFO - 找到 0 个待执行任务
2026-09-01 17:45:34,666 - agentgate.task.scheduler - INFO - 开始扫描 PENDING 状态任务...
2026-09-01 17:45:34,667 - agentgate.task.scheduler - INFO - 找到 0 个待执行任务
2026-09-01 17:45:44,671 - agentgate.task.scheduler - INFO - 开始扫描 PENDING 状态任务...
2026-09-01 17:45:44,673 - agentgate.task.scheduler - INFO - 找到 0 个待执行任务
2026-09-01 17:45:54,677 - agentgate.task.scheduler - INFO - 开始扫描 PENDING 状态任务...
2026-09-01 17:45:54,678 - agentgate.task.scheduler - INFO - 找到 0 个待执行任务
2026-09-01 17:46:04,686 - agentgate.task.scheduler - INFO - 开始扫描 PENDING 状态任务...
2026-09-01 17:46:04,688 - agentgate.task.scheduler - INFO - 找到 0 个待执行任务
2026-09-01 17:46:14,698 - agentgate.task.scheduler - INFO - 开始扫描 PENDING 状态任务...
2026-09-01 17:46:14,699 - agentgate.task.scheduler - INFO - 找到 0 个待执行任务
2026-09-01 17:46:24,713 - agentgate.task.scheduler - INFO - 开始扫描 PENDING 状态任务...
2026-09-01 17:46:24,715 - agentgate.task.scheduler - INFO - 找到 0 个待执行任务
2026-09-01 17:46:34,730 - agentgate.task.scheduler - INFO - 开始扫描 PENDING 状态任务...
2026-09-01 17:46:34,731 - agentgate.task.scheduler - INFO - 找到 0 个待执行任务
2026-09-01 17:46:44,740 - agentgate.task.scheduler - INFO - 开始扫描 PENDING 状态任务...
2026-09-01 17:46:44,741 - agentgate.task.scheduler - INFO - 找到 0 个待执行任务
2026-09-01 17:46:54,753 - agentgate.task.scheduler - INFO - 开始扫描 PENDING 状态任务...
2026-09-01 17:46:54,755 - agentgate.task.scheduler - INFO - 找到 0 个待执行任务
2026-09-01 17:47:04,756 - agentgate.task.scheduler - INFO - 开始扫描 PENDING 状态任务...
2026-09-01 17:47:04,758 - agentgate.task.scheduler - INFO - 找到 0 个待执行任务
2026-09-01 17:47:14,774 - agentgate.task.scheduler - INFO - 开始扫描 PENDING 状态任务...
2026-09-01 17:47:14,775 - agentgate.task.scheduler - INFO - 找到 0 个待执行任务
2026-09-01 17:47:24,790 - agentgate.task.scheduler - INFO - 开始扫描 PENDING 状态任务...
2026-09-01 17:47:24,791 - agentgate.task.scheduler - INFO - 找到 0 个待执行任务
2026-09-01 17:47:34,793 - agentgate.task.scheduler - INFO - 开始扫描 PENDING 状态任务...
2026-09-01 17:47:34,794 - agentgate.task.scheduler - INFO - 找到 0 个待执行任务
2026-09-01 17:47:44,803 - agentgate.task.scheduler - INFO - 开始扫描 PENDING 状态任务...
2026-09-01 17:47:44,804 - agentgate.task.scheduler - INFO - 找到 0 个待执行任务
2026-09-01 17:47:54,815 - agentgate.task.scheduler - INFO - 开始扫描 PENDING 状态任务...
2026-09-01 17:47:54,816 - agentgate.task.scheduler - INFO - 找到 0 个待执行任务
2026-09-01 17:48:04,818 - agentgate.task.scheduler - INFO - 开始扫描 PENDING 状态任务...
2026-09-01 17:48:04,819 - agentgate.task.scheduler - INFO - 找到 0 个待执行任务
2026-09-01 17:48:14,824 - agentgate.task.scheduler - INFO - 开始扫描 PENDING 状态任务...
2026-09-01 17:48:14,825 - agentgate.task.scheduler - INFO - 找到 0 个待执行任务
2026-09-01 17:48:24,828 - agentgate.task.scheduler - INFO - 开始扫描 PENDING 状态任务...
2026-09-01 17:48:24,829 - agentgate.task.scheduler - INFO - 找到 0 个待执行任务
2026-09-01 17:48:34,838 - agentgate.task.scheduler - INFO - 开始扫描 PENDING 状态任务...
2026-09-01 17:48:34,840 - agentgate.task.scheduler - INFO - 找到 0 个待执行任务
2026-09-01 17:48:44,852 - agentgate.task.scheduler - INFO - 开始扫描 PENDING 状态任务...
2026-09-01 17:48:44,853 - agentgate.task.scheduler - INFO - 找到 0 个待执行任务
2026-09-01 17:48:54,859 - agentgate.task.scheduler - INFO - 开始扫描 PENDING 状态任务...
2026-09-01 17:48:54,860 - agentgate.task.scheduler - INFO - 找到 0 个待执行任务
2026-09-01 17:49:04,865 - agentgate.task.scheduler - INFO - 开始扫描 PENDING 状态任务...
2026-09-01 17:49:04,866 - agentgate.task.scheduler - INFO - 找到 0 个待执行任务
2026-09-01 17:49:14,878 - agentgate.task.scheduler - INFO - 开始扫描 PENDING 状态任务...
2026-09-01 17:49:14,879 - agentgate.task.scheduler - INFO - 找到 0 个待执行任务
2026-09-01 17:49:24,893 - agentgate.task.scheduler - INFO - 开始扫描 PENDING 状态任务...
2026-09-01 17:49:24,894 - agentgate.task.scheduler - INFO - 找到 0 个待执行任务
2026-09-01 17:49:34,897 - agentgate.task.scheduler - INFO - 开始扫描 PENDING 状态任务...
2026-09-01 17:49:34,899 - agentgate.task.scheduler - INFO - 找到 0 个待执行任务
2026-09-01 17:49:44,903 - agentgate.task.scheduler - INFO - 开始扫描 PENDING 状态任务...
2026-09-01 17:49:44,904 - agentgate.task.scheduler - INFO - 找到 0 个待执行任务
2026-09-01 17:49:54,910 - agentgate.task.scheduler - INFO - 开始扫描 PENDING 状态任务...
2026-09-01 17:49:54,911 - agentgate.task.scheduler - INFO - 找到 0 个待执行任务
2026-09-01 17:50:04,913 - agentgate.task.scheduler - INFO - 开始扫描 PENDING 状态任务...
2026-09-01 17:50:04,914 - agentgate.task.scheduler - INFO - 找到 0 个待执行任务
2026-09-01 17:50:14,925 - agentgate.task.scheduler - INFO - 开始扫描 PENDING 状态任务...
2026-09-01 17:50:14,927 - agentgate.task.scheduler - INFO - 找到 0 个待执行任务
2026-09-01 17:50:24,937 - agentgate.task.scheduler - INFO - 开始扫描 PENDING 状态任务...
2026-09-01 17:50:24,939 - agentgate.task.scheduler - INFO - 找到 0 个待执行任务
2026-09-01 17:50:34,942 - agentgate.task.scheduler - INFO - 开始扫描 PENDING 状态任务...
2026-09-01 17:50:34,943 - agentgate.task.scheduler - INFO - 找到 0 个待执行任务
2026-09-01 17:50:44,949 - agentgate.task.scheduler - INFO - 开始扫描 PENDING 状态任务...
2026-09-01 17:50:44,950 - agentgate.task.scheduler - INFO - 找到 0 个待执行任务
2026-09-01 17:50:54,957 - agentgate.task.scheduler - INFO - 开始扫描 PENDING 状态任务...
2026-09-01 17:50:54,959 - agentgate.task.scheduler - INFO - 找到 0 个待执行任务
2026-09-01 17:51:04,964 - agentgate.task.scheduler - INFO - 开始扫描 PENDING 状态任务...
2026-09-01 17:51:04,965 - agentgate.task.scheduler - INFO - 找到 0 个待执行任务
2026-09-01 17:51:14,973 - agentgate.task.scheduler - INFO - 开始扫描 PENDING 状态任务...
2026-09-01 17:51:14,974 - agentgate.task.scheduler - INFO - 找到 0 个待执行任务
2026-09-01 17:51:24,976 - agentgate.task.scheduler - INFO - 开始扫描 PENDING 状态任务...
2026-09-01 17:51:24,978 - agentgate.task.scheduler - INFO - 找到 0 个待执行任务
2026-09-01 17:51:34,992 - agentgate.task.scheduler - INFO - 开始扫描 PENDING 状态任务...
2026-09-01 17:51:34,994 - agentgate.task.scheduler - INFO - 找到 0 个待执行任务
2026-09-01 17:51:45,002 - agentgate.task.scheduler - INFO - 开始扫描 PENDING 状态任务...
2026-09-01 17:51:45,004 - agentgate.task.scheduler - INFO - 找到 0 个待执行任务
2026-09-01 17:51:55,008 - agentgate.task.scheduler - INFO - 开始扫描 PENDING 状态任务...
2026-09-01 17:51:55,010 - agentgate.task.scheduler - INFO - 找到 0 个待执行任务
2026-09-01 17:52:05,018 - agentgate.task.scheduler - INFO - 开始扫描 PENDING 状态任务...
2026-09-01 17:52:05,020 - agentgate.task.scheduler - INFO - 找到 0 个待执行任务
2026-09-01 17:52:15,037 - agentgate.task.scheduler - INFO - 开始扫描 PENDING 状态任务...
2026-09-01 17:52:15,038 - agentgate.task.scheduler - INFO - 找到 0 个待执行任务
2026-09-01 17:52:25,051 - agentgate.task.scheduler - INFO - 开始扫描 PENDING 状态任务...
2026-09-01 17:52:25,052 - agentgate.task.scheduler - INFO - 找到 0 个待执行任务
2026-09-01 17:52:35,066 - agentgate.task.scheduler - INFO - 开始扫描 PENDING 状态任务...
2026-09-01 17:52:35,067 - agentgate.task.scheduler - INFO - 找到 0 个待执行任务
2026-09-01 17:52:45,075 - agentgate.task.scheduler - INFO - 开始扫描 PENDING 状态任务...
2026-09-01 17:52:45,076 - agentgate.task.scheduler - INFO - 找到 0 个待执行任务
2026-09-01 17:52:55,080 - agentgate.task.scheduler - INFO - 开始扫描 PENDING 状态任务...
2026-09-01 17:52:55,082 - agentgate.task.scheduler - INFO - 找到 0 个待执行任务
2026-09-01 17:53:05,097 - agentgate.task.scheduler - INFO - 开始扫描 PENDING 状态任务...
2026-09-01 17:53:05,098 - agentgate.task.scheduler - INFO - 找到 0 个待执行任务
2026-09-01 17:53:15,112 - agentgate.task.scheduler - INFO - 开始扫描 PENDING 状态任务...
2026-09-01 17:53:15,113 - agentgate.task.scheduler - INFO - 找到 0 个待执行任务
2026-09-01 17:53:25,126 - agentgate.task.scheduler - INFO - 开始扫描 PENDING 状态任务...
2026-09-01 17:53:25,127 - agentgate.task.scheduler - INFO - 找到 0 个待执行任务
2026-09-01 17:53:35,135 - agentgate.task.scheduler - INFO - 开始扫描 PENDING 状态任务...
2026-09-01 17:53:35,136 - agentgate.task.scheduler - INFO - 找到 0 个待执行任务
2026-09-01 17:53:45,143 - agentgate.task.scheduler - INFO - 开始扫描 PENDING 状态任务...
2026-09-01 17:53:45,144 - agentgate.task.scheduler - INFO - 找到 0 个待执行任务
2026-09-01 17:53:55,148 - agentgate.task.scheduler - INFO - 开始扫描 PENDING 状态任务...
2026-09-01 17:53:55,149 - agentgate.task.scheduler - INFO - 找到 0 个待执行任务
2026-09-01 17:54:05,153 - agentgate.task.scheduler - INFO - 开始扫描 PENDING 状态任务...
2026-09-01 17:54:05,155 - agentgate.task.scheduler - INFO - 找到 0 个待执行任务
2026-09-01 17:54:15,163 - agentgate.task.scheduler - INFO - 开始扫描 PENDING 状态任务...
2026-09-01 17:54:15,165 - agentgate.task.scheduler - INFO - 找到 0 个待执行任务
2026-09-01 17:54:25,179 - agentgate.task.scheduler - INFO - 开始扫描 PENDING 状态任务...
2026-09-01 17:54:25,180 - agentgate.task.scheduler - INFO - 找到 0 个待执行任务
2026-09-01 17:54:35,185 - agentgate.task.scheduler - INFO - 开始扫描 PENDING 状态任务...
2026-09-01 17:54:35,187 - agentgate.task.scheduler - INFO - 找到 0 个待执行任务
2026-09-01 17:54:45,189 - agentgate.task.scheduler - INFO - 开始扫描 PENDING 状态任务...
2026-09-01 17:54:45,190 - agentgate.task.scheduler - INFO - 找到 0 个待执行任务
2026-09-01 17:54:55,197 - agentgate.task.scheduler - INFO - 开始扫描 PENDING 状态任务...
2026-09-01 17:54:55,198 - agentgate.task.scheduler - INFO - 找到 0 个待执行任务
2026-09-01 17:55:05,206 - agentgate.task.scheduler - INFO - 开始扫描 PENDING 状态任务...
2026-09-01 17:55:05,207 - agentgate.task.scheduler - INFO - 找到 0 个待执行任务
2026-09-01 17:55:15,211 - agentgate.task.scheduler - INFO - 开始扫描 PENDING 状态任务...
2026-09-01 17:55:15,212 - agentgate.task.scheduler - INFO - 找到 0 个待执行任务
2026-09-01 17:55:25,221 - agentgate.task.scheduler - INFO - 开始扫描 PENDING 状态任务...
2026-09-01 17:55:25,223 - agentgate.task.scheduler - INFO - 找到 0 个待执行任务
2026-09-01 17:55:35,226 - agentgate.task.scheduler - INFO - 开始扫描 PENDING 状态任务...
2026-09-01 17:55:35,228 - agentgate.task.scheduler - INFO - 找到 0 个待执行任务
2026-09-01 17:55:45,231 - agentgate.task.scheduler - INFO - 开始扫描 PENDING 状态任务...
2026-09-01 17:55:45,232 - agentgate.task.scheduler - INFO - 找到 0 个待执行任务
2026-09-01 17:55:55,237 - agentgate.task.scheduler - INFO - 开始扫描 PENDING 状态任务...
2026-09-01 17:55:55,238 - agentgate.task.scheduler - INFO - 找到 0 个待执行任务
2026-09-01 17:56:05,255 - agentgate.task.scheduler - INFO - 开始扫描 PENDING 状态任务...
2026-09-01 17:56:05,256 - agentgate.task.scheduler - INFO - 找到 0 个待执行任务
2026-09-01 17:56:15,268 - agentgate.task.scheduler - INFO - 开始扫描 PENDING 状态任务...
2026-09-01 17:56:15,269 - agentgate.task.scheduler - INFO - 找到 0 个待执行任务
2026-09-01 17:56:25,274 - agentgate.task.scheduler - INFO - 开始扫描 PENDING 状态任务...
2026-09-01 17:56:25,275 - agentgate.task.scheduler - INFO - 找到 0 个待执行任务
2026-09-01 17:56:35,282 - agentgate.task.scheduler - INFO - 开始扫描 PENDING 状态任务...
2026-09-01 17:56:35,284 - agentgate.task.scheduler - INFO - 找到 0 个待执行任务
2026-09-01 17:56:45,292 - agentgate.task.scheduler - INFO - 开始扫描 PENDING 状态任务...
2026-09-01 17:56:45,293 - agentgate.task.scheduler - INFO - 找到 0 个待执行任务
2026-09-01 17:56:55,296 - agentgate.task.scheduler - INFO - 开始扫描 PENDING 状态任务...
2026-09-01 17:56:55,298 - agentgate.task.scheduler - INFO - 找到 0 个待执行任务
2026-09-01 17:57:05,302 - agentgate.task.scheduler - INFO - 开始扫描 PENDING 状态任务...
2026-09-01 17:57:05,303 - agentgate.task.scheduler - INFO - 找到 0 个待执行任务
2026-09-01 17:57:15,311 - agentgate.task.scheduler - INFO - 开始扫描 PENDING 状态任务...
2026-09-01 17:57:15,312 - agentgate.task.scheduler - INFO - 找到 0 个待执行任务
2026-09-01 17:57:25,321 - agentgate.task.scheduler - INFO - 开始扫描 PENDING 状态任务...
2026-09-01 17:57:25,322 - agentgate.task.scheduler - INFO - 找到 0 个待执行任务
2026-09-01 17:57:35,333 - agentgate.task.scheduler - INFO - 开始扫描 PENDING 状态任务...
2026-09-01 17:57:35,334 - agentgate.task.scheduler - INFO - 找到 0 个待执行任务
2026-09-01 17:57:45,342 - agentgate.task.scheduler - INFO - 开始扫描 PENDING 状态任务...
2026-09-01 17:57:45,343 - agentgate.task.scheduler - INFO - 找到 0 个待执行任务
2026-09-01 17:57:55,360 - agentgate.task.scheduler - INFO - 开始扫描 PENDING 状态任务...
2026-09-01 17:57:55,361 - agentgate.task.scheduler - INFO - 找到 0 个待执行任务
2026-09-01 17:58:05,362 - agentgate.task.scheduler - INFO - 开始扫描 PENDING 状态任务...
2026-09-01 17:58:05,363 - agentgate.task.scheduler - INFO - 找到 0 个待执行任务
2026-09-01 17:58:15,373 - agentgate.task.scheduler - INFO - 开始扫描 PENDING 状态任务...
2026-09-01 17:58:15,374 - agentgate.task.scheduler - INFO - 找到 0 个待执行任务
2026-09-01 17:58:25,390 - agentgate.task.scheduler - INFO - 开始扫描 PENDING 状态任务...
2026-09-01 17:58:25,391 - agentgate.task.scheduler - INFO - 找到 0 个待执行任务
2026-09-01 17:58:35,399 - agentgate.task.scheduler - INFO - 开始扫描 PENDING 状态任务...
2026-09-01 17:58:35,400 - agentgate.task.scheduler - INFO - 找到 0 个待执行任务
2026-09-01 17:58:45,414 - agentgate.task.scheduler - INFO - 开始扫描 PENDING 状态任务...
2026-09-01 17:58:45,415 - agentgate.task.scheduler - INFO - 找到 0 个待执行任务
2026-09-01 17:58:55,423 - agentgate.task.scheduler - INFO - 开始扫描 PENDING 状态任务...
2026-09-01 17:58:55,424 - agentgate.task.scheduler - INFO - 找到 0 个待执行任务
2026-09-01 17:59:05,435 - agentgate.task.scheduler - INFO - 开始扫描 PENDING 状态任务...
2026-09-01 17:59:05,437 - agentgate.task.scheduler - INFO - 找到 0 个待执行任务
2026-09-01 17:59:15,453 - agentgate.task.scheduler - INFO - 开始扫描 PENDING 状态任务...
2026-09-01 17:59:15,455 - agentgate.task.scheduler - INFO - 找到 0 个待执行任务
2026-09-01 17:59:25,461 - agentgate.task.scheduler - INFO - 开始扫描 PENDING 状态任务...
2026-09-01 17:59:25,463 - agentgate.task.scheduler - INFO - 找到 0 个待执行任务
2026-09-01 17:59:35,475 - agentgate.task.scheduler - INFO - 开始扫描 PENDING 状态任务...
2026-09-01 17:59:35,476 - agentgate.task.scheduler - INFO - 找到 0 个待执行任务
2026-09-01 17:59:45,486 - agentgate.task.scheduler - INFO - 开始扫描 PENDING 状态任务...
2026-09-01 17:59:45,487 - agentgate.task.scheduler - INFO - 找到 0 个待执行任务
2026-09-01 17:59:55,491 - agentgate.task.scheduler - INFO - 开始扫描 PENDING 状态任务...
2026-09-01 17:59:55,492 - agentgate.task.scheduler - INFO - 找到 0 个待执行任务
2026-09-01 18:00:05,503 - agentgate.task.scheduler - INFO - 开始扫描 PENDING 状态任务...
2026-09-01 18:00:05,504 - agentgate.task.scheduler - INFO - 找到 0 个待执行任务
2026-09-01 18:00:15,520 - agentgate.task.scheduler - INFO - 开始扫描 PENDING 状态任务...
2026-09-01 18:00:15,522 - agentgate.task.scheduler - INFO - 找到 0 个待执行任务
2026-09-01 18:00:25,528 - agentgate.task.scheduler - INFO - 开始扫描 PENDING 状态任务...
2026-09-01 18:00:25,529 - agentgate.task.scheduler - INFO - 找到 0 个待执行任务
2026-09-01 18:00:35,537 - agentgate.task.scheduler - INFO - 开始扫描 PENDING 状态任务...
2026-09-01 18:00:35,538 - agentgate.task.scheduler - INFO - 找到 0 个待执行任务
2026-09-01 18:00:45,541 - agentgate.task.scheduler - INFO - 开始扫描 PENDING 状态任务...
2026-09-01 18:00:45,543 - agentgate.task.scheduler - INFO - 找到 0 个待执行任务
2026-09-01 18:00:55,558 - agentgate.task.scheduler - INFO - 开始扫描 PENDING 状态任务...
2026-09-01 18:00:55,559 - agentgate.task.scheduler - INFO - 找到 0 个待执行任务
2026-09-01 18:01:05,570 - agentgate.task.scheduler - INFO - 开始扫描 PENDING 状态任务...
2026-09-01 18:01:05,572 - agentgate.task.scheduler - INFO - 找到 0 个待执行任务
2026-09-01 18:01:15,574 - agentgate.task.scheduler - INFO - 开始扫描 PENDING 状态任务...
2026-09-01 18:01:15,576 - agentgate.task.scheduler - INFO - 找到 0 个待执行任务
2026-09-01 18:01:18,963 - agentgate.task.service - INFO - Created task: 445d84bc-3292-4123-863a-e87302b74b2a, name: test
2026-09-01 18:01:25,591 - agentgate.task.scheduler - INFO - 开始扫描 PENDING 状态任务...
2026-09-01 18:01:25,592 - agentgate.task.scheduler - INFO - 找到 0 个待执行任务
2026-09-01 18:01:35,602 - agentgate.task.scheduler - INFO - 开始扫描 PENDING 状态任务...
2026-09-01 18:01:35,602 - agentgate.task.scheduler - INFO - 找到 0 个待执行任务
2026-09-01 18:01:45,608 - agentgate.task.scheduler - INFO - 开始扫描 PENDING 状态任务...
2026-09-01 18:01:45,609 - agentgate.task.scheduler - INFO - 找到 0 个待执行任务
2026-09-01 18:01:55,622 - agentgate.task.scheduler - INFO - 开始扫描 PENDING 状态任务...
2026-09-01 18:01:55,624 - agentgate.task.scheduler - INFO - 找到 0 个待执行任务
2026-09-01 18:02:05,628 - agentgate.task.scheduler - INFO - 开始扫描 PENDING 状态任务...
2026-09-01 18:02:05,630 - agentgate.task.scheduler - INFO - 找到 0 个待执行任务
2026-09-01 18:02:15,638 - agentgate.task.scheduler - INFO - 开始扫描 PENDING 状态任务...
2026-09-01 18:02:15,639 - agentgate.task.scheduler - INFO - 找到 0 个待执行任务
2026-09-01 18:02:25,647 - agentgate.task.scheduler - INFO - 开始扫描 PENDING 状态任务...
2026-09-01 18:02:25,649 - agentgate.task.scheduler - INFO - 找到 0 个待执行任务
2026-09-01 18:02:35,662 - agentgate.task.scheduler - INFO - 开始扫描 PENDING 状态任务...
2026-09-01 18:02:35,664 - agentgate.task.scheduler - INFO - 找到 0 个待执行任务
2026-09-01 18:02:45,681 - agentgate.task.scheduler - INFO - 开始扫描 PENDING 状态任务...
2026-09-01 18:02:45,682 - agentgate.task.scheduler - INFO - 找到 0 个待执行任务
2026-09-01 18:02:55,692 - agentgate.task.scheduler - INFO - 开始扫描 PENDING 状态任务...
2026-09-01 18:02:55,694 - agentgate.task.scheduler - INFO - 找到 0 个待执行任务
2026-09-01 18:03:05,697 - agentgate.task.scheduler - INFO - 开始扫描 PENDING 状态任务...
2026-09-01 18:03:05,699 - agentgate.task.scheduler - INFO - 找到 0 个待执行任务
2026-09-01 18:03:15,708 - agentgate.task.scheduler - INFO - 开始扫描 PENDING 状态任务...
2026-09-01 18:03:15,709 - agentgate.task.scheduler - INFO - 找到 0 个待执行任务
2026-09-01 18:03:25,711 - agentgate.task.scheduler - INFO - 开始扫描 PENDING 状态任务...
2026-09-01 18:03:25,713 - agentgate.task.scheduler - INFO - 找到 0 个待执行任务
2026-09-01 18:03:35,718 - agentgate.task.scheduler - INFO - 开始扫描 PENDING 状态任务...
2026-09-01 18:03:35,720 - agentgate.task.scheduler - INFO - 找到 0 个待执行任务
2026-09-01 18:03:45,734 - agentgate.task.scheduler - INFO - 开始扫描 PENDING 状态任务...
2026-09-01 18:03:45,736 - agentgate.task.scheduler - INFO - 找到 0 个待执行任务
2026-09-01 18:03:55,746 - agentgate.task.scheduler - INFO - 开始扫描 PENDING 状态任务...
2026-09-01 18:03:55,748 - agentgate.task.scheduler - INFO - 找到 0 个待执行任务
2026-09-01 18:04:05,756 - agentgate.task.scheduler - INFO - 开始扫描 PENDING 状态任务...
2026-09-01 18:04:05,758 - agentgate.task.scheduler - INFO - 找到 0 个待执行任务
2026-09-01 18:04:15,762 - agentgate.task.scheduler - INFO - 开始扫描 PENDING 状态任务...
2026-09-01 18:04:15,764 - agentgate.task.scheduler - INFO - 找到 0 个待执行任务
2026-09-01 18:04:25,766 - agentgate.task.scheduler - INFO - 开始扫描 PENDING 状态任务...
2026-09-01 18:04:25,767 - agentgate.task.scheduler - INFO - 找到 0 个待执行任务
2026-09-01 18:04:35,775 - agentgate.task.scheduler - INFO - 开始扫描 PENDING 状态任务...
2026-09-01 18:04:35,776 - agentgate.task.scheduler - INFO - 找到 0 个待执行任务
2026-09-01 18:04:45,784 - agentgate.task.scheduler - INFO - 开始扫描 PENDING 状态任务...
2026-09-01 18:04:45,785 - agentgate.task.scheduler - INFO - 找到 0 个待执行任务
2026-09-01 18:04:55,797 - agentgate.task.scheduler - INFO - 开始扫描 PENDING 状态任务...
2026-09-01 18:04:55,799 - agentgate.task.scheduler - INFO - 找到 0 个待执行任务
2026-09-01 18:05:05,813 - agentgate.task.scheduler - INFO - 开始扫描 PENDING 状态任务...
2026-09-01 18:05:05,815 - agentgate.task.scheduler - INFO - 找到 0 个待执行任务
2026-09-01 18:05:15,826 - agentgate.task.scheduler - INFO - 开始扫描 PENDING 状态任务...
2026-09-01 18:05:15,828 - agentgate.task.scheduler - INFO - 找到 0 个待执行任务
2026-09-01 18:05:25,829 - agentgate.task.scheduler - INFO - 开始扫描 PENDING 状态任务...
2026-09-01 18:05:25,830 - agentgate.task.scheduler - INFO - 找到 0 个待执行任务
2026-09-01 18:05:35,836 - agentgate.task.scheduler - INFO - 开始扫描 PENDING 状态任务...
2026-09-01 18:05:35,837 - agentgate.task.scheduler - INFO - 找到 0 个待执行任务
2026-09-01 18:05:45,851 - agentgate.task.scheduler - INFO - 开始扫描 PENDING 状态任务...
2026-09-01 18:05:45,852 - agentgate.task.scheduler - INFO - 找到 0 个待执行任务
2026-09-01 18:05:55,867 - agentgate.task.scheduler - INFO - 开始扫描 PENDING 状态任务...
2026-09-01 18:05:55,869 - agentgate.task.scheduler - INFO - 找到 0 个待执行任务
2026-09-01 18:06:05,871 - agentgate.task.scheduler - INFO - 开始扫描 PENDING 状态任务...
2026-09-01 18:06:05,872 - agentgate.task.scheduler - INFO - 找到 0 个待执行任务
2026-09-01 18:06:15,874 - agentgate.task.scheduler - INFO - 开始扫描 PENDING 状态任务...
2026-09-01 18:06:15,875 - agentgate.task.scheduler - INFO - 找到 0 个待执行任务
2026-09-01 18:06:25,886 - agentgate.task.scheduler - INFO - 开始扫描 PENDING 状态任务...
2026-09-01 18:06:25,887 - agentgate.task.scheduler - INFO - 找到 0 个待执行任务
2026-09-01 18:06:35,892 - agentgate.task.scheduler - INFO - 开始扫描 PENDING 状态任务...
2026-09-01 18:06:35,894 - agentgate.task.scheduler - INFO - 找到 0 个待执行任务
2026-09-01 18:06:45,905 - agentgate.task.scheduler - INFO - 开始扫描 PENDING 状态任务...
2026-09-01 18:06:45,907 - agentgate.task.scheduler - INFO - 找到 0 个待执行任务
2026-09-01 18:06:55,921 - agentgate.task.scheduler - INFO - 开始扫描 PENDING 状态任务...
2026-09-01 18:06:55,922 - agentgate.task.scheduler - INFO - 找到 0 个待执行任务
2026-09-01 18:07:05,935 - agentgate.task.scheduler - INFO - 开始扫描 PENDING 状态任务...
2026-09-01 18:07:05,937 - agentgate.task.scheduler - INFO - 找到 0 个待执行任务
2026-09-01 18:07:15,941 - agentgate.task.scheduler - INFO - 开始扫描 PENDING 状态任务...
2026-09-01 18:07:15,943 - agentgate.task.scheduler - INFO - 找到 0 个待执行任务
2026-09-01 18:07:25,956 - agentgate.task.scheduler - INFO - 开始扫描 PENDING 状态任务...
2026-09-01 18:07:25,958 - agentgate.task.scheduler - INFO - 找到 0 个待执行任务
2026-09-01 18:07:35,966 - agentgate.task.scheduler - INFO - 开始扫描 PENDING 状态任务...
2026-09-01 18:07:35,967 - agentgate.task.scheduler - INFO - 找到 0 个待执行任务
2026-09-01 18:07:45,972 - agentgate.task.scheduler - INFO - 开始扫描 PENDING 状态任务...
2026-09-01 18:07:45,974 - agentgate.task.scheduler - INFO - 找到 0 个待执行任务
2026-09-01 18:07:55,981 - agentgate.task.scheduler - INFO - 开始扫描 PENDING 状态任务...
2026-09-01 18:07:55,983 - agentgate.task.scheduler - INFO - 找到 0 个待执行任务
2026-09-01 18:08:05,986 - agentgate.task.scheduler - INFO - 开始扫描 PENDING 状态任务...
2026-09-01 18:08:05,988 - agentgate.task.scheduler - INFO - 找到 0 个待执行任务
2026-09-01 18:08:15,999 - agentgate.task.scheduler - INFO - 开始扫描 PENDING 状态任务...
2026-09-01 18:08:16,000 - agentgate.task.scheduler - INFO - 找到 0 个待执行任务
2026-09-01 18:08:26,002 - agentgate.task.scheduler - INFO - 开始扫描 PENDING 状态任务...
2026-09-01 18:08:26,003 - agentgate.task.scheduler - INFO - 找到 0 个待执行任务
2026-09-01 18:08:36,013 - agentgate.task.scheduler - INFO - 开始扫描 PENDING 状态任务...
2026-09-01 18:08:36,015 - agentgate.task.scheduler - INFO - 找到 0 个待执行任务
2026-09-01 18:08:46,026 - agentgate.task.scheduler - INFO - 开始扫描 PENDING 状态任务...
2026-09-01 18:08:46,028 - agentgate.task.scheduler - INFO - 找到 0 个待执行任务
2026-09-01 18:08:56,033 - agentgate.task.scheduler - INFO - 开始扫描 PENDING 状态任务...
2026-09-01 18:08:56,035 - agentgate.task.scheduler - INFO - 找到 0 个待执行任务
2026-09-01 18:09:06,038 - agentgate.task.scheduler - INFO - 开始扫描 PENDING 状态任务...
2026-09-01 18:09:06,039 - agentgate.task.scheduler - INFO - 找到 0 个待执行任务
2026-09-01 18:09:16,048 - agentgate.task.scheduler - INFO - 开始扫描 PENDING 状态任务...
2026-09-01 18:09:16,050 - agentgate.task.scheduler - INFO - 找到 0 个待执行任务
2026-09-01 18:09:26,057 - agentgate.task.scheduler - INFO - 开始扫描 PENDING 状态任务...
2026-09-01 18:09:26,058 - agentgate.task.scheduler - INFO - 找到 0 个待执行任务
2026-09-01 18:09:36,063 - agentgate.task.scheduler - INFO - 开始扫描 PENDING 状态任务...
2026-09-01 18:09:36,064 - agentgate.task.scheduler - INFO - 找到 0 个待执行任务
2026-09-01 18:09:46,073 - agentgate.task.scheduler - INFO - 开始扫描 PENDING 状态任务...
2026-09-01 18:09:46,074 - agentgate.task.scheduler - INFO - 找到 0 个待执行任务
2026-09-01 18:09:56,079 - agentgate.task.scheduler - INFO - 开始扫描 PENDING 状态任务...
2026-09-01 18:09:56,081 - agentgate.task.scheduler - INFO - 找到 0 个待执行任务
2026-09-01 18:10:06,095 - agentgate.task.scheduler - INFO - 开始扫描 PENDING 状态任务...
2026-09-01 18:10:06,096 - agentgate.task.scheduler - INFO - 找到 0 个待执行任务
2026-09-01 18:10:16,105 - agentgate.task.scheduler - INFO - 开始扫描 PENDING 状态任务...
2026-09-01 18:10:16,107 - agentgate.task.scheduler - INFO - 找到 0 个待执行任务
2026-09-01 18:10:26,122 - agentgate.task.scheduler - INFO - 开始扫描 PENDING 状态任务...
2026-09-01 18:10:26,124 - agentgate.task.scheduler - INFO - 找到 0 个待执行任务
2026-09-01 18:10:36,139 - agentgate.task.scheduler - INFO - 开始扫描 PENDING 状态任务...
2026-09-01 18:10:36,140 - agentgate.task.scheduler - INFO - 找到 0 个待执行任务
2026-09-01 18:10:46,143 - agentgate.task.scheduler - INFO - 开始扫描 PENDING 状态任务...
2026-09-01 18:10:46,145 - agentgate.task.scheduler - INFO - 找到 0 个待执行任务
2026-09-01 18:10:56,154 - agentgate.task.scheduler - INFO - 开始扫描 PENDING 状态任务...
2026-09-01 18:10:56,156 - agentgate.task.scheduler - INFO - 找到 0 个待执行任务
2026-09-01 18:11:06,162 - agentgate.task.scheduler - INFO - 开始扫描 PENDING 状态任务...
2026-09-01 18:11:06,163 - agentgate.task.scheduler - INFO - 找到 0 个待执行任务
2026-09-01 18:11:16,168 - agentgate.task.scheduler - INFO - 开始扫描 PENDING 状态任务...
2026-09-01 18:11:16,170 - agentgate.task.scheduler - INFO - 找到 0 个待执行任务
2026-09-01 18:11:26,177 - agentgate.task.scheduler - INFO - 开始扫描 PENDING 状态任务...
2026-09-01 18:11:26,178 - agentgate.task.scheduler - INFO - 找到 0 个待执行任务
2026-09-01 18:11:36,180 - agentgate.task.scheduler - INFO - 开始扫描 PENDING 状态任务...
2026-09-01 18:11:36,181 - agentgate.task.scheduler - INFO - 找到 0 个待执行任务
2026-09-01 18:11:46,195 - agentgate.task.scheduler - INFO - 开始扫描 PENDING 状态任务...
2026-09-01 18:11:46,197 - agentgate.task.scheduler - INFO - 找到 0 个待执行任务
2026-09-01 18:11:56,203 - agentgate.task.scheduler - INFO - 开始扫描 PENDING 状态任务...
2026-09-01 18:11:56,204 - agentgate.task.scheduler - INFO - 找到 0 个待执行任务
2026-09-01 18:12:06,209 - agentgate.task.scheduler - INFO - 开始扫描 PENDING 状态任务...
2026-09-01 18:12:06,210 - agentgate.task.scheduler - INFO - 找到 0 个待执行任务
2026-09-01 18:12:16,223 - agentgate.task.scheduler - INFO - 开始扫描 PENDING 状态任务...
2026-09-01 18:12:16,225 - agentgate.task.scheduler - INFO - 找到 0 个待执行任务
2026-09-01 18:12:26,233 - agentgate.task.scheduler - INFO - 开始扫描 PENDING 状态任务...
2026-09-01 18:12:26,235 - agentgate.task.scheduler - INFO - 找到 0 个待执行任务
2026-09-01 18:12:36,249 - agentgate.task.scheduler - INFO - 开始扫描 PENDING 状态任务...
2026-09-01 18:12:36,250 - agentgate.task.scheduler - INFO - 找到 0 个待执行任务
2026-09-01 18:12:46,253 - agentgate.task.scheduler - INFO - 开始扫描 PENDING 状态任务...
2026-09-01 18:12:46,255 - agentgate.task.scheduler - INFO - 找到 0 个待执行任务
2026-09-01 18:12:56,269 - agentgate.task.scheduler - INFO - 开始扫描 PENDING 状态任务...
2026-09-01 18:12:56,270 - agentgate.task.scheduler - INFO - 找到 0 个待执行任务
2026-09-01 18:13:06,272 - agentgate.task.scheduler - INFO - 开始扫描 PENDING 状态任务...
2026-09-01 18:13:06,273 - agentgate.task.scheduler - INFO - 找到 0 个待执行任务
2026-09-01 18:13:16,285 - agentgate.task.scheduler - INFO - 开始扫描 PENDING 状态任务...
2026-09-01 18:13:16,287 - agentgate.task.scheduler - INFO - 找到 0 个待执行任务
2026-09-01 18:13:26,301 - agentgate.task.scheduler - INFO - 开始扫描 PENDING 状态任务...
2026-09-01 18:13:26,303 - agentgate.task.scheduler - INFO - 找到 0 个待执行任务
2026-09-01 18:13:36,307 - agentgate.task.scheduler - INFO - 开始扫描 PENDING 状态任务...
2026-09-01 18:13:36,308 - agentgate.task.scheduler - INFO - 找到 0 个待执行任务
2026-09-01 18:13:46,322 - agentgate.task.scheduler - INFO - 开始扫描 PENDING 状态任务...
2026-09-01 18:13:46,323 - agentgate.task.scheduler - INFO - 找到 0 个待执行任务
2026-09-01 18:13:56,329 - agentgate.task.scheduler - INFO - 开始扫描 PENDING 状态任务...
2026-09-01 18:13:56,330 - agentgate.task.scheduler - INFO - 找到 0 个待执行任务
2026-09-01 18:14:06,334 - agentgate.task.scheduler - INFO - 开始扫描 PENDING 状态任务...
2026-09-01 18:14:06,335 - agentgate.task.scheduler - INFO - 找到 0 个待执行任务
2026-09-01 18:14:16,343 - agentgate.task.scheduler - INFO - 开始扫描 PENDING 状态任务...
2026-09-01 18:14:16,345 - agentgate.task.scheduler - INFO - 找到 0 个待执行任务
2026-09-01 18:14:26,348 - agentgate.task.scheduler - INFO - 开始扫描 PENDING 状态任务...
2026-09-01 18:14:26,349 - agentgate.task.scheduler - INFO - 找到 0 个待执行任务
2026-09-01 18:14:36,362 - agentgate.task.scheduler - INFO - 开始扫描 PENDING 状态任务...
2026-09-01 18:14:36,364 - agentgate.task.scheduler - INFO - 找到 0 个待执行任务
2026-09-01 18:14:46,377 - agentgate.task.scheduler - INFO - 开始扫描 PENDING 状态任务...
2026-09-01 18:14:46,378 - agentgate.task.scheduler - INFO - 找到 0 个待执行任务
2026-09-01 18:14:56,381 - agentgate.task.scheduler - INFO - 开始扫描 PENDING 状态任务...
2026-09-01 18:14:56,382 - agentgate.task.scheduler - INFO - 找到 0 个待执行任务
2026-09-01 18:15:06,385 - agentgate.task.scheduler - INFO - 开始扫描 PENDING 状态任务...
2026-09-01 18:15:06,386 - agentgate.task.scheduler - INFO - 找到 0 个待执行任务
2026-09-01 18:15:16,389 - agentgate.task.scheduler - INFO - 开始扫描 PENDING 状态任务...
2026-09-01 18:15:16,390 - agentgate.task.scheduler - INFO - 找到 0 个待执行任务
2026-09-01 18:15:26,396 - agentgate.task.scheduler - INFO - 开始扫描 PENDING 状态任务...
2026-09-01 18:15:26,398 - agentgate.task.scheduler - INFO - 找到 0 个待执行任务
2026-09-01 18:15:36,408 - agentgate.task.scheduler - INFO - 开始扫描 PENDING 状态任务...
2026-09-01 18:15:36,409 - agentgate.task.scheduler - INFO - 找到 0 个待执行任务
2026-09-01 18:15:46,411 - agentgate.task.scheduler - INFO - 开始扫描 PENDING 状态任务...
2026-09-01 18:15:46,413 - agentgate.task.scheduler - INFO - 找到 0 个待执行任务
2026-09-01 18:15:56,415 - agentgate.task.scheduler - INFO - 开始扫描 PENDING 状态任务...
2026-09-01 18:15:56,416 - agentgate.task.scheduler - INFO - 找到 0 个待执行任务
2026-09-01 18:16:06,431 - agentgate.task.scheduler - INFO - 开始扫描 PENDING 状态任务...
2026-09-01 18:16:06,432 - agentgate.task.scheduler - INFO - 找到 0 个待执行任务
2026-09-01 18:16:16,438 - agentgate.task.scheduler - INFO - 开始扫描 PENDING 状态任务...
2026-09-01 18:16:16,440 - agentgate.task.scheduler - INFO - 找到 0 个待执行任务
2026-09-01 18:16:26,450 - agentgate.task.scheduler - INFO - 开始扫描 PENDING 状态任务...
2026-09-01 18:16:26,451 - agentgate.task.scheduler - INFO - 找到 0 个待执行任务
2026-09-01 18:16:36,465 - agentgate.task.scheduler - INFO - 开始扫描 PENDING 状态任务...
2026-09-01 18:16:36,467 - agentgate.task.scheduler - INFO - 找到 0 个待执行任务
2026-09-01 18:16:46,470 - agentgate.task.scheduler - INFO - 开始扫描 PENDING 状态任务...
2026-09-01 18:16:46,472 - agentgate.task.scheduler - INFO - 找到 0 个待执行任务
2026-09-01 18:16:56,477 - agentgate.task.scheduler - INFO - 开始扫描 PENDING 状态任务...
2026-09-01 18:16:56,478 - agentgate.task.scheduler - INFO - 找到 0 个待执行任务
2026-09-01 18:17:06,480 - agentgate.task.scheduler - INFO - 开始扫描 PENDING 状态任务...
2026-09-01 18:17:06,481 - agentgate.task.scheduler - INFO - 找到 0 个待执行任务
2026-09-01 18:17:16,486 - agentgate.task.scheduler - INFO - 开始扫描 PENDING 状态任务...
2026-09-01 18:17:16,488 - agentgate.task.scheduler - INFO - 找到 0 个待执行任务
2026-09-01 18:17:26,499 - agentgate.task.scheduler - INFO - 开始扫描 PENDING 状态任务...
2026-09-01 18:17:26,501 - agentgate.task.scheduler - INFO - 找到 0 个待执行任务
2026-09-01 18:17:36,502 - agentgate.task.scheduler - INFO - 开始扫描 PENDING 状态任务...
2026-09-01 18:17:36,503 - agentgate.task.scheduler - INFO - 找到 0 个待执行任务
2026-09-01 18:17:46,508 - agentgate.task.scheduler - INFO - 开始扫描 PENDING 状态任务...
2026-09-01 18:17:46,509 - agentgate.task.scheduler - INFO - 找到 0 个待执行任务
2026-09-01 18:17:56,516 - agentgate.task.scheduler - INFO - 开始扫描 PENDING 状态任务...
2026-09-01 18:17:56,517 - agentgate.task.scheduler - INFO - 找到 0 个待执行任务
2026-09-01 18:18:06,528 - agentgate.task.scheduler - INFO - 开始扫描 PENDING 状态任务...
2026-09-01 18:18:06,529 - agentgate.task.scheduler - INFO - 找到 0 个待执行任务
2026-09-01 18:18:16,533 - agentgate.task.scheduler - INFO - 开始扫描 PENDING 状态任务...
2026-09-01 18:18:16,534 - agentgate.task.scheduler - INFO - 找到 0 个待执行任务
2026-09-01 18:18:26,541 - agentgate.task.scheduler - INFO - 开始扫描 PENDING 状态任务...
2026-09-01 18:18:26,543 - agentgate.task.scheduler - INFO - 找到 0 个待执行任务
2026-09-01 18:18:36,549 - agentgate.task.scheduler - INFO - 开始扫描 PENDING 状态任务...
2026-09-01 18:18:36,550 - agentgate.task.scheduler - INFO - 找到 0 个待执行任务
2026-09-01 18:18:46,562 - agentgate.task.scheduler - INFO - 开始扫描 PENDING 状态任务...
2026-09-01 18:18:46,564 - agentgate.task.scheduler - INFO - 找到 0 个待执行任务
2026-09-01 18:18:56,575 - agentgate.task.scheduler - INFO - 开始扫描 PENDING 状态任务...
2026-09-01 18:18:56,577 - agentgate.task.scheduler - INFO - 找到 0 个待执行任务
2026-09-01 18:19:06,590 - agentgate.task.scheduler - INFO - 开始扫描 PENDING 状态任务...
2026-09-01 18:19:06,592 - agentgate.task.scheduler - INFO - 找到 0 个待执行任务
2026-09-01 18:19:16,600 - agentgate.task.scheduler - INFO - 开始扫描 PENDING 状态任务...
2026-09-01 18:19:16,602 - agentgate.task.scheduler - INFO - 找到 0 个待执行任务
2026-09-01 18:19:26,603 - agentgate.task.scheduler - INFO - 开始扫描 PENDING 状态任务...
2026-09-01 18:19:26,604 - agentgate.task.scheduler - INFO - 找到 0 个待执行任务
2026-09-01 18:19:36,608 - agentgate.task.scheduler - INFO - 开始扫描 PENDING 状态任务...
2026-09-01 18:19:36,609 - agentgate.task.scheduler - INFO - 找到 0 个待执行任务
2026-09-01 18:19:46,613 - agentgate.task.scheduler - INFO - 开始扫描 PENDING 状态任务...
2026-09-01 18:19:46,615 - agentgate.task.scheduler - INFO - 找到 0 个待执行任务
2026-09-01 18:19:56,630 - agentgate.task.scheduler - INFO - 开始扫描 PENDING 状态任务...
2026-09-01 18:19:56,631 - agentgate.task.scheduler - INFO - 找到 0 个待执行任务
2026-09-01 18:20:06,635 - agentgate.task.scheduler - INFO - 开始扫描 PENDING 状态任务...
2026-09-01 18:20:06,637 - agentgate.task.scheduler - INFO - 找到 0 个待执行任务
2026-09-01 18:20:16,643 - agentgate.task.scheduler - INFO - 开始扫描 PENDING 状态任务...
2026-09-01 18:20:16,645 - agentgate.task.scheduler - INFO - 找到 0 个待执行任务
2026-09-01 18:20:26,658 - agentgate.task.scheduler - INFO - 开始扫描 PENDING 状态任务...
2026-09-01 18:20:26,660 - agentgate.task.scheduler - INFO - 找到 0 个待执行任务
2026-09-01 18:20:36,674 - agentgate.task.scheduler - INFO - 开始扫描 PENDING 状态任务...
2026-09-01 18:20:36,676 - agentgate.task.scheduler - INFO - 找到 0 个待执行任务
2026-09-01 18:20:46,681 - agentgate.task.scheduler - INFO - 开始扫描 PENDING 状态任务...
2026-09-01 18:20:46,682 - agentgate.task.scheduler - INFO - 找到 0 个待执行任务
2026-09-01 18:20:56,696 - agentgate.task.scheduler - INFO - 开始扫描 PENDING 状态任务...
2026-09-01 18:20:56,698 - agentgate.task.scheduler - INFO - 找到 0 个待执行任务
2026-09-01 18:21:06,701 - agentgate.task.scheduler - INFO - 开始扫描 PENDING 状态任务...
2026-09-01 18:21:06,703 - agentgate.task.scheduler - INFO - 找到 0 个待执行任务
2026-09-01 18:21:16,712 - agentgate.task.scheduler - INFO - 开始扫描 PENDING 状态任务...
2026-09-01 18:21:16,713 - agentgate.task.scheduler - INFO - 找到 0 个待执行任务
2026-09-01 18:21:26,717 - agentgate.task.scheduler - INFO - 开始扫描 PENDING 状态任务...
2026-09-01 18:21:26,719 - agentgate.task.scheduler - INFO - 找到 0 个待执行任务
2026-09-01 18:21:36,723 - agentgate.task.scheduler - INFO - 开始扫描 PENDING 状态任务...
2026-09-01 18:21:36,725 - agentgate.task.scheduler - INFO - 找到 0 个待执行任务
2026-09-01 18:21:46,736 - agentgate.task.scheduler - INFO - 开始扫描 PENDING 状态任务...
2026-09-01 18:21:46,737 - agentgate.task.scheduler - INFO - 找到 0 个待执行任务
2026-09-01 18:21:56,741 - agentgate.task.scheduler - INFO - 开始扫描 PENDING 状态任务...
2026-09-01 18:21:56,743 - agentgate.task.scheduler - INFO - 找到 0 个待执行任务
2026-09-01 18:22:06,752 - agentgate.task.scheduler - INFO - 开始扫描 PENDING 状态任务...
2026-09-01 18:22:06,754 - agentgate.task.scheduler - INFO - 找到 0 个待执行任务
2026-09-01 18:22:16,763 - agentgate.task.scheduler - INFO - 开始扫描 PENDING 状态任务...
2026-09-01 18:22:16,765 - agentgate.task.scheduler - INFO - 找到 0 个待执行任务
2026-09-01 18:22:26,777 - agentgate.task.scheduler - INFO - 开始扫描 PENDING 状态任务...
2026-09-01 18:22:26,779 - agentgate.task.scheduler - INFO - 找到 0 个待执行任务
2026-09-01 18:22:36,792 - agentgate.task.scheduler - INFO - 开始扫描 PENDING 状态任务...
2026-09-01 18:22:36,793 - agentgate.task.scheduler - INFO - 找到 0 个待执行任务
2026-09-01 18:22:46,805 - agentgate.task.scheduler - INFO - 开始扫描 PENDING 状态任务...
2026-09-01 18:22:46,806 - agentgate.task.scheduler - INFO - 找到 0 个待执行任务
2026-09-01 18:22:56,808 - agentgate.task.scheduler - INFO - 开始扫描 PENDING 状态任务...
2026-09-01 18:22:56,810 - agentgate.task.scheduler - INFO - 找到 0 个待执行任务
2026-09-01 18:23:06,824 - agentgate.task.scheduler - INFO - 开始扫描 PENDING 状态任务...
2026-09-01 18:23:06,825 - agentgate.task.scheduler - INFO - 找到 0 个待执行任务
2026-09-01 18:23:16,835 - agentgate.task.scheduler - INFO - 开始扫描 PENDING 状态任务...
2026-09-01 18:23:16,837 - agentgate.task.scheduler - INFO - 找到 0 个待执行任务
2026-09-01 18:23:26,839 - agentgate.task.scheduler - INFO - 开始扫描 PENDING 状态任务...
2026-09-01 18:23:26,841 - agentgate.task.scheduler - INFO - 找到 0 个待执行任务
2026-09-01 18:23:36,848 - agentgate.task.scheduler - INFO - 开始扫描 PENDING 状态任务...
2026-09-01 18:23:36,849 - agentgate.task.scheduler - INFO - 找到 0 个待执行任务
2026-09-01 18:23:46,862 - agentgate.task.scheduler - INFO - 开始扫描 PENDING 状态任务...
2026-09-01 18:23:46,863 - agentgate.task.scheduler - INFO - 找到 0 个待执行任务
2026-09-01 18:23:56,869 - agentgate.task.scheduler - INFO - 开始扫描 PENDING 状态任务...
2026-09-01 18:23:56,870 - agentgate.task.scheduler - INFO - 找到 0 个待执行任务
2026-09-01 18:24:06,884 - agentgate.task.scheduler - INFO - 开始扫描 PENDING 状态任务...
2026-09-01 18:24:06,886 - agentgate.task.scheduler - INFO - 找到 0 个待执行任务
2026-09-01 18:24:16,894 - agentgate.task.scheduler - INFO - 开始扫描 PENDING 状态任务...
2026-09-01 18:24:16,896 - agentgate.task.scheduler - INFO - 找到 0 个待执行任务
2026-09-01 18:24:26,903 - agentgate.task.scheduler - INFO - 开始扫描 PENDING 状态任务...
2026-09-01 18:24:26,904 - agentgate.task.scheduler - INFO - 找到 0 个待执行任务
2026-09-01 18:24:36,905 - agentgate.task.scheduler - INFO - 开始扫描 PENDING 状态任务...
2026-09-01 18:24:36,907 - agentgate.task.scheduler - INFO - 找到 0 个待执行任务
2026-09-01 18:24:46,913 - agentgate.task.scheduler - INFO - 开始扫描 PENDING 状态任务...
2026-09-01 18:24:46,914 - agentgate.task.scheduler - INFO - 找到 0 个待执行任务
2026-09-01 18:24:56,928 - agentgate.task.scheduler - INFO - 开始扫描 PENDING 状态任务...
2026-09-01 18:24:56,930 - agentgate.task.scheduler - INFO - 找到 0 个待执行任务
2026-09-01 18:25:06,937 - agentgate.task.scheduler - INFO - 开始扫描 PENDING 状态任务...
2026-09-01 18:25:06,938 - agentgate.task.scheduler - INFO - 找到 0 个待执行任务
2026-09-01 18:25:16,951 - agentgate.task.scheduler - INFO - 开始扫描 PENDING 状态任务...
2026-09-01 18:25:16,952 - agentgate.task.scheduler - INFO - 找到 0 个待执行任务
2026-09-01 18:25:26,959 - agentgate.task.scheduler - INFO - 开始扫描 PENDING 状态任务...
2026-09-01 18:25:26,962 - agentgate.task.scheduler - INFO - 找到 0 个待执行任务
2026-09-01 18:25:36,973 - agentgate.task.scheduler - INFO - 开始扫描 PENDING 状态任务...
2026-09-01 18:25:36,975 - agentgate.task.scheduler - INFO - 找到 0 个待执行任务
2026-09-01 18:25:46,977 - agentgate.task.scheduler - INFO - 开始扫描 PENDING 状态任务...
2026-09-01 18:25:46,978 - agentgate.task.scheduler - INFO - 找到 0 个待执行任务
2026-09-01 18:25:56,985 - agentgate.task.scheduler - INFO - 开始扫描 PENDING 状态任务...
2026-09-01 18:25:56,987 - agentgate.task.scheduler - INFO - 找到 0 个待执行任务
2026-09-01 18:26:06,995 - agentgate.task.scheduler - INFO - 开始扫描 PENDING 状态任务...
2026-09-01 18:26:06,996 - agentgate.task.scheduler - INFO - 找到 0 个待执行任务
2026-09-01 18:26:17,000 - agentgate.task.scheduler - INFO - 开始扫描 PENDING 状态任务...
2026-09-01 18:26:17,001 - agentgate.task.scheduler - INFO - 找到 0 个待执行任务
2026-09-01 18:26:27,004 - agentgate.task.scheduler - INFO - 开始扫描 PENDING 状态任务...
2026-09-01 18:26:27,005 - agentgate.task.scheduler - INFO - 找到 0 个待执行任务
2026-09-01 18:26:37,012 - agentgate.task.scheduler - INFO - 开始扫描 PENDING 状态任务...
2026-09-01 18:26:37,013 - agentgate.task.scheduler - INFO - 找到 0 个待执行任务
2026-09-01 18:26:47,026 - agentgate.task.scheduler - INFO - 开始扫描 PENDING 状态任务...
2026-09-01 18:26:47,028 - agentgate.task.scheduler - INFO - 找到 0 个待执行任务
2026-09-01 18:26:57,038 - agentgate.task.scheduler - INFO - 开始扫描 PENDING 状态任务...
2026-09-01 18:26:57,040 - agentgate.task.scheduler - INFO - 找到 0 个待执行任务
2026-09-01 18:27:07,052 - agentgate.task.scheduler - INFO - 开始扫描 PENDING 状态任务...
2026-09-01 18:27:07,054 - agentgate.task.scheduler - INFO - 找到 0 个待执行任务
2026-09-01 18:27:17,061 - agentgate.task.scheduler - INFO - 开始扫描 PENDING 状态任务...
2026-09-01 18:27:17,063 - agentgate.task.scheduler - INFO - 找到 0 个待执行任务
2026-09-01 18:27:27,074 - agentgate.task.scheduler - INFO - 开始扫描 PENDING 状态任务...
2026-09-01 18:27:27,076 - agentgate.task.scheduler - INFO - 找到 0 个待执行任务
2026-09-01 18:27:37,079 - agentgate.task.scheduler - INFO - 开始扫描 PENDING 状态任务...
2026-09-01 18:27:37,081 - agentgate.task.scheduler - INFO - 找到 0 个待执行任务
2026-09-01 18:27:47,088 - agentgate.task.scheduler - INFO - 开始扫描 PENDING 状态任务...
2026-09-01 18:27:47,089 - agentgate.task.scheduler - INFO - 找到 0 个待执行任务
2026-09-01 18:27:57,092 - agentgate.task.scheduler - INFO - 开始扫描 PENDING 状态任务...
2026-09-01 18:27:57,094 - agentgate.task.scheduler - INFO - 找到 0 个待执行任务
2026-09-01 18:28:07,101 - agentgate.task.scheduler - INFO - 开始扫描 PENDING 状态任务...
2026-09-01 18:28:07,102 - agentgate.task.scheduler - INFO - 找到 0 个待执行任务
2026-09-01 18:28:17,117 - agentgate.task.scheduler - INFO - 开始扫描 PENDING 状态任务...
2026-09-01 18:28:17,118 - agentgate.task.scheduler - INFO - 找到 0 个待执行任务
2026-09-01 18:28:27,126 - agentgate.task.scheduler - INFO - 开始扫描 PENDING 状态任务...
2026-09-01 18:28:27,128 - agentgate.task.scheduler - INFO - 找到 0 个待执行任务
2026-09-01 18:28:37,138 - agentgate.task.scheduler - INFO - 开始扫描 PENDING 状态任务...
2026-09-01 18:28:37,139 - agentgate.task.scheduler - INFO - 找到 0 个待执行任务
2026-09-01 18:28:47,143 - agentgate.task.scheduler - INFO - 开始扫描 PENDING 状态任务...
2026-09-01 18:28:47,144 - agentgate.task.scheduler - INFO - 找到 0 个待执行任务
2026-09-01 18:28:57,148 - agentgate.task.scheduler - INFO - 开始扫描 PENDING 状态任务...
2026-09-01 18:28:57,150 - agentgate.task.scheduler - INFO - 找到 0 个待执行任务
2026-09-01 18:29:07,154 - agentgate.task.scheduler - INFO - 开始扫描 PENDING 状态任务...
2026-09-01 18:29:07,155 - agentgate.task.scheduler - INFO - 找到 0 个待执行任务
2026-09-01 18:29:17,156 - agentgate.task.scheduler - INFO - 开始扫描 PENDING 状态任务...
2026-09-01 18:29:17,158 - agentgate.task.scheduler - INFO - 找到 0 个待执行任务
2026-09-01 18:29:27,169 - agentgate.task.scheduler - INFO - 开始扫描 PENDING 状态任务...
2026-09-01 18:29:27,171 - agentgate.task.scheduler - INFO - 找到 0 个待执行任务
2026-09-01 18:29:37,184 - agentgate.task.scheduler - INFO - 开始扫描 PENDING 状态任务...
2026-09-01 18:29:37,185 - agentgate.task.scheduler - INFO - 找到 0 个待执行任务
2026-09-01 18:29:47,186 - agentgate.task.scheduler - INFO - 开始扫描 PENDING 状态任务...
2026-09-01 18:29:47,188 - agentgate.task.scheduler - INFO - 找到 0 个待执行任务
2026-09-01 18:29:57,192 - agentgate.task.scheduler - INFO - 开始扫描 PENDING 状态任务...
2026-09-01 18:29:57,193 - agentgate.task.scheduler - INFO - 找到 0 个待执行任务
2026-09-01 18:30:07,196 - agentgate.task.scheduler - INFO - 开始扫描 PENDING 状态任务...
2026-09-01 18:30:07,198 - agentgate.task.scheduler - INFO - 找到 0 个待执行任务
2026-09-01 18:30:17,204 - agentgate.task.scheduler - INFO - 开始扫描 PENDING 状态任务...
2026-09-01 18:30:17,206 - agentgate.task.scheduler - INFO - 找到 0 个待执行任务
2026-09-01 18:30:27,213 - agentgate.task.scheduler - INFO - 开始扫描 PENDING 状态任务...
2026-09-01 18:30:27,214 - agentgate.task.scheduler - INFO - 找到 0 个待执行任务
2026-09-01 18:30:37,220 - agentgate.task.scheduler - INFO - 开始扫描 PENDING 状态任务...
2026-09-01 18:30:37,221 - agentgate.task.scheduler - INFO - 找到 0 个待执行任务
2026-09-01 18:30:47,233 - agentgate.task.scheduler - INFO - 开始扫描 PENDING 状态任务...
2026-09-01 18:30:47,235 - agentgate.task.scheduler - INFO - 找到 0 个待执行任务
2026-09-01 18:30:57,247 - agentgate.task.scheduler - INFO - 开始扫描 PENDING 状态任务...
2026-09-01 18:30:57,248 - agentgate.task.scheduler - INFO - 找到 0 个待执行任务
2026-09-01 18:31:07,260 - agentgate.task.scheduler - INFO - 开始扫描 PENDING 状态任务...
2026-09-01 18:31:07,261 - agentgate.task.scheduler - INFO - 找到 0 个待执行任务
2026-09-01 18:31:17,273 - agentgate.task.scheduler - INFO - 开始扫描 PENDING 状态任务...
2026-09-01 18:31:17,275 - agentgate.task.scheduler - INFO - 找到 0 个待执行任务
2026-09-01 18:31:27,280 - agentgate.task.scheduler - INFO - 开始扫描 PENDING 状态任务...
2026-09-01 18:31:27,282 - agentgate.task.scheduler - INFO - 找到 0 个待执行任务
2026-09-01 18:31:37,286 - agentgate.task.scheduler - INFO - 开始扫描 PENDING 状态任务...
2026-09-01 18:31:37,288 - agentgate.task.scheduler - INFO - 找到 0 个待执行任务
2026-09-01 18:31:47,293 - agentgate.task.scheduler - INFO - 开始扫描 PENDING 状态任务...
2026-09-01 18:31:47,294 - agentgate.task.scheduler - INFO - 找到 0 个待执行任务
2026-09-01 18:31:57,307 - agentgate.task.scheduler - INFO - 开始扫描 PENDING 状态任务...
2026-09-01 18:31:57,308 - agentgate.task.scheduler - INFO - 找到 0 个待执行任务
2026-09-01 18:32:07,312 - agentgate.task.scheduler - INFO - 开始扫描 PENDING 状态任务...
2026-09-01 18:32:07,313 - agentgate.task.scheduler - INFO - 找到 0 个待执行任务
2026-09-01 18:32:17,317 - agentgate.task.scheduler - INFO - 开始扫描 PENDING 状态任务...
2026-09-01 18:32:17,318 - agentgate.task.scheduler - INFO - 找到 0 个待执行任务
2026-09-01 18:32:27,333 - agentgate.task.scheduler - INFO - 开始扫描 PENDING 状态任务...
2026-09-01 18:32:27,335 - agentgate.task.scheduler - INFO - 找到 0 个待执行任务
2026-09-01 18:32:37,350 - agentgate.task.scheduler - INFO - 开始扫描 PENDING 状态任务...
2026-09-01 18:32:37,352 - agentgate.task.scheduler - INFO - 找到 0 个待执行任务
2026-09-01 18:32:47,364 - agentgate.task.scheduler - INFO - 开始扫描 PENDING 状态任务...
2026-09-01 18:32:47,366 - agentgate.task.scheduler - INFO - 找到 0 个待执行任务
2026-09-01 18:32:57,370 - agentgate.task.scheduler - INFO - 开始扫描 PENDING 状态任务...
2026-09-01 18:32:57,371 - agentgate.task.scheduler - INFO - 找到 0 个待执行任务
2026-09-01 18:33:07,383 - agentgate.task.scheduler - INFO - 开始扫描 PENDING 状态任务...
2026-09-01 18:33:07,385 - agentgate.task.scheduler - INFO - 找到 0 个待执行任务
2026-09-01 18:33:17,400 - agentgate.task.scheduler - INFO - 开始扫描 PENDING 状态任务...
2026-09-01 18:33:17,401 - agentgate.task.scheduler - INFO - 找到 0 个待执行任务
2026-09-01 18:33:27,406 - agentgate.task.scheduler - INFO - 开始扫描 PENDING 状态任务...
2026-09-01 18:33:27,408 - agentgate.task.scheduler - INFO - 找到 0 个待执行任务
2026-09-01 18:33:37,410 - agentgate.task.scheduler - INFO - 开始扫描 PENDING 状态任务...
2026-09-01 18:33:37,411 - agentgate.task.scheduler - INFO - 找到 0 个待执行任务
2026-09-01 18:33:47,414 - agentgate.task.scheduler - INFO - 开始扫描 PENDING 状态任务...
2026-09-01 18:33:47,416 - agentgate.task.scheduler - INFO - 找到 0 个待执行任务
2026-09-01 18:33:57,423 - agentgate.task.scheduler - INFO - 开始扫描 PENDING 状态任务...
2026-09-01 18:33:57,424 - agentgate.task.scheduler - INFO - 找到 0 个待执行任务
2026-09-01 18:34:07,436 - agentgate.task.scheduler - INFO - 开始扫描 PENDING 状态任务...
2026-09-01 18:34:07,437 - agentgate.task.scheduler - INFO - 找到 0 个待执行任务
2026-09-01 18:34:17,439 - agentgate.task.scheduler - INFO - 开始扫描 PENDING 状态任务...
2026-09-01 18:34:17,441 - agentgate.task.scheduler - INFO - 找到 0 个待执行任务
2026-09-01 18:34:27,442 - agentgate.task.scheduler - INFO - 开始扫描 PENDING 状态任务...
2026-09-01 18:34:27,443 - agentgate.task.scheduler - INFO - 找到 0 个待执行任务
2026-09-01 18:34:37,452 - agentgate.task.scheduler - INFO - 开始扫描 PENDING 状态任务...
2026-09-01 18:34:37,453 - agentgate.task.scheduler - INFO - 找到 0 个待执行任务
2026-09-01 18:34:47,466 - agentgate.task.scheduler - INFO - 开始扫描 PENDING 状态任务...
2026-09-01 18:34:47,468 - agentgate.task.scheduler - INFO - 找到 0 个待执行任务
2026-09-01 18:34:57,483 - agentgate.task.scheduler - INFO - 开始扫描 PENDING 状态任务...
2026-09-01 18:34:57,485 - agentgate.task.scheduler - INFO - 找到 0 个待执行任务
2026-09-01 18:35:07,486 - agentgate.task.scheduler - INFO - 开始扫描 PENDING 状态任务...
2026-09-01 18:35:07,487 - agentgate.task.scheduler - INFO - 找到 0 个待执行任务
2026-09-01 18:35:17,498 - agentgate.task.scheduler - INFO - 开始扫描 PENDING 状态任务...
2026-09-01 18:35:17,500 - agentgate.task.scheduler - INFO - 找到 0 个待执行任务
2026-09-01 18:35:27,502 - agentgate.task.scheduler - INFO - 开始扫描 PENDING 状态任务...
2026-09-01 18:35:27,504 - agentgate.task.scheduler - INFO - 找到 0 个待执行任务
2026-09-01 18:35:37,518 - agentgate.task.scheduler - INFO - 开始扫描 PENDING 状态任务...
2026-09-01 18:35:37,519 - agentgate.task.scheduler - INFO - 找到 0 个待执行任务
2026-09-01 18:35:47,521 - agentgate.task.scheduler - INFO - 开始扫描 PENDING 状态任务...
2026-09-01 18:35:47,523 - agentgate.task.scheduler - INFO - 找到 0 个待执行任务
2026-09-01 18:35:57,531 - agentgate.task.scheduler - INFO - 开始扫描 PENDING 状态任务...
2026-09-01 18:35:57,532 - agentgate.task.scheduler - INFO - 找到 0 个待执行任务
2026-09-01 18:36:07,537 - agentgate.task.scheduler - INFO - 开始扫描 PENDING 状态任务...
2026-09-01 18:36:07,538 - agentgate.task.scheduler - INFO - 找到 0 个待执行任务
2026-09-01 18:36:17,552 - agentgate.task.scheduler - INFO - 开始扫描 PENDING 状态任务...
2026-09-01 18:36:17,553 - agentgate.task.scheduler - INFO - 找到 0 个待执行任务
2026-09-01 18:36:27,563 - agentgate.task.scheduler - INFO - 开始扫描 PENDING 状态任务...
2026-09-01 18:36:27,564 - agentgate.task.scheduler - INFO - 找到 0 个待执行任务
2026-09-01 18:36:37,567 - agentgate.task.scheduler - INFO - 开始扫描 PENDING 状态任务...
2026-09-01 18:36:37,569 - agentgate.task.scheduler - INFO - 找到 0 个待执行任务
2026-09-01 18:36:47,574 - agentgate.task.scheduler - INFO - 开始扫描 PENDING 状态任务...
2026-09-01 18:36:47,576 - agentgate.task.scheduler - INFO - 找到 0 个待执行任务
2026-09-01 18:36:57,580 - agentgate.task.scheduler - INFO - 开始扫描 PENDING 状态任务...
2026-09-01 18:36:57,582 - agentgate.task.scheduler - INFO - 找到 0 个待执行任务
2026-09-01 18:37:07,597 - agentgate.task.scheduler - INFO - 开始扫描 PENDING 状态任务...
2026-09-01 18:37:07,598 - agentgate.task.scheduler - INFO - 找到 0 个待执行任务
2026-09-01 18:37:17,602 - agentgate.task.scheduler - INFO - 开始扫描 PENDING 状态任务...
2026-09-01 18:37:17,603 - agentgate.task.scheduler - INFO - 找到 0 个待执行任务
2026-09-01 18:37:27,618 - agentgate.task.scheduler - INFO - 开始扫描 PENDING 状态任务...
2026-09-01 18:37:27,620 - agentgate.task.scheduler - INFO - 找到 0 个待执行任务
2026-09-01 18:37:37,622 - agentgate.task.scheduler - INFO - 开始扫描 PENDING 状态任务...
2026-09-01 18:37:37,623 - agentgate.task.scheduler - INFO - 找到 0 个待执行任务
2026-09-01 18:37:47,637 - agentgate.task.scheduler - INFO - 开始扫描 PENDING 状态任务...
2026-09-01 18:37:47,639 - agentgate.task.scheduler - INFO - 找到 0 个待执行任务
2026-09-01 18:37:57,651 - agentgate.task.scheduler - INFO - 开始扫描 PENDING 状态任务...
2026-09-01 18:37:57,653 - agentgate.task.scheduler - INFO - 找到 0 个待执行任务
2026-09-01 18:38:07,661 - agentgate.task.scheduler - INFO - 开始扫描 PENDING 状态任务...
2026-09-01 18:38:07,662 - agentgate.task.scheduler - INFO - 找到 0 个待执行任务
2026-09-01 18:38:17,663 - agentgate.task.scheduler - INFO - 开始扫描 PENDING 状态任务...
2026-09-01 18:38:17,664 - agentgate.task.scheduler - INFO - 找到 0 个待执行任务
2026-09-01 18:38:27,668 - agentgate.task.scheduler - INFO - 开始扫描 PENDING 状态任务...
2026-09-01 18:38:27,669 - agentgate.task.scheduler - INFO - 找到 0 个待执行任务
2026-09-01 18:38:37,670 - agentgate.task.scheduler - INFO - 开始扫描 PENDING 状态任务...
2026-09-01 18:38:37,671 - agentgate.task.scheduler - INFO - 找到 0 个待执行任务
2026-09-01 18:38:47,687 - agentgate.task.scheduler - INFO - 开始扫描 PENDING 状态任务...
2026-09-01 18:38:47,688 - agentgate.task.scheduler - INFO - 找到 0 个待执行任务
2026-09-01 18:38:57,690 - agentgate.task.scheduler - INFO - 开始扫描 PENDING 状态任务...
2026-09-01 18:38:57,692 - agentgate.task.scheduler - INFO - 找到 0 个待执行任务
2026-09-01 18:39:07,705 - agentgate.task.scheduler - INFO - 开始扫描 PENDING 状态任务...
2026-09-01 18:39:07,707 - agentgate.task.scheduler - INFO - 找到 0 个待执行任务
2026-09-01 18:39:17,708 - agentgate.task.scheduler - INFO - 开始扫描 PENDING 状态任务...
2026-09-01 18:39:17,709 - agentgate.task.scheduler - INFO - 找到 0 个待执行任务
2026-09-01 18:39:27,717 - agentgate.task.scheduler - INFO - 开始扫描 PENDING 状态任务...
2026-09-01 18:39:27,719 - agentgate.task.scheduler - INFO - 找到 0 个待执行任务
2026-09-01 18:39:37,731 - agentgate.task.scheduler - INFO - 开始扫描 PENDING 状态任务...
2026-09-01 18:39:37,733 - agentgate.task.scheduler - INFO - 找到 0 个待执行任务
2026-09-01 18:39:47,742 - agentgate.task.scheduler - INFO - 开始扫描 PENDING 状态任务...
2026-09-01 18:39:47,744 - agentgate.task.scheduler - INFO - 找到 0 个待执行任务
2026-09-01 18:39:57,751 - agentgate.task.scheduler - INFO - 开始扫描 PENDING 状态任务...
2026-09-01 18:39:57,753 - agentgate.task.scheduler - INFO - 找到 0 个待执行任务
2026-09-01 18:40:07,767 - agentgate.task.scheduler - INFO - 开始扫描 PENDING 状态任务...
2026-09-01 18:40:07,769 - agentgate.task.scheduler - INFO - 找到 0 个待执行任务
2026-09-01 18:40:17,772 - agentgate.task.scheduler - INFO - 开始扫描 PENDING 状态任务...
2026-09-01 18:40:17,773 - agentgate.task.scheduler - INFO - 找到 0 个待执行任务
2026-09-01 18:40:27,781 - agentgate.task.scheduler - INFO - 开始扫描 PENDING 状态任务...
2026-09-01 18:40:27,783 - agentgate.task.scheduler - INFO - 找到 0 个待执行任务
2026-09-01 18:40:37,791 - agentgate.task.scheduler - INFO - 开始扫描 PENDING 状态任务...
2026-09-01 18:40:37,792 - agentgate.task.scheduler - INFO - 找到 0 个待执行任务
2026-09-01 18:40:47,797 - agentgate.task.scheduler - INFO - 开始扫描 PENDING 状态任务...
2026-09-01 18:40:47,798 - agentgate.task.scheduler - INFO - 找到 0 个待执行任务
2026-09-01 18:40:57,802 - agentgate.task.scheduler - INFO - 开始扫描 PENDING 状态任务...
2026-09-01 18:40:57,804 - agentgate.task.scheduler - INFO - 找到 0 个待执行任务
2026-09-01 18:41:07,805 - agentgate.task.scheduler - INFO - 开始扫描 PENDING 状态任务...
2026-09-01 18:41:07,806 - agentgate.task.scheduler - INFO - 找到 0 个待执行任务
2026-09-01 18:41:17,812 - agentgate.task.scheduler - INFO - 开始扫描 PENDING 状态任务...
2026-09-01 18:41:17,813 - agentgate.task.scheduler - INFO - 找到 0 个待执行任务
2026-09-01 18:41:27,828 - agentgate.task.scheduler - INFO - 开始扫描 PENDING 状态任务...
2026-09-01 18:41:27,829 - agentgate.task.scheduler - INFO - 找到 0 个待执行任务
2026-09-01 18:41:37,842 - agentgate.task.scheduler - INFO - 开始扫描 PENDING 状态任务...
2026-09-01 18:41:37,844 - agentgate.task.scheduler - INFO - 找到 0 个待执行任务
2026-09-01 18:41:47,858 - agentgate.task.scheduler - INFO - 开始扫描 PENDING 状态任务...
2026-09-01 18:41:47,860 - agentgate.task.scheduler - INFO - 找到 0 个待执行任务
2026-09-01 18:41:57,861 - agentgate.task.scheduler - INFO - 开始扫描 PENDING 状态任务...
2026-09-01 18:41:57,863 - agentgate.task.scheduler - INFO - 找到 0 个待执行任务
2026-09-01 18:42:07,878 - agentgate.task.scheduler - INFO - 开始扫描 PENDING 状态任务...
2026-09-01 18:42:07,880 - agentgate.task.scheduler - INFO - 找到 0 个待执行任务
2026-09-01 18:42:17,888 - agentgate.task.scheduler - INFO - 开始扫描 PENDING 状态任务...
2026-09-01 18:42:17,890 - agentgate.task.scheduler - INFO - 找到 0 个待执行任务
2026-09-01 18:42:27,900 - agentgate.task.scheduler - INFO - 开始扫描 PENDING 状态任务...
2026-09-01 18:42:27,902 - agentgate.task.scheduler - INFO - 找到 0 个待执行任务
2026-09-01 18:42:37,902 - agentgate.task.scheduler - INFO - 开始扫描 PENDING 状态任务...
2026-09-01 18:42:37,903 - agentgate.task.scheduler - INFO - 找到 0 个待执行任务
2026-09-01 18:42:47,909 - agentgate.task.scheduler - INFO - 开始扫描 PENDING 状态任务...
2026-09-01 18:42:47,911 - agentgate.task.scheduler - INFO - 找到 0 个待执行任务
2026-09-01 18:42:57,912 - agentgate.task.scheduler - INFO - 开始扫描 PENDING 状态任务...
2026-09-01 18:42:57,913 - agentgate.task.scheduler - INFO - 找到 0 个待执行任务
2026-09-01 18:43:07,919 - agentgate.task.scheduler - INFO - 开始扫描 PENDING 状态任务...
2026-09-01 18:43:07,921 - agentgate.task.scheduler - INFO - 找到 0 个待执行任务
2026-09-01 18:43:17,924 - agentgate.task.scheduler - INFO - 开始扫描 PENDING 状态任务...
2026-09-01 18:43:17,925 - agentgate.task.scheduler - INFO - 找到 0 个待执行任务
2026-09-01 18:43:27,936 - agentgate.task.scheduler - INFO - 开始扫描 PENDING 状态任务...
2026-09-01 18:43:27,938 - agentgate.task.scheduler - INFO - 找到 0 个待执行任务
2026-09-01 18:43:37,946 - agentgate.task.scheduler - INFO - 开始扫描 PENDING 状态任务...
2026-09-01 18:43:37,947 - agentgate.task.scheduler - INFO - 找到 0 个待执行任务
2026-09-01 18:43:47,957 - agentgate.task.scheduler - INFO - 开始扫描 PENDING 状态任务...
2026-09-01 18:43:47,959 - agentgate.task.scheduler - INFO - 找到 0 个待执行任务
2026-09-01 18:43:57,968 - agentgate.task.scheduler - INFO - 开始扫描 PENDING 状态任务...
2026-09-01 18:43:57,970 - agentgate.task.scheduler - INFO - 找到 0 个待执行任务
2026-09-01 18:44:07,973 - agentgate.task.scheduler - INFO - 开始扫描 PENDING 状态任务...
2026-09-01 18:44:07,974 - agentgate.task.scheduler - INFO - 找到 0 个待执行任务
2026-09-01 18:44:17,976 - agentgate.task.scheduler - INFO - 开始扫描 PENDING 状态任务...
2026-09-01 18:44:17,978 - agentgate.task.scheduler - INFO - 找到 0 个待执行任务
2026-09-01 18:44:27,984 - agentgate.task.scheduler - INFO - 开始扫描 PENDING 状态任务...
2026-09-01 18:44:27,985 - agentgate.task.scheduler - INFO - 找到 0 个待执行任务
2026-09-01 18:44:37,989 - agentgate.task.scheduler - INFO - 开始扫描 PENDING 状态任务...
2026-09-01 18:44:37,990 - agentgate.task.scheduler - INFO - 找到 0 个待执行任务
2026-09-01 18:44:47,998 - agentgate.task.scheduler - INFO - 开始扫描 PENDING 状态任务...
2026-09-01 18:44:47,999 - agentgate.task.scheduler - INFO - 找到 0 个待执行任务
2026-09-01 18:44:58,013 - agentgate.task.scheduler - INFO - 开始扫描 PENDING 状态任务...
2026-09-01 18:44:58,015 - agentgate.task.scheduler - INFO - 找到 0 个待执行任务
2026-09-01 18:45:08,023 - agentgate.task.scheduler - INFO - 开始扫描 PENDING 状态任务...
2026-09-01 18:45:08,024 - agentgate.task.scheduler - INFO - 找到 0 个待执行任务
2026-09-01 18:45:18,026 - agentgate.task.scheduler - INFO - 开始扫描 PENDING 状态任务...
2026-09-01 18:45:18,026 - agentgate.task.scheduler - INFO - 找到 0 个待执行任务
2026-09-01 18:45:28,030 - agentgate.task.scheduler - INFO - 开始扫描 PENDING 状态任务...
2026-09-01 18:45:28,032 - agentgate.task.scheduler - INFO - 找到 0 个待执行任务
2026-09-01 18:45:38,035 - agentgate.task.scheduler - INFO - 开始扫描 PENDING 状态任务...
2026-09-01 18:45:38,037 - agentgate.task.scheduler - INFO - 找到 0 个待执行任务
2026-09-01 18:45:48,044 - agentgate.task.scheduler - INFO - 开始扫描 PENDING 状态任务...
2026-09-01 18:45:48,045 - agentgate.task.scheduler - INFO - 找到 0 个待执行任务
2026-09-01 18:45:58,050 - agentgate.task.scheduler - INFO - 开始扫描 PENDING 状态任务...
2026-09-01 18:45:58,051 - agentgate.task.scheduler - INFO - 找到 0 个待执行任务
2026-09-01 18:46:08,060 - agentgate.task.scheduler - INFO - 开始扫描 PENDING 状态任务...
2026-09-01 18:46:08,062 - agentgate.task.scheduler - INFO - 找到 0 个待执行任务
2026-09-01 18:46:18,073 - agentgate.task.scheduler - INFO - 开始扫描 PENDING 状态任务...
2026-09-01 18:46:18,075 - agentgate.task.scheduler - INFO - 找到 0 个待执行任务
2026-09-01 18:46:28,079 - agentgate.task.scheduler - INFO - 开始扫描 PENDING 状态任务...
2026-09-01 18:46:28,080 - agentgate.task.scheduler - INFO - 找到 0 个待执行任务
2026-09-01 18:46:38,084 - agentgate.task.scheduler - INFO - 开始扫描 PENDING 状态任务...
2026-09-01 18:46:38,086 - agentgate.task.scheduler - INFO - 找到 0 个待执行任务
2026-09-01 18:46:48,094 - agentgate.task.scheduler - INFO - 开始扫描 PENDING 状态任务...
2026-09-01 18:46:48,096 - agentgate.task.scheduler - INFO - 找到 0 个待执行任务
2026-09-01 18:46:58,100 - agentgate.task.scheduler - INFO - 开始扫描 PENDING 状态任务...
2026-09-01 18:46:58,101 - agentgate.task.scheduler - INFO - 找到 0 个待执行任务
2026-09-01 18:47:08,108 - agentgate.task.scheduler - INFO - 开始扫描 PENDING 状态任务...
2026-09-01 18:47:08,110 - agentgate.task.scheduler - INFO - 找到 0 个待执行任务
2026-09-01 18:47:18,119 - agentgate.task.scheduler - INFO - 开始扫描 PENDING 状态任务...
2026-09-01 18:47:18,121 - agentgate.task.scheduler - INFO - 找到 0 个待执行任务
2026-09-01 18:47:28,127 - agentgate.task.scheduler - INFO - 开始扫描 PENDING 状态任务...
2026-09-01 18:47:28,129 - agentgate.task.scheduler - INFO - 找到 0 个待执行任务
2026-09-01 18:47:38,140 - agentgate.task.scheduler - INFO - 开始扫描 PENDING 状态任务...
2026-09-01 18:47:38,141 - agentgate.task.scheduler - INFO - 找到 0 个待执行任务
2026-09-01 18:47:48,151 - agentgate.task.scheduler - INFO - 开始扫描 PENDING 状态任务...
2026-09-01 18:47:48,152 - agentgate.task.scheduler - INFO - 找到 0 个待执行任务
2026-09-01 18:47:58,166 - agentgate.task.scheduler - INFO - 开始扫描 PENDING 状态任务...
2026-09-01 18:47:58,167 - agentgate.task.scheduler - INFO - 找到 0 个待执行任务
2026-09-01 18:48:08,183 - agentgate.task.scheduler - INFO - 开始扫描 PENDING 状态任务...
2026-09-01 18:48:08,185 - agentgate.task.scheduler - INFO - 找到 0 个待执行任务
2026-09-01 18:48:18,197 - agentgate.task.scheduler - INFO - 开始扫描 PENDING 状态任务...
2026-09-01 18:48:18,199 - agentgate.task.scheduler - INFO - 找到 0 个待执行任务
2026-09-01 18:48:28,208 - agentgate.task.scheduler - INFO - 开始扫描 PENDING 状态任务...
2026-09-01 18:48:28,210 - agentgate.task.scheduler - INFO - 找到 0 个待执行任务
2026-09-01 18:48:38,211 - agentgate.task.scheduler - INFO - 开始扫描 PENDING 状态任务...
2026-09-01 18:48:38,213 - agentgate.task.scheduler - INFO - 找到 0 个待执行任务
2026-09-01 18:48:48,223 - agentgate.task.scheduler - INFO - 开始扫描 PENDING 状态任务...
2026-09-01 18:48:48,224 - agentgate.task.scheduler - INFO - 找到 0 个待执行任务
2026-09-01 18:48:58,229 - agentgate.task.scheduler - INFO - 开始扫描 PENDING 状态任务...
2026-09-01 18:48:58,231 - agentgate.task.scheduler - INFO - 找到 0 个待执行任务
2026-09-01 18:49:08,239 - agentgate.task.scheduler - INFO - 开始扫描 PENDING 状态任务...
2026-09-01 18:49:08,240 - agentgate.task.scheduler - INFO - 找到 0 个待执行任务
2026-09-01 18:49:18,247 - agentgate.task.scheduler - INFO - 开始扫描 PENDING 状态任务...
2026-09-01 18:49:18,248 - agentgate.task.scheduler - INFO - 找到 0 个待执行任务
2026-09-01 18:49:28,259 - agentgate.task.scheduler - INFO - 开始扫描 PENDING 状态任务...
2026-09-01 18:49:28,261 - agentgate.task.scheduler - INFO - 找到 0 个待执行任务
2026-09-01 18:49:38,263 - agentgate.task.scheduler - INFO - 开始扫描 PENDING 状态任务...
2026-09-01 18:49:38,265 - agentgate.task.scheduler - INFO - 找到 0 个待执行任务
2026-09-01 18:49:48,275 - agentgate.task.scheduler - INFO - 开始扫描 PENDING 状态任务...
2026-09-01 18:49:48,276 - agentgate.task.scheduler - INFO - 找到 0 个待执行任务
2026-09-01 18:49:58,291 - agentgate.task.scheduler - INFO - 开始扫描 PENDING 状态任务...
2026-09-01 18:49:58,292 - agentgate.task.scheduler - INFO - 找到 0 个待执行任务
2026-09-01 18:50:08,307 - agentgate.task.scheduler - INFO - 开始扫描 PENDING 状态任务...
2026-09-01 18:50:08,309 - agentgate.task.scheduler - INFO - 找到 0 个待执行任务
2026-09-01 18:50:18,311 - agentgate.task.scheduler - INFO - 开始扫描 PENDING 状态任务...
2026-09-01 18:50:18,312 - agentgate.task.scheduler - INFO - 找到 0 个待执行任务
2026-09-01 18:50:28,322 - agentgate.task.scheduler - INFO - 开始扫描 PENDING 状态任务...
2026-09-01 18:50:28,324 - agentgate.task.scheduler - INFO - 找到 0 个待执行任务
2026-09-01 18:50:38,325 - agentgate.task.scheduler - INFO - 开始扫描 PENDING 状态任务...
2026-09-01 18:50:38,327 - agentgate.task.scheduler - INFO - 找到 0 个待执行任务
2026-09-01 18:50:48,342 - agentgate.task.scheduler - INFO - 开始扫描 PENDING 状态任务...
2026-09-01 18:50:48,344 - agentgate.task.scheduler - INFO - 找到 0 个待执行任务
2026-09-01 18:50:58,358 - agentgate.task.scheduler - INFO - 开始扫描 PENDING 状态任务...
2026-09-01 18:50:58,360 - agentgate.task.scheduler - INFO - 找到 0 个待执行任务
2026-09-01 18:51:08,370 - agentgate.task.scheduler - INFO - 开始扫描 PENDING 状态任务...
2026-09-01 18:51:08,372 - agentgate.task.scheduler - INFO - 找到 0 个待执行任务
2026-09-01 18:51:18,378 - agentgate.task.scheduler - INFO - 开始扫描 PENDING 状态任务...
2026-09-01 18:51:18,380 - agentgate.task.scheduler - INFO - 找到 0 个待执行任务
2026-09-01 18:51:28,393 - agentgate.task.scheduler - INFO - 开始扫描 PENDING 状态任务...
2026-09-01 18:51:28,395 - agentgate.task.scheduler - INFO - 找到 0 个待执行任务
2026-09-01 18:51:38,403 - agentgate.task.scheduler - INFO - 开始扫描 PENDING 状态任务...
2026-09-01 18:51:38,405 - agentgate.task.scheduler - INFO - 找到 0 个待执行任务
2026-09-01 18:51:48,412 - agentgate.task.scheduler - INFO - 开始扫描 PENDING 状态任务...
2026-09-01 18:51:48,413 - agentgate.task.scheduler - INFO - 找到 0 个待执行任务
2026-09-01 18:51:58,414 - agentgate.task.scheduler - INFO - 开始扫描 PENDING 状态任务...
2026-09-01 18:51:58,416 - agentgate.task.scheduler - INFO - 找到 0 个待执行任务
2026-09-01 18:52:08,429 - agentgate.task.scheduler - INFO - 开始扫描 PENDING 状态任务...
2026-09-01 18:52:08,430 - agentgate.task.scheduler - INFO - 找到 0 个待执行任务
2026-09-01 18:52:18,438 - agentgate.task.scheduler - INFO - 开始扫描 PENDING 状态任务...
2026-09-01 18:52:18,439 - agentgate.task.scheduler - INFO - 找到 0 个待执行任务
2026-09-01 18:52:28,443 - agentgate.task.scheduler - INFO - 开始扫描 PENDING 状态任务...
2026-09-01 18:52:28,445 - agentgate.task.scheduler - INFO - 找到 0 个待执行任务
2026-09-01 18:52:38,459 - agentgate.task.scheduler - INFO - 开始扫描 PENDING 状态任务...
2026-09-01 18:52:38,461 - agentgate.task.scheduler - INFO - 找到 0 个待执行任务
2026-09-01 18:52:48,478 - agentgate.task.scheduler - INFO - 开始扫描 PENDING 状态任务...
2026-09-01 18:52:48,479 - agentgate.task.scheduler - INFO - 找到 0 个待执行任务
2026-09-01 18:52:58,491 - agentgate.task.scheduler - INFO - 开始扫描 PENDING 状态任务...
2026-09-01 18:52:58,492 - agentgate.task.scheduler - INFO - 找到 0 个待执行任务
2026-09-01 18:53:08,503 - agentgate.task.scheduler - INFO - 开始扫描 PENDING 状态任务...
2026-09-01 18:53:08,504 - agentgate.task.scheduler - INFO - 找到 0 个待执行任务
2026-09-01 18:53:18,505 - agentgate.task.scheduler - INFO - 开始扫描 PENDING 状态任务...
2026-09-01 18:53:18,507 - agentgate.task.scheduler - INFO - 找到 0 个待执行任务
2026-09-01 18:53:28,522 - agentgate.task.scheduler - INFO - 开始扫描 PENDING 状态任务...
2026-09-01 18:53:28,524 - agentgate.task.scheduler - INFO - 找到 0 个待执行任务
2026-09-01 18:53:38,536 - agentgate.task.scheduler - INFO - 开始扫描 PENDING 状态任务...
2026-09-01 18:53:38,538 - agentgate.task.scheduler - INFO - 找到 0 个待执行任务
2026-09-01 18:53:48,548 - agentgate.task.scheduler - INFO - 开始扫描 PENDING 状态任务...
2026-09-01 18:53:48,549 - agentgate.task.scheduler - INFO - 找到 0 个待执行任务
2026-09-01 18:53:58,555 - agentgate.task.scheduler - INFO - 开始扫描 PENDING 状态任务...
2026-09-01 18:53:58,557 - agentgate.task.scheduler - INFO - 找到 0 个待执行任务
2026-09-01 18:54:08,566 - agentgate.task.scheduler - INFO - 开始扫描 PENDING 状态任务...
2026-09-01 18:54:08,568 - agentgate.task.scheduler - INFO - 找到 0 个待执行任务
2026-09-01 18:54:18,571 - agentgate.task.scheduler - INFO - 开始扫描 PENDING 状态任务...
2026-09-01 18:54:18,573 - agentgate.task.scheduler - INFO - 找到 0 个待执行任务
2026-09-01 18:54:28,575 - agentgate.task.scheduler - INFO - 开始扫描 PENDING 状态任务...
2026-09-01 18:54:28,577 - agentgate.task.scheduler - INFO - 找到 0 个待执行任务
2026-09-01 18:54:38,589 - agentgate.task.scheduler - INFO - 开始扫描 PENDING 状态任务...
2026-09-01 18:54:38,590 - agentgate.task.scheduler - INFO - 找到 0 个待执行任务
2026-09-01 18:54:48,601 - agentgate.task.scheduler - INFO - 开始扫描 PENDING 状态任务...
2026-09-01 18:54:48,602 - agentgate.task.scheduler - INFO - 找到 0 个待执行任务
2026-09-01 18:54:58,610 - agentgate.task.scheduler - INFO - 开始扫描 PENDING 状态任务...
2026-09-01 18:54:58,611 - agentgate.task.scheduler - INFO - 找到 0 个待执行任务
2026-09-01 18:55:08,619 - agentgate.task.scheduler - INFO - 开始扫描 PENDING 状态任务...
2026-09-01 18:55:08,620 - agentgate.task.scheduler - INFO - 找到 0 个待执行任务
2026-09-01 18:55:18,631 - agentgate.task.scheduler - INFO - 开始扫描 PENDING 状态任务...
2026-09-01 18:55:18,632 - agentgate.task.scheduler - INFO - 找到 0 个待执行任务
2026-09-01 18:55:28,634 - agentgate.task.scheduler - INFO - 开始扫描 PENDING 状态任务...
2026-09-01 18:55:28,635 - agentgate.task.scheduler - INFO - 找到 0 个待执行任务
2026-09-01 18:55:38,642 - agentgate.task.scheduler - INFO - 开始扫描 PENDING 状态任务...
2026-09-01 18:55:38,644 - agentgate.task.scheduler - INFO - 找到 0 个待执行任务
2026-09-01 18:55:48,657 - agentgate.task.scheduler - INFO - 开始扫描 PENDING 状态任务...
2026-09-01 18:55:48,657 - agentgate.task.scheduler - INFO - 找到 0 个待执行任务
2026-09-01 18:55:58,664 - agentgate.task.scheduler - INFO - 开始扫描 PENDING 状态任务...
2026-09-01 18:55:58,666 - agentgate.task.scheduler - INFO - 找到 0 个待执行任务
2026-09-01 18:56:08,669 - agentgate.task.scheduler - INFO - 开始扫描 PENDING 状态任务...
2026-09-01 18:56:08,670 - agentgate.task.scheduler - INFO - 找到 0 个待执行任务
2026-09-01 18:56:18,675 - agentgate.task.scheduler - INFO - 开始扫描 PENDING 状态任务...
2026-09-01 18:56:18,677 - agentgate.task.scheduler - INFO - 找到 0 个待执行任务
2026-09-01 18:56:28,681 - agentgate.task.scheduler - INFO - 开始扫描 PENDING 状态任务...
2026-09-01 18:56:28,683 - agentgate.task.scheduler - INFO - 找到 0 个待执行任务
2026-09-01 18:56:38,699 - agentgate.task.scheduler - INFO - 开始扫描 PENDING 状态任务...
2026-09-01 18:56:38,700 - agentgate.task.scheduler - INFO - 找到 0 个待执行任务
2026-09-01 18:56:48,711 - agentgate.task.scheduler - INFO - 开始扫描 PENDING 状态任务...
2026-09-01 18:56:48,713 - agentgate.task.scheduler - INFO - 找到 0 个待执行任务
2026-09-01 18:56:58,719 - agentgate.task.scheduler - INFO - 开始扫描 PENDING 状态任务...
2026-09-01 18:56:58,721 - agentgate.task.scheduler - INFO - 找到 0 个待执行任务
2026-09-01 18:57:08,729 - agentgate.task.scheduler - INFO - 开始扫描 PENDING 状态任务...
2026-09-01 18:57:08,730 - agentgate.task.scheduler - INFO - 找到 0 个待执行任务
2026-09-01 18:57:18,742 - agentgate.task.scheduler - INFO - 开始扫描 PENDING 状态任务...
2026-09-01 18:57:18,744 - agentgate.task.scheduler - INFO - 找到 0 个待执行任务
2026-09-01 18:57:28,759 - agentgate.task.scheduler - INFO - 开始扫描 PENDING 状态任务...
2026-09-01 18:57:28,761 - agentgate.task.scheduler - INFO - 找到 0 个待执行任务
2026-09-01 18:57:38,772 - agentgate.task.scheduler - INFO - 开始扫描 PENDING 状态任务...
2026-09-01 18:57:38,774 - agentgate.task.scheduler - INFO - 找到 0 个待执行任务
2026-09-01 18:57:48,788 - agentgate.task.scheduler - INFO - 开始扫描 PENDING 状态任务...
2026-09-01 18:57:48,789 - agentgate.task.scheduler - INFO - 找到 0 个待执行任务
2026-09-01 18:57:58,790 - agentgate.task.scheduler - INFO - 开始扫描 PENDING 状态任务...
2026-09-01 18:57:58,791 - agentgate.task.scheduler - INFO - 找到 0 个待执行任务
2026-09-01 18:58:08,805 - agentgate.task.scheduler - INFO - 开始扫描 PENDING 状态任务...
2026-09-01 18:58:08,806 - agentgate.task.scheduler - INFO - 找到 0 个待执行任务
2026-09-01 18:58:18,816 - agentgate.task.scheduler - INFO - 开始扫描 PENDING 状态任务...
2026-09-01 18:58:18,817 - agentgate.task.scheduler - INFO - 找到 0 个待执行任务
2026-09-01 18:58:28,823 - agentgate.task.scheduler - INFO - 开始扫描 PENDING 状态任务...
2026-09-01 18:58:28,825 - agentgate.task.scheduler - INFO - 找到 0 个待执行任务
2026-09-01 18:58:38,836 - agentgate.task.scheduler - INFO - 开始扫描 PENDING 状态任务...
2026-09-01 18:58:38,837 - agentgate.task.scheduler - INFO - 找到 0 个待执行任务
2026-09-01 18:58:48,847 - agentgate.task.scheduler - INFO - 开始扫描 PENDING 状态任务...
2026-09-01 18:58:48,848 - agentgate.task.scheduler - INFO - 找到 0 个待执行任务
2026-09-01 18:58:58,855 - agentgate.task.scheduler - INFO - 开始扫描 PENDING 状态任务...
2026-09-01 18:58:58,856 - agentgate.task.scheduler - INFO - 找到 0 个待执行任务
2026-09-01 18:59:08,865 - agentgate.task.scheduler - INFO - 开始扫描 PENDING 状态任务...
2026-09-01 18:59:08,868 - agentgate.task.scheduler - INFO - 找到 0 个待执行任务
2026-09-01 18:59:18,881 - agentgate.task.scheduler - INFO - 开始扫描 PENDING 状态任务...
2026-09-01 18:59:18,883 - agentgate.task.scheduler - INFO - 找到 0 个待执行任务
2026-09-01 18:59:28,884 - agentgate.task.scheduler - INFO - 开始扫描 PENDING 状态任务...
2026-09-01 18:59:28,885 - agentgate.task.scheduler - INFO - 找到 0 个待执行任务
2026-09-01 18:59:38,895 - agentgate.task.scheduler - INFO - 开始扫描 PENDING 状态任务...
2026-09-01 18:59:38,896 - agentgate.task.scheduler - INFO - 找到 0 个待执行任务
2026-09-01 18:59:48,904 - agentgate.task.scheduler - INFO - 开始扫描 PENDING 状态任务...
2026-09-01 18:59:48,905 - agentgate.task.scheduler - INFO - 找到 0 个待执行任务
2026-09-01 18:59:58,915 - agentgate.task.scheduler - INFO - 开始扫描 PENDING 状态任务...
2026-09-01 18:59:58,917 - agentgate.task.scheduler - INFO - 找到 0 个待执行任务
2026-09-01 19:00:08,932 - agentgate.task.scheduler - INFO - 开始扫描 PENDING 状态任务...
2026-09-01 19:00:08,934 - agentgate.task.scheduler - INFO - 找到 0 个待执行任务
2026-09-01 19:00:18,940 - agentgate.task.scheduler - INFO - 开始扫描 PENDING 状态任务...
2026-09-01 19:00:18,942 - agentgate.task.scheduler - INFO - 找到 0 个待执行任务
2026-09-01 19:00:28,953 - agentgate.task.scheduler - INFO - 开始扫描 PENDING 状态任务...
2026-09-01 19:00:28,954 - agentgate.task.scheduler - INFO - 找到 0 个待执行任务
2026-09-01 19:00:38,971 - agentgate.task.scheduler - INFO - 开始扫描 PENDING 状态任务...
2026-09-01 19:00:38,972 - agentgate.task.scheduler - INFO - 找到 0 个待执行任务
2026-09-01 19:00:48,973 - agentgate.task.scheduler - INFO - 开始扫描 PENDING 状态任务...
2026-09-01 19:00:48,974 - agentgate.task.scheduler - INFO - 找到 0 个待执行任务
2026-09-01 19:00:58,984 - agentgate.task.scheduler - INFO - 开始扫描 PENDING 状态任务...
2026-09-01 19:00:58,986 - agentgate.task.scheduler - INFO - 找到 0 个待执行任务
2026-09-01 19:01:08,987 - agentgate.task.scheduler - INFO - 开始扫描 PENDING 状态任务...
2026-09-01 19:01:08,989 - agentgate.task.scheduler - INFO - 找到 0 个待执行任务
2026-09-01 19:01:18,998 - agentgate.task.scheduler - INFO - 开始扫描 PENDING 状态任务...
2026-09-01 19:01:19,000 - agentgate.task.scheduler - INFO - 找到 0 个待执行任务
2026-09-01 19:01:32,532 - src.agentgate.server.application - INFO - 日志系统初始化完成
2026-09-01 19:01:32,532 - src.agentgate.server.application - INFO - 使用数据库: agentgate.db
2026-09-01 19:01:32,586 - src.agentgate.server.application - INFO - 调度器任务已创建
2026-09-01 19:01:32,587 - agentgate.task.scheduler - INFO - 任务调度器已启动，扫描间隔: 10秒
2026-09-01 19:01:32,587 - agentgate.task.service - INFO - 调度器已启动，间隔: 10秒
2026-09-01 19:01:32,587 - agentgate.task.scheduler - INFO - 开始扫描 PENDING 状态任务...
2026-09-01 19:01:32,595 - agentgate.task.scheduler - INFO - 找到 0 个待执行任务
2026-09-01 19:01:42,596 - agentgate.task.scheduler - INFO - 开始扫描 PENDING 状态任务...
2026-09-01 19:01:42,598 - agentgate.task.scheduler - INFO - 找到 0 个待执行任务
2026-09-01 19:01:52,607 - agentgate.task.scheduler - INFO - 开始扫描 PENDING 状态任务...
2026-09-01 19:01:52,609 - agentgate.task.scheduler - INFO - 找到 0 个待执行任务
2026-09-01 19:02:02,611 - agentgate.task.scheduler - INFO - 开始扫描 PENDING 状态任务...
2026-09-01 19:02:02,613 - agentgate.task.scheduler - INFO - 找到 0 个待执行任务
2026-09-01 19:02:12,615 - agentgate.task.scheduler - INFO - 开始扫描 PENDING 状态任务...
2026-09-01 19:02:12,616 - agentgate.task.scheduler - INFO - 找到 0 个待执行任务
2026-09-01 19:02:22,629 - agentgate.task.scheduler - INFO - 开始扫描 PENDING 状态任务...
2026-09-01 19:02:22,631 - agentgate.task.scheduler - INFO - 找到 0 个待执行任务
2026-09-01 19:02:32,647 - agentgate.task.scheduler - INFO - 开始扫描 PENDING 状态任务...
2026-09-01 19:02:32,648 - agentgate.task.scheduler - INFO - 找到 0 个待执行任务
2026-09-01 19:02:42,661 - agentgate.task.scheduler - INFO - 开始扫描 PENDING 状态任务...
2026-09-01 19:02:42,663 - agentgate.task.scheduler - INFO - 找到 0 个待执行任务
2026-09-01 19:02:52,669 - agentgate.task.scheduler - INFO - 开始扫描 PENDING 状态任务...
2026-09-01 19:02:52,671 - agentgate.task.scheduler - INFO - 找到 0 个待执行任务
2026-09-01 19:03:02,672 - agentgate.task.scheduler - INFO - 开始扫描 PENDING 状态任务...
2026-09-01 19:03:02,674 - agentgate.task.scheduler - INFO - 找到 0 个待执行任务
2026-09-01 19:03:12,678 - agentgate.task.scheduler - INFO - 开始扫描 PENDING 状态任务...
2026-09-01 19:03:12,680 - agentgate.task.scheduler - INFO - 找到 0 个待执行任务
2026-09-01 19:03:22,690 - agentgate.task.scheduler - INFO - 开始扫描 PENDING 状态任务...
2026-09-01 19:03:22,692 - agentgate.task.scheduler - INFO - 找到 0 个待执行任务
2026-09-01 19:03:32,701 - agentgate.task.scheduler - INFO - 开始扫描 PENDING 状态任务...
2026-09-01 19:03:32,703 - agentgate.task.scheduler - INFO - 找到 0 个待执行任务
2026-09-01 19:03:42,707 - agentgate.task.scheduler - INFO - 开始扫描 PENDING 状态任务...
2026-09-01 19:03:42,708 - agentgate.task.scheduler - INFO - 找到 0 个待执行任务
2026-09-01 19:03:52,713 - agentgate.task.scheduler - INFO - 开始扫描 PENDING 状态任务...
2026-09-01 19:03:52,714 - agentgate.task.scheduler - INFO - 找到 0 个待执行任务
2026-09-01 19:04:02,717 - agentgate.task.scheduler - INFO - 开始扫描 PENDING 状态任务...
2026-09-01 19:04:02,718 - agentgate.task.scheduler - INFO - 找到 0 个待执行任务
2026-09-01 19:04:12,727 - agentgate.task.scheduler - INFO - 开始扫描 PENDING 状态任务...
2026-09-01 19:04:12,729 - agentgate.task.scheduler - INFO - 找到 0 个待执行任务
2026-09-01 19:04:22,737 - agentgate.task.scheduler - INFO - 开始扫描 PENDING 状态任务...
2026-09-01 19:04:22,739 - agentgate.task.scheduler - INFO - 找到 0 个待执行任务
2026-09-01 19:04:32,748 - agentgate.task.scheduler - INFO - 开始扫描 PENDING 状态任务...
2026-09-01 19:04:32,750 - agentgate.task.scheduler - INFO - 找到 0 个待执行任务
2026-09-01 19:04:42,755 - agentgate.task.scheduler - INFO - 开始扫描 PENDING 状态任务...
2026-09-01 19:04:42,757 - agentgate.task.scheduler - INFO - 找到 0 个待执行任务
2026-09-01 19:04:52,759 - agentgate.task.scheduler - INFO - 开始扫描 PENDING 状态任务...
2026-09-01 19:04:52,761 - agentgate.task.scheduler - INFO - 找到 0 个待执行任务
2026-09-01 19:05:02,777 - agentgate.task.scheduler - INFO - 开始扫描 PENDING 状态任务...
2026-09-01 19:05:02,779 - agentgate.task.scheduler - INFO - 找到 0 个待执行任务
2026-09-01 19:05:12,782 - agentgate.task.scheduler - INFO - 开始扫描 PENDING 状态任务...
2026-09-01 19:05:12,783 - agentgate.task.scheduler - INFO - 找到 0 个待执行任务
2026-09-01 19:05:22,797 - agentgate.task.scheduler - INFO - 开始扫描 PENDING 状态任务...
2026-09-01 19:05:22,799 - agentgate.task.scheduler - INFO - 找到 0 个待执行任务
2026-09-01 19:05:32,815 - agentgate.task.scheduler - INFO - 开始扫描 PENDING 状态任务...
2026-09-01 19:05:32,817 - agentgate.task.scheduler - INFO - 找到 0 个待执行任务
2026-09-01 19:05:42,819 - agentgate.task.scheduler - INFO - 开始扫描 PENDING 状态任务...
2026-09-01 19:05:42,821 - agentgate.task.scheduler - INFO - 找到 0 个待执行任务
2026-09-01 19:05:52,828 - agentgate.task.scheduler - INFO - 开始扫描 PENDING 状态任务...
2026-09-01 19:05:52,830 - agentgate.task.scheduler - INFO - 找到 0 个待执行任务
2026-09-01 19:06:02,840 - agentgate.task.scheduler - INFO - 开始扫描 PENDING 状态任务...
2026-09-01 19:06:02,842 - agentgate.task.scheduler - INFO - 找到 0 个待执行任务
2026-09-01 19:06:12,851 - agentgate.task.scheduler - INFO - 开始扫描 PENDING 状态任务...
2026-09-01 19:06:12,853 - agentgate.task.scheduler - INFO - 找到 0 个待执行任务
2026-09-01 19:06:22,861 - agentgate.task.scheduler - INFO - 开始扫描 PENDING 状态任务...
2026-09-01 19:06:22,863 - agentgate.task.scheduler - INFO - 找到 0 个待执行任务
2026-09-01 19:06:32,875 - agentgate.task.scheduler - INFO - 开始扫描 PENDING 状态任务...
2026-09-01 19:06:32,877 - agentgate.task.scheduler - INFO - 找到 0 个待执行任务
2026-09-01 19:06:42,888 - agentgate.task.scheduler - INFO - 开始扫描 PENDING 状态任务...
2026-09-01 19:06:42,889 - agentgate.task.scheduler - INFO - 找到 0 个待执行任务
2026-09-01 19:06:52,891 - agentgate.task.scheduler - INFO - 开始扫描 PENDING 状态任务...
2026-09-01 19:06:52,893 - agentgate.task.scheduler - INFO - 找到 0 个待执行任务
2026-09-01 19:07:02,900 - agentgate.task.scheduler - INFO - 开始扫描 PENDING 状态任务...
2026-09-01 19:07:02,902 - agentgate.task.scheduler - INFO - 找到 0 个待执行任务
2026-09-01 19:07:12,915 - agentgate.task.scheduler - INFO - 开始扫描 PENDING 状态任务...
2026-09-01 19:07:12,917 - agentgate.task.scheduler - INFO - 找到 0 个待执行任务
2026-09-01 19:07:22,925 - agentgate.task.scheduler - INFO - 开始扫描 PENDING 状态任务...
2026-09-01 19:07:22,926 - agentgate.task.scheduler - INFO - 找到 0 个待执行任务
2026-09-01 19:07:32,934 - agentgate.task.scheduler - INFO - 开始扫描 PENDING 状态任务...
2026-09-01 19:07:32,935 - agentgate.task.scheduler - INFO - 找到 0 个待执行任务
2026-09-01 19:07:42,943 - agentgate.task.scheduler - INFO - 开始扫描 PENDING 状态任务...
2026-09-01 19:07:42,945 - agentgate.task.scheduler - INFO - 找到 0 个待执行任务
2026-09-01 19:07:52,954 - agentgate.task.scheduler - INFO - 开始扫描 PENDING 状态任务...
2026-09-01 19:07:52,956 - agentgate.task.scheduler - INFO - 找到 0 个待执行任务
2026-09-01 19:08:02,964 - agentgate.task.scheduler - INFO - 开始扫描 PENDING 状态任务...
2026-09-01 19:08:02,966 - agentgate.task.scheduler - INFO - 找到 0 个待执行任务
2026-09-01 19:08:12,970 - agentgate.task.scheduler - INFO - 开始扫描 PENDING 状态任务...
2026-09-01 19:08:12,972 - agentgate.task.scheduler - INFO - 找到 0 个待执行任务
2026-09-01 19:08:22,980 - agentgate.task.scheduler - INFO - 开始扫描 PENDING 状态任务...
2026-09-01 19:08:22,982 - agentgate.task.scheduler - INFO - 找到 0 个待执行任务
2026-09-01 19:08:32,991 - agentgate.task.scheduler - INFO - 开始扫描 PENDING 状态任务...
2026-09-01 19:08:32,993 - agentgate.task.scheduler - INFO - 找到 0 个待执行任务
2026-09-01 19:08:42,994 - agentgate.task.scheduler - INFO - 开始扫描 PENDING 状态任务...
2026-09-01 19:08:42,996 - agentgate.task.scheduler - INFO - 找到 0 个待执行任务
2026-09-01 19:08:52,998 - agentgate.task.scheduler - INFO - 开始扫描 PENDING 状态任务...
2026-09-01 19:08:53,000 - agentgate.task.scheduler - INFO - 找到 0 个待执行任务
2026-09-01 19:09:03,014 - agentgate.task.scheduler - INFO - 开始扫描 PENDING 状态任务...
2026-09-01 19:09:03,016 - agentgate.task.scheduler - INFO - 找到 0 个待执行任务
2026-09-01 19:09:13,028 - agentgate.task.scheduler - INFO - 开始扫描 PENDING 状态任务...
2026-09-01 19:09:13,030 - agentgate.task.scheduler - INFO - 找到 0 个待执行任务
2026-09-01 19:09:23,035 - agentgate.task.scheduler - INFO - 开始扫描 PENDING 状态任务...
2026-09-01 19:09:23,037 - agentgate.task.scheduler - INFO - 找到 0 个待执行任务
2026-09-01 19:09:33,038 - agentgate.task.scheduler - INFO - 开始扫描 PENDING 状态任务...
2026-09-01 19:09:33,039 - agentgate.task.scheduler - INFO - 找到 0 个待执行任务
2026-09-01 19:09:43,047 - agentgate.task.scheduler - INFO - 开始扫描 PENDING 状态任务...
2026-09-01 19:09:43,049 - agentgate.task.scheduler - INFO - 找到 0 个待执行任务
2026-09-01 19:09:53,062 - agentgate.task.scheduler - INFO - 开始扫描 PENDING 状态任务...
2026-09-01 19:09:53,064 - agentgate.task.scheduler - INFO - 找到 0 个待执行任务
2026-09-01 19:10:03,077 - agentgate.task.scheduler - INFO - 开始扫描 PENDING 状态任务...
2026-09-01 19:10:03,078 - agentgate.task.scheduler - INFO - 找到 0 个待执行任务
2026-09-01 19:10:13,090 - agentgate.task.scheduler - INFO - 开始扫描 PENDING 状态任务...
2026-09-01 19:10:13,092 - agentgate.task.scheduler - INFO - 找到 0 个待执行任务
2026-09-01 19:10:23,099 - agentgate.task.scheduler - INFO - 开始扫描 PENDING 状态任务...
2026-09-01 19:10:23,101 - agentgate.task.scheduler - INFO - 找到 0 个待执行任务
2026-09-01 19:10:33,115 - agentgate.task.scheduler - INFO - 开始扫描 PENDING 状态任务...
2026-09-01 19:10:33,116 - agentgate.task.scheduler - INFO - 找到 0 个待执行任务
2026-09-01 19:10:43,124 - agentgate.task.scheduler - INFO - 开始扫描 PENDING 状态任务...
2026-09-01 19:10:43,125 - agentgate.task.scheduler - INFO - 找到 0 个待执行任务
2026-09-01 19:10:53,132 - agentgate.task.scheduler - INFO - 开始扫描 PENDING 状态任务...
2026-09-01 19:10:53,133 - agentgate.task.scheduler - INFO - 找到 0 个待执行任务
2026-09-01 19:11:03,149 - agentgate.task.scheduler - INFO - 开始扫描 PENDING 状态任务...
2026-09-01 19:11:03,150 - agentgate.task.scheduler - INFO - 找到 0 个待执行任务
2026-09-01 19:11:13,155 - agentgate.task.scheduler - INFO - 开始扫描 PENDING 状态任务...
2026-09-01 19:11:13,156 - agentgate.task.scheduler - INFO - 找到 0 个待执行任务
2026-09-01 19:11:23,171 - agentgate.task.scheduler - INFO - 开始扫描 PENDING 状态任务...
2026-09-01 19:11:23,173 - agentgate.task.scheduler - INFO - 找到 0 个待执行任务
2026-09-01 19:11:33,180 - agentgate.task.scheduler - INFO - 开始扫描 PENDING 状态任务...
2026-09-01 19:11:33,182 - agentgate.task.scheduler - INFO - 找到 0 个待执行任务
2026-09-01 19:11:43,192 - agentgate.task.scheduler - INFO - 开始扫描 PENDING 状态任务...
2026-09-01 19:11:43,193 - agentgate.task.scheduler - INFO - 找到 0 个待执行任务
2026-09-01 19:11:53,206 - agentgate.task.scheduler - INFO - 开始扫描 PENDING 状态任务...
2026-09-01 19:11:53,208 - agentgate.task.scheduler - INFO - 找到 0 个待执行任务
2026-09-01 19:12:03,218 - agentgate.task.scheduler - INFO - 开始扫描 PENDING 状态任务...
2026-09-01 19:12:03,219 - agentgate.task.scheduler - INFO - 找到 0 个待执行任务
2026-09-01 19:12:13,222 - agentgate.task.scheduler - INFO - 开始扫描 PENDING 状态任务...
2026-09-01 19:12:13,224 - agentgate.task.scheduler - INFO - 找到 0 个待执行任务
2026-09-01 19:12:23,230 - agentgate.task.scheduler - INFO - 开始扫描 PENDING 状态任务...
2026-09-01 19:12:23,231 - agentgate.task.scheduler - INFO - 找到 0 个待执行任务
2026-09-01 19:12:33,247 - agentgate.task.scheduler - INFO - 开始扫描 PENDING 状态任务...
2026-09-01 19:12:33,249 - agentgate.task.scheduler - INFO - 找到 0 个待执行任务
2026-09-01 19:12:43,253 - agentgate.task.scheduler - INFO - 开始扫描 PENDING 状态任务...
2026-09-01 19:12:43,254 - agentgate.task.scheduler - INFO - 找到 0 个待执行任务
2026-09-01 19:12:53,259 - agentgate.task.scheduler - INFO - 开始扫描 PENDING 状态任务...
2026-09-01 19:12:53,261 - agentgate.task.scheduler - INFO - 找到 0 个待执行任务
2026-09-01 19:13:03,265 - agentgate.task.scheduler - INFO - 开始扫描 PENDING 状态任务...
2026-09-01 19:13:03,267 - agentgate.task.scheduler - INFO - 找到 0 个待执行任务
2026-09-01 19:13:13,270 - agentgate.task.scheduler - INFO - 开始扫描 PENDING 状态任务...
2026-09-01 19:13:13,271 - agentgate.task.scheduler - INFO - 找到 0 个待执行任务
2026-09-01 19:13:23,286 - agentgate.task.scheduler - INFO - 开始扫描 PENDING 状态任务...
2026-09-01 19:13:23,288 - agentgate.task.scheduler - INFO - 找到 0 个待执行任务
2026-09-01 19:13:33,290 - agentgate.task.scheduler - INFO - 开始扫描 PENDING 状态任务...
2026-09-01 19:13:33,291 - agentgate.task.scheduler - INFO - 找到 0 个待执行任务
2026-09-01 19:13:43,307 - agentgate.task.scheduler - INFO - 开始扫描 PENDING 状态任务...
2026-09-01 19:13:43,308 - agentgate.task.scheduler - INFO - 找到 0 个待执行任务
2026-09-01 19:13:53,324 - agentgate.task.scheduler - INFO - 开始扫描 PENDING 状态任务...
2026-09-01 19:13:53,326 - agentgate.task.scheduler - INFO - 找到 0 个待执行任务
2026-09-01 19:14:03,331 - agentgate.task.scheduler - INFO - 开始扫描 PENDING 状态任务...
2026-09-01 19:14:03,333 - agentgate.task.scheduler - INFO - 找到 0 个待执行任务
2026-09-01 19:14:13,334 - agentgate.task.scheduler - INFO - 开始扫描 PENDING 状态任务...
2026-09-01 19:14:13,336 - agentgate.task.scheduler - INFO - 找到 0 个待执行任务
2026-09-01 19:14:23,347 - agentgate.task.scheduler - INFO - 开始扫描 PENDING 状态任务...
2026-09-01 19:14:23,348 - agentgate.task.scheduler - INFO - 找到 0 个待执行任务
2026-09-01 19:14:33,361 - agentgate.task.scheduler - INFO - 开始扫描 PENDING 状态任务...
2026-09-01 19:14:33,363 - agentgate.task.scheduler - INFO - 找到 0 个待执行任务
2026-09-01 19:14:43,377 - agentgate.task.scheduler - INFO - 开始扫描 PENDING 状态任务...
2026-09-01 19:14:43,378 - agentgate.task.scheduler - INFO - 找到 0 个待执行任务
2026-09-01 19:14:53,390 - agentgate.task.scheduler - INFO - 开始扫描 PENDING 状态任务...
2026-09-01 19:14:53,392 - agentgate.task.scheduler - INFO - 找到 0 个待执行任务
2026-09-01 19:15:03,403 - agentgate.task.scheduler - INFO - 开始扫描 PENDING 状态任务...
2026-09-01 19:15:03,404 - agentgate.task.scheduler - INFO - 找到 0 个待执行任务
2026-09-01 19:15:13,414 - agentgate.task.scheduler - INFO - 开始扫描 PENDING 状态任务...
2026-09-01 19:15:13,415 - agentgate.task.scheduler - INFO - 找到 0 个待执行任务
2026-09-01 19:15:23,427 - agentgate.task.scheduler - INFO - 开始扫描 PENDING 状态任务...
2026-09-01 19:15:23,428 - agentgate.task.scheduler - INFO - 找到 0 个待执行任务
2026-09-01 19:15:33,440 - agentgate.task.scheduler - INFO - 开始扫描 PENDING 状态任务...
2026-09-01 19:15:33,442 - agentgate.task.scheduler - INFO - 找到 0 个待执行任务
2026-09-01 19:15:43,445 - agentgate.task.scheduler - INFO - 开始扫描 PENDING 状态任务...
2026-09-01 19:15:43,446 - agentgate.task.scheduler - INFO - 找到 0 个待执行任务
2026-09-01 19:15:53,448 - agentgate.task.scheduler - INFO - 开始扫描 PENDING 状态任务...
2026-09-01 19:15:53,450 - agentgate.task.scheduler - INFO - 找到 0 个待执行任务
2026-09-01 19:16:03,453 - agentgate.task.scheduler - INFO - 开始扫描 PENDING 状态任务...
2026-09-01 19:16:03,454 - agentgate.task.scheduler - INFO - 找到 0 个待执行任务
2026-09-01 19:16:13,463 - agentgate.task.scheduler - INFO - 开始扫描 PENDING 状态任务...
2026-09-01 19:16:13,465 - agentgate.task.scheduler - INFO - 找到 0 个待执行任务
2026-09-01 19:16:23,468 - agentgate.task.scheduler - INFO - 开始扫描 PENDING 状态任务...
2026-09-01 19:16:23,470 - agentgate.task.scheduler - INFO - 找到 0 个待执行任务
2026-09-01 19:16:33,474 - agentgate.task.scheduler - INFO - 开始扫描 PENDING 状态任务...
2026-09-01 19:16:33,476 - agentgate.task.scheduler - INFO - 找到 0 个待执行任务
2026-09-01 19:16:43,482 - agentgate.task.scheduler - INFO - 开始扫描 PENDING 状态任务...
2026-09-01 19:16:43,483 - agentgate.task.scheduler - INFO - 找到 0 个待执行任务
2026-09-01 19:16:53,492 - agentgate.task.scheduler - INFO - 开始扫描 PENDING 状态任务...
2026-09-01 19:16:53,493 - agentgate.task.scheduler - INFO - 找到 0 个待执行任务
2026-09-01 19:17:03,499 - agentgate.task.scheduler - INFO - 开始扫描 PENDING 状态任务...
2026-09-01 19:17:03,501 - agentgate.task.scheduler - INFO - 找到 0 个待执行任务
2026-09-01 19:17:13,505 - agentgate.task.scheduler - INFO - 开始扫描 PENDING 状态任务...
2026-09-01 19:17:13,506 - agentgate.task.scheduler - INFO - 找到 0 个待执行任务
2026-09-01 19:17:23,515 - agentgate.task.scheduler - INFO - 开始扫描 PENDING 状态任务...
2026-09-01 19:17:23,517 - agentgate.task.scheduler - INFO - 找到 0 个待执行任务
2026-09-01 19:17:33,524 - agentgate.task.scheduler - INFO - 开始扫描 PENDING 状态任务...
2026-09-01 19:17:33,525 - agentgate.task.scheduler - INFO - 找到 0 个待执行任务
2026-09-01 19:17:43,535 - agentgate.task.scheduler - INFO - 开始扫描 PENDING 状态任务...
2026-09-01 19:17:43,536 - agentgate.task.scheduler - INFO - 找到 0 个待执行任务
2026-09-01 19:17:53,548 - agentgate.task.scheduler - INFO - 开始扫描 PENDING 状态任务...
2026-09-01 19:17:53,549 - agentgate.task.scheduler - INFO - 找到 0 个待执行任务
2026-09-01 19:18:03,554 - agentgate.task.scheduler - INFO - 开始扫描 PENDING 状态任务...
2026-09-01 19:18:03,555 - agentgate.task.scheduler - INFO - 找到 0 个待执行任务
2026-09-01 19:18:13,571 - agentgate.task.scheduler - INFO - 开始扫描 PENDING 状态任务...
2026-09-01 19:18:13,572 - agentgate.task.scheduler - INFO - 找到 0 个待执行任务
2026-09-01 19:18:23,583 - agentgate.task.scheduler - INFO - 开始扫描 PENDING 状态任务...
2026-09-01 19:18:23,585 - agentgate.task.scheduler - INFO - 找到 0 个待执行任务
2026-09-01 19:18:33,595 - agentgate.task.scheduler - INFO - 开始扫描 PENDING 状态任务...
2026-09-01 19:18:33,596 - agentgate.task.scheduler - INFO - 找到 0 个待执行任务
2026-09-01 19:18:43,600 - agentgate.task.scheduler - INFO - 开始扫描 PENDING 状态任务...
2026-09-01 19:18:43,602 - agentgate.task.scheduler - INFO - 找到 0 个待执行任务
2026-09-01 19:18:53,610 - agentgate.task.scheduler - INFO - 开始扫描 PENDING 状态任务...
2026-09-01 19:18:53,611 - agentgate.task.scheduler - INFO - 找到 0 个待执行任务
2026-09-01 19:19:03,625 - agentgate.task.scheduler - INFO - 开始扫描 PENDING 状态任务...
2026-09-01 19:19:03,626 - agentgate.task.scheduler - INFO - 找到 0 个待执行任务
2026-09-01 19:19:13,641 - agentgate.task.scheduler - INFO - 开始扫描 PENDING 状态任务...
2026-09-01 19:19:13,643 - agentgate.task.scheduler - INFO - 找到 0 个待执行任务
2026-09-01 19:19:23,657 - agentgate.task.scheduler - INFO - 开始扫描 PENDING 状态任务...
2026-09-01 19:19:23,659 - agentgate.task.scheduler - INFO - 找到 0 个待执行任务
2026-09-01 19:19:33,673 - agentgate.task.scheduler - INFO - 开始扫描 PENDING 状态任务...
2026-09-01 19:19:33,675 - agentgate.task.scheduler - INFO - 找到 0 个待执行任务
2026-09-01 19:19:43,687 - agentgate.task.scheduler - INFO - 开始扫描 PENDING 状态任务...
2026-09-01 19:19:43,688 - agentgate.task.scheduler - INFO - 找到 0 个待执行任务
2026-09-01 19:19:53,690 - agentgate.task.scheduler - INFO - 开始扫描 PENDING 状态任务...
2026-09-01 19:19:53,692 - agentgate.task.scheduler - INFO - 找到 0 个待执行任务
2026-09-01 19:20:03,700 - agentgate.task.scheduler - INFO - 开始扫描 PENDING 状态任务...
2026-09-01 19:20:03,701 - agentgate.task.scheduler - INFO - 找到 0 个待执行任务
2026-09-01 19:20:13,710 - agentgate.task.scheduler - INFO - 开始扫描 PENDING 状态任务...
2026-09-01 19:20:13,712 - agentgate.task.scheduler - INFO - 找到 0 个待执行任务
2026-09-01 19:20:23,716 - agentgate.task.scheduler - INFO - 开始扫描 PENDING 状态任务...
2026-09-01 19:20:23,717 - agentgate.task.scheduler - INFO - 找到 0 个待执行任务
2026-09-01 19:20:33,718 - agentgate.task.scheduler - INFO - 开始扫描 PENDING 状态任务...
2026-09-01 19:20:33,720 - agentgate.task.scheduler - INFO - 找到 0 个待执行任务
2026-09-01 19:20:43,730 - agentgate.task.scheduler - INFO - 开始扫描 PENDING 状态任务...
2026-09-01 19:20:43,732 - agentgate.task.scheduler - INFO - 找到 0 个待执行任务
2026-09-01 19:20:53,741 - agentgate.task.scheduler - INFO - 开始扫描 PENDING 状态任务...
2026-09-01 19:20:53,742 - agentgate.task.scheduler - INFO - 找到 0 个待执行任务
2026-09-01 19:21:03,748 - agentgate.task.scheduler - INFO - 开始扫描 PENDING 状态任务...
2026-09-01 19:21:03,750 - agentgate.task.scheduler - INFO - 找到 0 个待执行任务
2026-09-01 19:21:13,752 - agentgate.task.scheduler - INFO - 开始扫描 PENDING 状态任务...
2026-09-01 19:21:13,754 - agentgate.task.scheduler - INFO - 找到 0 个待执行任务
2026-09-01 19:21:23,766 - agentgate.task.scheduler - INFO - 开始扫描 PENDING 状态任务...
2026-09-01 19:21:23,768 - agentgate.task.scheduler - INFO - 找到 0 个待执行任务
2026-09-01 19:21:33,769 - agentgate.task.scheduler - INFO - 开始扫描 PENDING 状态任务...
2026-09-01 19:21:33,770 - agentgate.task.scheduler - INFO - 找到 0 个待执行任务
2026-09-01 19:21:43,784 - agentgate.task.scheduler - INFO - 开始扫描 PENDING 状态任务...
2026-09-01 19:21:43,785 - agentgate.task.scheduler - INFO - 找到 0 个待执行任务
2026-09-01 19:21:53,799 - agentgate.task.scheduler - INFO - 开始扫描 PENDING 状态任务...
2026-09-01 19:21:53,801 - agentgate.task.scheduler - INFO - 找到 0 个待执行任务
2026-09-01 19:22:03,816 - agentgate.task.scheduler - INFO - 开始扫描 PENDING 状态任务...
2026-09-01 19:22:03,818 - agentgate.task.scheduler - INFO - 找到 0 个待执行任务
2026-09-01 19:22:13,831 - agentgate.task.scheduler - INFO - 开始扫描 PENDING 状态任务...
2026-09-01 19:22:13,833 - agentgate.task.scheduler - INFO - 找到 0 个待执行任务
2026-09-01 19:22:23,848 - agentgate.task.scheduler - INFO - 开始扫描 PENDING 状态任务...
2026-09-01 19:22:23,850 - agentgate.task.scheduler - INFO - 找到 0 个待执行任务
2026-09-01 19:22:33,861 - agentgate.task.scheduler - INFO - 开始扫描 PENDING 状态任务...
2026-09-01 19:22:33,863 - agentgate.task.scheduler - INFO - 找到 0 个待执行任务
2026-09-01 19:22:43,871 - agentgate.task.scheduler - INFO - 开始扫描 PENDING 状态任务...
2026-09-01 19:22:43,873 - agentgate.task.scheduler - INFO - 找到 0 个待执行任务
2026-09-01 19:22:53,879 - agentgate.task.scheduler - INFO - 开始扫描 PENDING 状态任务...
2026-09-01 19:22:53,881 - agentgate.task.scheduler - INFO - 找到 0 个待执行任务
2026-09-01 19:23:03,894 - agentgate.task.scheduler - INFO - 开始扫描 PENDING 状态任务...
2026-09-01 19:23:03,895 - agentgate.task.scheduler - INFO - 找到 0 个待执行任务
2026-09-01 19:23:13,903 - agentgate.task.scheduler - INFO - 开始扫描 PENDING 状态任务...
2026-09-01 19:23:13,905 - agentgate.task.scheduler - INFO - 找到 0 个待执行任务
2026-09-01 19:23:23,920 - agentgate.task.scheduler - INFO - 开始扫描 PENDING 状态任务...
2026-09-01 19:23:23,922 - agentgate.task.scheduler - INFO - 找到 0 个待执行任务
2026-09-01 19:23:33,930 - agentgate.task.scheduler - INFO - 开始扫描 PENDING 状态任务...
2026-09-01 19:23:33,932 - agentgate.task.scheduler - INFO - 找到 0 个待执行任务
2026-09-01 19:23:43,943 - agentgate.task.scheduler - INFO - 开始扫描 PENDING 状态任务...
2026-09-01 19:23:43,945 - agentgate.task.scheduler - INFO - 找到 0 个待执行任务
2026-09-01 19:23:53,946 - agentgate.task.scheduler - INFO - 开始扫描 PENDING 状态任务...
2026-09-01 19:23:53,947 - agentgate.task.scheduler - INFO - 找到 0 个待执行任务
2026-09-01 19:24:03,961 - agentgate.task.scheduler - INFO - 开始扫描 PENDING 状态任务...
2026-09-01 19:24:03,962 - agentgate.task.scheduler - INFO - 找到 0 个待执行任务
2026-09-01 19:24:13,975 - agentgate.task.scheduler - INFO - 开始扫描 PENDING 状态任务...
2026-09-01 19:24:13,976 - agentgate.task.scheduler - INFO - 找到 0 个待执行任务
2026-09-01 19:24:23,982 - agentgate.task.scheduler - INFO - 开始扫描 PENDING 状态任务...
2026-09-01 19:24:23,983 - agentgate.task.scheduler - INFO - 找到 0 个待执行任务
2026-09-01 19:24:33,997 - agentgate.task.scheduler - INFO - 开始扫描 PENDING 状态任务...
2026-09-01 19:24:33,998 - agentgate.task.scheduler - INFO - 找到 0 个待执行任务
2026-09-01 19:24:44,008 - agentgate.task.scheduler - INFO - 开始扫描 PENDING 状态任务...
2026-09-01 19:24:44,010 - agentgate.task.scheduler - INFO - 找到 0 个待执行任务
2026-09-01 19:24:54,025 - agentgate.task.scheduler - INFO - 开始扫描 PENDING 状态任务...
2026-09-01 19:24:54,026 - agentgate.task.scheduler - INFO - 找到 0 个待执行任务
2026-09-01 19:25:04,041 - agentgate.task.scheduler - INFO - 开始扫描 PENDING 状态任务...
2026-09-01 19:25:04,043 - agentgate.task.scheduler - INFO - 找到 0 个待执行任务
2026-09-01 19:25:14,047 - agentgate.task.scheduler - INFO - 开始扫描 PENDING 状态任务...
2026-09-01 19:25:14,049 - agentgate.task.scheduler - INFO - 找到 0 个待执行任务
2026-09-01 19:25:24,050 - agentgate.task.scheduler - INFO - 开始扫描 PENDING 状态任务...
2026-09-01 19:25:24,051 - agentgate.task.scheduler - INFO - 找到 0 个待执行任务
2026-09-01 19:25:34,060 - agentgate.task.scheduler - INFO - 开始扫描 PENDING 状态任务...
2026-09-01 19:25:34,062 - agentgate.task.scheduler - INFO - 找到 0 个待执行任务
2026-09-01 19:25:44,073 - agentgate.task.scheduler - INFO - 开始扫描 PENDING 状态任务...
2026-09-01 19:25:44,075 - agentgate.task.scheduler - INFO - 找到 0 个待执行任务
2026-09-01 19:25:54,082 - agentgate.task.scheduler - INFO - 开始扫描 PENDING 状态任务...
2026-09-01 19:25:54,083 - agentgate.task.scheduler - INFO - 找到 0 个待执行任务
2026-09-01 19:26:04,085 - agentgate.task.scheduler - INFO - 开始扫描 PENDING 状态任务...
2026-09-01 19:26:04,087 - agentgate.task.scheduler - INFO - 找到 0 个待执行任务
2026-09-01 19:26:14,092 - agentgate.task.scheduler - INFO - 开始扫描 PENDING 状态任务...
2026-09-01 19:26:14,093 - agentgate.task.scheduler - INFO - 找到 0 个待执行任务
2026-09-01 19:26:24,100 - agentgate.task.scheduler - INFO - 开始扫描 PENDING 状态任务...
2026-09-01 19:26:24,101 - agentgate.task.scheduler - INFO - 找到 0 个待执行任务
2026-09-01 19:26:34,110 - agentgate.task.scheduler - INFO - 开始扫描 PENDING 状态任务...
2026-09-01 19:26:34,111 - agentgate.task.scheduler - INFO - 找到 0 个待执行任务
2026-09-01 19:26:44,113 - agentgate.task.scheduler - INFO - 开始扫描 PENDING 状态任务...
2026-09-01 19:26:44,114 - agentgate.task.scheduler - INFO - 找到 0 个待执行任务
2026-09-01 19:26:54,122 - agentgate.task.scheduler - INFO - 开始扫描 PENDING 状态任务...
2026-09-01 19:26:54,124 - agentgate.task.scheduler - INFO - 找到 0 个待执行任务
2026-09-01 19:27:04,126 - agentgate.task.scheduler - INFO - 开始扫描 PENDING 状态任务...
2026-09-01 19:27:04,127 - agentgate.task.scheduler - INFO - 找到 0 个待执行任务
2026-09-01 19:27:14,129 - agentgate.task.scheduler - INFO - 开始扫描 PENDING 状态任务...
2026-09-01 19:27:14,131 - agentgate.task.scheduler - INFO - 找到 0 个待执行任务
2026-09-01 19:27:24,142 - agentgate.task.scheduler - INFO - 开始扫描 PENDING 状态任务...
2026-09-01 19:27:24,144 - agentgate.task.scheduler - INFO - 找到 0 个待执行任务
2026-09-01 19:27:34,157 - agentgate.task.scheduler - INFO - 开始扫描 PENDING 状态任务...
2026-09-01 19:27:34,159 - agentgate.task.scheduler - INFO - 找到 0 个待执行任务
2026-09-01 19:27:44,163 - agentgate.task.scheduler - INFO - 开始扫描 PENDING 状态任务...
2026-09-01 19:27:44,165 - agentgate.task.scheduler - INFO - 找到 0 个待执行任务
2026-09-01 19:27:54,168 - agentgate.task.scheduler - INFO - 开始扫描 PENDING 状态任务...
2026-09-01 19:27:54,169 - agentgate.task.scheduler - INFO - 找到 0 个待执行任务
2026-09-01 19:28:04,171 - agentgate.task.scheduler - INFO - 开始扫描 PENDING 状态任务...
2026-09-01 19:28:04,173 - agentgate.task.scheduler - INFO - 找到 0 个待执行任务
2026-09-01 19:28:14,185 - agentgate.task.scheduler - INFO - 开始扫描 PENDING 状态任务...
2026-09-01 19:28:14,187 - agentgate.task.scheduler - INFO - 找到 0 个待执行任务
2026-09-01 19:28:24,189 - agentgate.task.scheduler - INFO - 开始扫描 PENDING 状态任务...
2026-09-01 19:28:24,190 - agentgate.task.scheduler - INFO - 找到 0 个待执行任务
2026-09-01 19:28:34,204 - agentgate.task.scheduler - INFO - 开始扫描 PENDING 状态任务...
2026-09-01 19:28:34,206 - agentgate.task.scheduler - INFO - 找到 0 个待执行任务
2026-09-01 19:28:44,214 - agentgate.task.scheduler - INFO - 开始扫描 PENDING 状态任务...
2026-09-01 19:28:44,216 - agentgate.task.scheduler - INFO - 找到 0 个待执行任务
2026-09-01 19:28:54,225 - agentgate.task.scheduler - INFO - 开始扫描 PENDING 状态任务...
2026-09-01 19:28:54,227 - agentgate.task.scheduler - INFO - 找到 0 个待执行任务
2026-09-01 19:29:04,241 - agentgate.task.scheduler - INFO - 开始扫描 PENDING 状态任务...
2026-09-01 19:29:04,243 - agentgate.task.scheduler - INFO - 找到 0 个待执行任务
2026-09-01 19:29:14,252 - agentgate.task.scheduler - INFO - 开始扫描 PENDING 状态任务...
2026-09-01 19:29:14,254 - agentgate.task.scheduler - INFO - 找到 0 个待执行任务
2026-09-01 19:29:24,269 - agentgate.task.scheduler - INFO - 开始扫描 PENDING 状态任务...
2026-09-01 19:29:24,270 - agentgate.task.scheduler - INFO - 找到 0 个待执行任务
2026-09-01 19:29:34,275 - agentgate.task.scheduler - INFO - 开始扫描 PENDING 状态任务...
2026-09-01 19:29:34,277 - agentgate.task.scheduler - INFO - 找到 0 个待执行任务
2026-09-01 19:29:44,288 - agentgate.task.scheduler - INFO - 开始扫描 PENDING 状态任务...
2026-09-01 19:29:44,289 - agentgate.task.scheduler - INFO - 找到 0 个待执行任务
2026-09-01 19:29:54,294 - agentgate.task.scheduler - INFO - 开始扫描 PENDING 状态任务...
2026-09-01 19:29:54,296 - agentgate.task.scheduler - INFO - 找到 0 个待执行任务
2026-09-01 19:30:04,302 - agentgate.task.scheduler - INFO - 开始扫描 PENDING 状态任务...
2026-09-01 19:30:04,304 - agentgate.task.scheduler - INFO - 找到 0 个待执行任务
2026-09-01 19:30:14,308 - agentgate.task.scheduler - INFO - 开始扫描 PENDING 状态任务...
2026-09-01 19:30:14,309 - agentgate.task.scheduler - INFO - 找到 0 个待执行任务
2026-09-01 19:30:24,310 - agentgate.task.scheduler - INFO - 开始扫描 PENDING 状态任务...
2026-09-01 19:30:24,312 - agentgate.task.scheduler - INFO - 找到 0 个待执行任务
2026-09-01 19:30:34,317 - agentgate.task.scheduler - INFO - 开始扫描 PENDING 状态任务...
2026-09-01 19:30:34,320 - agentgate.task.scheduler - INFO - 找到 0 个待执行任务
2026-09-01 19:30:44,328 - agentgate.task.scheduler - INFO - 开始扫描 PENDING 状态任务...
2026-09-01 19:30:44,330 - agentgate.task.scheduler - INFO - 找到 0 个待执行任务
2026-09-01 19:30:54,334 - agentgate.task.scheduler - INFO - 开始扫描 PENDING 状态任务...
2026-09-01 19:30:54,336 - agentgate.task.scheduler - INFO - 找到 0 个待执行任务
2026-09-01 19:31:04,349 - agentgate.task.scheduler - INFO - 开始扫描 PENDING 状态任务...
2026-09-01 19:31:04,351 - agentgate.task.scheduler - INFO - 找到 0 个待执行任务
2026-09-01 19:31:14,366 - agentgate.task.scheduler - INFO - 开始扫描 PENDING 状态任务...
2026-09-01 19:31:14,367 - agentgate.task.scheduler - INFO - 找到 0 个待执行任务
2026-09-01 19:31:24,377 - agentgate.task.scheduler - INFO - 开始扫描 PENDING 状态任务...
2026-09-01 19:31:24,378 - agentgate.task.scheduler - INFO - 找到 0 个待执行任务
2026-09-01 19:31:34,387 - agentgate.task.scheduler - INFO - 开始扫描 PENDING 状态任务...
2026-09-01 19:31:34,389 - agentgate.task.scheduler - INFO - 找到 0 个待执行任务
2026-09-01 19:31:44,393 - agentgate.task.scheduler - INFO - 开始扫描 PENDING 状态任务...
2026-09-01 19:31:44,394 - agentgate.task.scheduler - INFO - 找到 0 个待执行任务
2026-09-01 19:31:54,404 - agentgate.task.scheduler - INFO - 开始扫描 PENDING 状态任务...
2026-09-01 19:31:54,405 - agentgate.task.scheduler - INFO - 找到 0 个待执行任务
2026-09-01 19:32:04,414 - agentgate.task.scheduler - INFO - 开始扫描 PENDING 状态任务...
2026-09-01 19:32:04,416 - agentgate.task.scheduler - INFO - 找到 0 个待执行任务
2026-09-01 19:32:14,422 - agentgate.task.scheduler - INFO - 开始扫描 PENDING 状态任务...
2026-09-01 19:32:14,424 - agentgate.task.scheduler - INFO - 找到 0 个待执行任务
2026-09-01 19:32:24,440 - agentgate.task.scheduler - INFO - 开始扫描 PENDING 状态任务...
2026-09-01 19:32:24,441 - agentgate.task.scheduler - INFO - 找到 0 个待执行任务
2026-09-01 19:32:34,444 - agentgate.task.scheduler - INFO - 开始扫描 PENDING 状态任务...
2026-09-01 19:32:34,446 - agentgate.task.scheduler - INFO - 找到 0 个待执行任务
2026-09-01 19:32:44,459 - agentgate.task.scheduler - INFO - 开始扫描 PENDING 状态任务...
2026-09-01 19:32:44,460 - agentgate.task.scheduler - INFO - 找到 0 个待执行任务
2026-09-01 19:32:54,468 - agentgate.task.scheduler - INFO - 开始扫描 PENDING 状态任务...
2026-09-01 19:32:54,469 - agentgate.task.scheduler - INFO - 找到 0 个待执行任务
2026-09-01 19:33:04,474 - agentgate.task.scheduler - INFO - 开始扫描 PENDING 状态任务...
2026-09-01 19:33:04,475 - agentgate.task.scheduler - INFO - 找到 0 个待执行任务
2026-09-01 19:33:14,490 - agentgate.task.scheduler - INFO - 开始扫描 PENDING 状态任务...
2026-09-01 19:33:14,492 - agentgate.task.scheduler - INFO - 找到 0 个待执行任务
2026-09-01 19:33:24,495 - agentgate.task.scheduler - INFO - 开始扫描 PENDING 状态任务...
2026-09-01 19:33:24,496 - agentgate.task.scheduler - INFO - 找到 0 个待执行任务
2026-09-01 19:33:34,505 - agentgate.task.scheduler - INFO - 开始扫描 PENDING 状态任务...
2026-09-01 19:33:34,506 - agentgate.task.scheduler - INFO - 找到 0 个待执行任务
2026-09-01 19:33:44,517 - agentgate.task.scheduler - INFO - 开始扫描 PENDING 状态任务...
2026-09-01 19:33:44,519 - agentgate.task.scheduler - INFO - 找到 0 个待执行任务
2026-09-01 19:33:54,522 - agentgate.task.scheduler - INFO - 开始扫描 PENDING 状态任务...
2026-09-01 19:33:54,524 - agentgate.task.scheduler - INFO - 找到 0 个待执行任务
2026-09-01 19:34:04,537 - agentgate.task.scheduler - INFO - 开始扫描 PENDING 状态任务...
2026-09-01 19:34:04,539 - agentgate.task.scheduler - INFO - 找到 0 个待执行任务
2026-09-01 19:34:14,553 - agentgate.task.scheduler - INFO - 开始扫描 PENDING 状态任务...
2026-09-01 19:34:14,555 - agentgate.task.scheduler - INFO - 找到 0 个待执行任务
2026-09-01 19:34:24,559 - agentgate.task.scheduler - INFO - 开始扫描 PENDING 状态任务...
2026-09-01 19:34:24,561 - agentgate.task.scheduler - INFO - 找到 0 个待执行任务
2026-09-01 19:34:34,563 - agentgate.task.scheduler - INFO - 开始扫描 PENDING 状态任务...
2026-09-01 19:34:34,564 - agentgate.task.scheduler - INFO - 找到 0 个待执行任务
2026-09-01 19:34:44,577 - agentgate.task.scheduler - INFO - 开始扫描 PENDING 状态任务...
2026-09-01 19:34:44,578 - agentgate.task.scheduler - INFO - 找到 0 个待执行任务
2026-09-01 19:34:54,590 - agentgate.task.scheduler - INFO - 开始扫描 PENDING 状态任务...
2026-09-01 19:34:54,591 - agentgate.task.scheduler - INFO - 找到 0 个待执行任务
2026-09-01 19:35:04,607 - agentgate.task.scheduler - INFO - 开始扫描 PENDING 状态任务...
2026-09-01 19:35:04,609 - agentgate.task.scheduler - INFO - 找到 0 个待执行任务
2026-09-01 19:35:14,614 - agentgate.task.scheduler - INFO - 开始扫描 PENDING 状态任务...
2026-09-01 19:35:14,615 - agentgate.task.scheduler - INFO - 找到 0 个待执行任务
2026-09-01 19:35:24,629 - agentgate.task.scheduler - INFO - 开始扫描 PENDING 状态任务...
2026-09-01 19:35:24,630 - agentgate.task.scheduler - INFO - 找到 0 个待执行任务
2026-09-01 19:35:34,636 - agentgate.task.scheduler - INFO - 开始扫描 PENDING 状态任务...
2026-09-01 19:35:34,638 - agentgate.task.scheduler - INFO - 找到 0 个待执行任务
2026-09-01 19:35:44,650 - agentgate.task.scheduler - INFO - 开始扫描 PENDING 状态任务...
2026-09-01 19:35:44,651 - agentgate.task.scheduler - INFO - 找到 0 个待执行任务
2026-09-01 19:35:54,666 - agentgate.task.scheduler - INFO - 开始扫描 PENDING 状态任务...
2026-09-01 19:35:54,668 - agentgate.task.scheduler - INFO - 找到 0 个待执行任务
2026-09-01 19:36:04,682 - agentgate.task.scheduler - INFO - 开始扫描 PENDING 状态任务...
2026-09-01 19:36:04,684 - agentgate.task.scheduler - INFO - 找到 0 个待执行任务
2026-09-01 19:36:14,694 - agentgate.task.scheduler - INFO - 开始扫描 PENDING 状态任务...
2026-09-01 19:36:14,695 - agentgate.task.scheduler - INFO - 找到 0 个待执行任务
2026-09-01 19:36:24,706 - agentgate.task.scheduler - INFO - 开始扫描 PENDING 状态任务...
2026-09-01 19:36:24,707 - agentgate.task.scheduler - INFO - 找到 0 个待执行任务
2026-09-01 19:36:34,712 - agentgate.task.scheduler - INFO - 开始扫描 PENDING 状态任务...
2026-09-01 19:36:34,714 - agentgate.task.scheduler - INFO - 找到 0 个待执行任务
2026-09-01 19:36:44,718 - agentgate.task.scheduler - INFO - 开始扫描 PENDING 状态任务...
2026-09-01 19:36:44,720 - agentgate.task.scheduler - INFO - 找到 0 个待执行任务
2026-09-01 19:36:54,733 - agentgate.task.scheduler - INFO - 开始扫描 PENDING 状态任务...
2026-09-01 19:36:54,734 - agentgate.task.scheduler - INFO - 找到 0 个待执行任务
2026-09-01 19:37:04,739 - agentgate.task.scheduler - INFO - 开始扫描 PENDING 状态任务...
2026-09-01 19:37:04,740 - agentgate.task.scheduler - INFO - 找到 0 个待执行任务
2026-09-01 19:37:14,747 - agentgate.task.scheduler - INFO - 开始扫描 PENDING 状态任务...
2026-09-01 19:37:14,748 - agentgate.task.scheduler - INFO - 找到 0 个待执行任务
2026-09-01 19:37:23,291 - src.agentgate.server.application - INFO - 日志系统初始化完成
2026-09-01 19:37:23,291 - src.agentgate.server.application - INFO - 使用数据库: agentgate.db
2026-09-01 19:37:23,347 - src.agentgate.server.application - INFO - 调度器任务已创建
2026-09-01 19:37:23,348 - agentgate.task.scheduler - INFO - 任务调度器已启动，扫描间隔: 10秒
2026-09-01 19:37:23,348 - agentgate.task.service - INFO - 调度器已启动，间隔: 10秒
2026-09-01 19:37:23,349 - agentgate.task.scheduler - INFO - 开始扫描 PENDING 状态任务...
2026-09-01 19:37:23,356 - agentgate.task.scheduler - INFO - 找到 0 个待执行任务
2026-09-01 19:37:33,360 - agentgate.task.scheduler - INFO - 开始扫描 PENDING 状态任务...
2026-09-01 19:37:33,363 - agentgate.task.scheduler - INFO - 找到 0 个待执行任务
2026-09-01 19:37:43,375 - agentgate.task.scheduler - INFO - 开始扫描 PENDING 状态任务...
2026-09-01 19:37:43,376 - agentgate.task.scheduler - INFO - 找到 0 个待执行任务
2026-09-01 19:37:53,379 - agentgate.task.scheduler - INFO - 开始扫描 PENDING 状态任务...
2026-09-01 19:37:53,381 - agentgate.task.scheduler - INFO - 找到 0 个待执行任务
2026-09-01 19:38:03,397 - agentgate.task.scheduler - INFO - 开始扫描 PENDING 状态任务...
2026-09-01 19:38:03,399 - agentgate.task.scheduler - INFO - 找到 0 个待执行任务
2026-09-01 19:38:13,408 - agentgate.task.scheduler - INFO - 开始扫描 PENDING 状态任务...
2026-09-01 19:38:13,409 - agentgate.task.scheduler - INFO - 找到 0 个待执行任务
2026-09-01 19:38:23,421 - agentgate.task.scheduler - INFO - 开始扫描 PENDING 状态任务...
2026-09-01 19:38:23,423 - agentgate.task.scheduler - INFO - 找到 0 个待执行任务
2026-09-01 19:38:33,435 - agentgate.task.scheduler - INFO - 开始扫描 PENDING 状态任务...
2026-09-01 19:38:33,437 - agentgate.task.scheduler - INFO - 找到 0 个待执行任务
2026-09-01 19:38:43,447 - agentgate.task.scheduler - INFO - 开始扫描 PENDING 状态任务...
2026-09-01 19:38:43,448 - agentgate.task.scheduler - INFO - 找到 0 个待执行任务
2026-09-01 19:38:53,464 - agentgate.task.scheduler - INFO - 开始扫描 PENDING 状态任务...
2026-09-01 19:38:53,465 - agentgate.task.scheduler - INFO - 找到 0 个待执行任务
2026-09-01 19:39:03,474 - agentgate.task.scheduler - INFO - 开始扫描 PENDING 状态任务...
2026-09-01 19:39:03,475 - agentgate.task.scheduler - INFO - 找到 0 个待执行任务
2026-09-01 19:39:13,482 - agentgate.task.scheduler - INFO - 开始扫描 PENDING 状态任务...
2026-09-01 19:39:13,484 - agentgate.task.scheduler - INFO - 找到 0 个待执行任务
2026-09-01 19:39:23,496 - agentgate.task.scheduler - INFO - 开始扫描 PENDING 状态任务...
2026-09-01 19:39:23,497 - agentgate.task.scheduler - INFO - 找到 0 个待执行任务
2026-09-01 19:39:24,063 - agentgate.task.service - INFO - Created task: 4b0432ba-f88a-4b82-b0af-bd19dedb0baf, name: test5
2026-09-01 19:39:33,499 - agentgate.task.scheduler - INFO - 开始扫描 PENDING 状态任务...
2026-09-01 19:39:33,500 - agentgate.task.scheduler - INFO - 找到 0 个待执行任务
2026-09-01 19:39:43,502 - agentgate.task.scheduler - INFO - 开始扫描 PENDING 状态任务...
2026-09-01 19:39:43,504 - agentgate.task.scheduler - INFO - 找到 0 个待执行任务
2026-09-01 19:39:53,513 - agentgate.task.scheduler - INFO - 开始扫描 PENDING 状态任务...
2026-09-01 19:39:53,514 - agentgate.task.scheduler - INFO - 找到 0 个待执行任务
2026-09-01 19:40:03,521 - agentgate.task.scheduler - INFO - 开始扫描 PENDING 状态任务...
2026-09-01 19:40:03,522 - agentgate.task.scheduler - INFO - 找到 0 个待执行任务
2026-09-01 19:40:09,094 - agentgate.task.service - INFO - Created task: 9a37d0b4-bec9-4c88-9e31-8f69ba9143a1, name: test3
2026-09-01 19:40:13,536 - agentgate.task.scheduler - INFO - 开始扫描 PENDING 状态任务...
2026-09-01 19:40:13,537 - agentgate.task.scheduler - INFO - 找到 0 个待执行任务
2026-09-01 19:40:23,545 - agentgate.task.scheduler - INFO - 开始扫描 PENDING 状态任务...
2026-09-01 19:40:23,547 - agentgate.task.scheduler - INFO - 找到 0 个待执行任务
2026-09-01 19:40:33,561 - agentgate.task.scheduler - INFO - 开始扫描 PENDING 状态任务...
2026-09-01 19:40:33,562 - agentgate.task.scheduler - INFO - 找到 0 个待执行任务
2026-09-01 19:40:38,969 - agentgate.task.service - INFO - Created task: 08d3592b-d71d-411c-a753-8a3de111e4cd, name: test5
2026-09-01 19:40:43,568 - agentgate.task.scheduler - INFO - 开始扫描 PENDING 状态任务...
2026-09-01 19:40:43,569 - agentgate.task.scheduler - INFO - 找到 0 个待执行任务
2026-09-01 19:40:53,577 - agentgate.task.scheduler - INFO - 开始扫描 PENDING 状态任务...
2026-09-01 19:40:53,579 - agentgate.task.scheduler - INFO - 找到 0 个待执行任务
2026-09-01 19:41:03,590 - agentgate.task.scheduler - INFO - 开始扫描 PENDING 状态任务...
2026-09-01 19:41:03,591 - agentgate.task.scheduler - INFO - 找到 0 个待执行任务
2026-09-01 19:41:13,595 - agentgate.task.scheduler - INFO - 开始扫描 PENDING 状态任务...
2026-09-01 19:41:13,596 - agentgate.task.scheduler - INFO - 找到 0 个待执行任务
2026-09-01 19:41:23,606 - agentgate.task.scheduler - INFO - 开始扫描 PENDING 状态任务...
2026-09-01 19:41:23,609 - agentgate.task.scheduler - INFO - 找到 0 个待执行任务
2026-09-01 19:41:33,617 - agentgate.task.scheduler - INFO - 开始扫描 PENDING 状态任务...
2026-09-01 19:41:33,619 - agentgate.task.scheduler - INFO - 找到 0 个待执行任务
2026-09-01 19:41:43,624 - agentgate.task.scheduler - INFO - 开始扫描 PENDING 状态任务...
2026-09-01 19:41:43,626 - agentgate.task.scheduler - INFO - 找到 0 个待执行任务
2026-09-01 19:41:53,627 - agentgate.task.scheduler - INFO - 开始扫描 PENDING 状态任务...
2026-09-01 19:41:53,629 - agentgate.task.scheduler - INFO - 找到 0 个待执行任务
2026-09-01 19:42:03,644 - agentgate.task.scheduler - INFO - 开始扫描 PENDING 状态任务...
2026-09-01 19:42:03,646 - agentgate.task.scheduler - INFO - 找到 0 个待执行任务
2026-09-01 19:42:13,660 - agentgate.task.scheduler - INFO - 开始扫描 PENDING 状态任务...
2026-09-01 19:42:13,662 - agentgate.task.scheduler - INFO - 找到 0 个待执行任务
2026-09-01 19:42:23,666 - agentgate.task.scheduler - INFO - 开始扫描 PENDING 状态任务...
2026-09-01 19:42:23,668 - agentgate.task.scheduler - INFO - 找到 0 个待执行任务
2026-09-01 19:42:33,679 - agentgate.task.scheduler - INFO - 开始扫描 PENDING 状态任务...
2026-09-01 19:42:33,681 - agentgate.task.scheduler - INFO - 找到 0 个待执行任务
2026-09-01 19:42:43,686 - agentgate.task.scheduler - INFO - 开始扫描 PENDING 状态任务...
2026-09-01 19:42:43,687 - agentgate.task.scheduler - INFO - 找到 0 个待执行任务
2026-09-01 19:42:53,701 - agentgate.task.scheduler - INFO - 开始扫描 PENDING 状态任务...
2026-09-01 19:42:53,703 - agentgate.task.scheduler - INFO - 找到 0 个待执行任务
2026-09-01 19:43:03,717 - agentgate.task.scheduler - INFO - 开始扫描 PENDING 状态任务...
2026-09-01 19:43:03,719 - agentgate.task.scheduler - INFO - 找到 0 个待执行任务
2026-09-01 19:43:13,722 - agentgate.task.scheduler - INFO - 开始扫描 PENDING 状态任务...
2026-09-01 19:43:13,724 - agentgate.task.scheduler - INFO - 找到 0 个待执行任务
2026-09-01 19:43:23,726 - agentgate.task.scheduler - INFO - 开始扫描 PENDING 状态任务...
2026-09-01 19:43:23,728 - agentgate.task.scheduler - INFO - 找到 0 个待执行任务
2026-09-01 19:43:33,739 - agentgate.task.scheduler - INFO - 开始扫描 PENDING 状态任务...
2026-09-01 19:43:33,741 - agentgate.task.scheduler - INFO - 找到 0 个待执行任务
2026-09-01 19:43:43,756 - agentgate.task.scheduler - INFO - 开始扫描 PENDING 状态任务...
2026-09-01 19:43:43,758 - agentgate.task.scheduler - INFO - 找到 0 个待执行任务
2026-09-01 19:43:53,767 - agentgate.task.scheduler - INFO - 开始扫描 PENDING 状态任务...
2026-09-01 19:43:53,768 - agentgate.task.scheduler - INFO - 找到 0 个待执行任务
2026-09-01 19:44:03,783 - agentgate.task.scheduler - INFO - 开始扫描 PENDING 状态任务...
2026-09-01 19:44:03,784 - agentgate.task.scheduler - INFO - 找到 0 个待执行任务
2026-09-01 19:44:13,795 - agentgate.task.scheduler - INFO - 开始扫描 PENDING 状态任务...
2026-09-01 19:44:13,797 - agentgate.task.scheduler - INFO - 找到 0 个待执行任务
2026-09-01 19:44:23,811 - agentgate.task.scheduler - INFO - 开始扫描 PENDING 状态任务...
2026-09-01 19:44:23,812 - agentgate.task.scheduler - INFO - 找到 0 个待执行任务
2026-09-01 19:44:33,817 - agentgate.task.scheduler - INFO - 开始扫描 PENDING 状态任务...
2026-09-01 19:44:33,818 - agentgate.task.scheduler - INFO - 找到 0 个待执行任务
2026-09-01 19:44:43,825 - agentgate.task.scheduler - INFO - 开始扫描 PENDING 状态任务...
2026-09-01 19:44:43,826 - agentgate.task.scheduler - INFO - 找到 0 个待执行任务
2026-09-01 19:44:51,666 - agentgate.task.service - INFO - Created task: 5643407f-9260-43c7-a832-bcc6944cb1a0, name: 时间测试任务
2026-09-01 19:44:53,832 - agentgate.task.scheduler - INFO - 开始扫描 PENDING 状态任务...
2026-09-01 19:44:53,834 - agentgate.task.scheduler - INFO - 找到 0 个待执行任务
2026-09-01 19:45:03,845 - agentgate.task.scheduler - INFO - 开始扫描 PENDING 状态任务...
2026-09-01 19:45:03,847 - agentgate.task.scheduler - INFO - 找到 0 个待执行任务
2026-09-01 19:45:13,862 - agentgate.task.scheduler - INFO - 开始扫描 PENDING 状态任务...
2026-09-01 19:45:13,863 - agentgate.task.scheduler - INFO - 找到 0 个待执行任务
2026-09-01 19:45:23,876 - agentgate.task.scheduler - INFO - 开始扫描 PENDING 状态任务...
2026-09-01 19:45:23,878 - agentgate.task.scheduler - INFO - 找到 0 个待执行任务
2026-09-01 19:45:33,884 - agentgate.task.scheduler - INFO - 开始扫描 PENDING 状态任务...
2026-09-01 19:45:33,885 - agentgate.task.scheduler - INFO - 找到 0 个待执行任务
2026-09-01 19:45:43,890 - agentgate.task.scheduler - INFO - 开始扫描 PENDING 状态任务...
2026-09-01 19:45:43,892 - agentgate.task.scheduler - INFO - 找到 0 个待执行任务
2026-09-01 19:45:53,900 - agentgate.task.scheduler - INFO - 开始扫描 PENDING 状态任务...
2026-09-01 19:45:53,902 - agentgate.task.scheduler - INFO - 找到 0 个待执行任务
2026-09-01 19:46:03,909 - agentgate.task.scheduler - INFO - 开始扫描 PENDING 状态任务...
2026-09-01 19:46:03,911 - agentgate.task.scheduler - INFO - 找到 0 个待执行任务
2026-09-01 19:46:13,921 - agentgate.task.scheduler - INFO - 开始扫描 PENDING 状态任务...
2026-09-01 19:46:13,923 - agentgate.task.scheduler - INFO - 找到 0 个待执行任务
2026-09-01 19:46:23,933 - agentgate.task.scheduler - INFO - 开始扫描 PENDING 状态任务...
2026-09-01 19:46:23,935 - agentgate.task.scheduler - INFO - 找到 0 个待执行任务
2026-09-01 19:46:33,936 - agentgate.task.scheduler - INFO - 开始扫描 PENDING 状态任务...
2026-09-01 19:46:33,937 - agentgate.task.scheduler - INFO - 找到 0 个待执行任务
2026-09-01 19:46:43,951 - agentgate.task.scheduler - INFO - 开始扫描 PENDING 状态任务...
2026-09-01 19:46:43,953 - agentgate.task.scheduler - INFO - 找到 0 个待执行任务
2026-09-01 19:46:53,959 - agentgate.task.scheduler - INFO - 开始扫描 PENDING 状态任务...
2026-09-01 19:46:53,961 - agentgate.task.scheduler - INFO - 找到 0 个待执行任务
2026-09-01 19:47:03,977 - agentgate.task.scheduler - INFO - 开始扫描 PENDING 状态任务...
2026-09-01 19:47:03,979 - agentgate.task.scheduler - INFO - 找到 0 个待执行任务
2026-09-01 19:47:13,982 - agentgate.task.scheduler - INFO - 开始扫描 PENDING 状态任务...
2026-09-01 19:47:13,983 - agentgate.task.scheduler - INFO - 找到 0 个待执行任务
2026-09-01 19:47:23,987 - agentgate.task.scheduler - INFO - 开始扫描 PENDING 状态任务...
2026-09-01 19:47:23,989 - agentgate.task.scheduler - INFO - 找到 0 个待执行任务
2026-09-01 19:47:33,994 - agentgate.task.scheduler - INFO - 开始扫描 PENDING 状态任务...
2026-09-01 19:47:33,996 - agentgate.task.scheduler - INFO - 找到 0 个待执行任务
2026-09-01 19:47:44,009 - agentgate.task.scheduler - INFO - 开始扫描 PENDING 状态任务...
2026-09-01 19:47:44,011 - agentgate.task.scheduler - INFO - 找到 0 个待执行任务
2026-09-01 19:47:54,021 - agentgate.task.scheduler - INFO - 开始扫描 PENDING 状态任务...
2026-09-01 19:47:54,022 - agentgate.task.scheduler - INFO - 找到 0 个待执行任务
2026-09-01 19:48:04,025 - agentgate.task.scheduler - INFO - 开始扫描 PENDING 状态任务...
2026-09-01 19:48:04,027 - agentgate.task.scheduler - INFO - 找到 0 个待执行任务
2026-09-01 19:48:14,040 - agentgate.task.scheduler - INFO - 开始扫描 PENDING 状态任务...
2026-09-01 19:48:14,042 - agentgate.task.scheduler - INFO - 找到 0 个待执行任务
2026-09-01 19:48:24,043 - agentgate.task.scheduler - INFO - 开始扫描 PENDING 状态任务...
2026-09-01 19:48:24,045 - agentgate.task.scheduler - INFO - 找到 0 个待执行任务
2026-09-01 19:48:34,048 - agentgate.task.scheduler - INFO - 开始扫描 PENDING 状态任务...
2026-09-01 19:48:34,049 - agentgate.task.scheduler - INFO - 找到 0 个待执行任务
2026-09-01 19:48:44,059 - agentgate.task.scheduler - INFO - 开始扫描 PENDING 状态任务...
2026-09-01 19:48:44,061 - agentgate.task.scheduler - INFO - 找到 0 个待执行任务
2026-09-01 19:48:50,289 - src.agentgate.server.application - INFO - 日志系统初始化完成
2026-09-01 19:48:50,290 - src.agentgate.server.application - INFO - 使用数据库: agentgate.db
2026-09-01 19:48:50,344 - src.agentgate.server.application - INFO - 调度器任务已创建
2026-09-01 19:48:50,344 - agentgate.task.scheduler - INFO - 任务调度器已启动，扫描间隔: 10秒
2026-09-01 19:48:50,345 - agentgate.task.service - INFO - 调度器已启动，间隔: 10秒
2026-09-01 19:48:50,354 - agentgate.task.scheduler - INFO - 开始扫描 PENDING 状态任务...
2026-09-01 19:48:50,362 - agentgate.task.scheduler - INFO - 找到 0 个待执行任务
2026-09-01 19:49:00,375 - agentgate.task.scheduler - INFO - 开始扫描 PENDING 状态任务...
2026-09-01 19:49:00,377 - agentgate.task.scheduler - INFO - 找到 0 个待执行任务
2026-09-01 19:49:10,379 - agentgate.task.scheduler - INFO - 开始扫描 PENDING 状态任务...
2026-09-01 19:49:10,380 - agentgate.task.scheduler - INFO - 找到 0 个待执行任务
2026-09-01 19:49:20,382 - agentgate.task.scheduler - INFO - 开始扫描 PENDING 状态任务...
2026-09-01 19:49:20,383 - agentgate.task.scheduler - INFO - 找到 0 个待执行任务
2026-09-01 19:49:30,386 - agentgate.task.scheduler - INFO - 开始扫描 PENDING 状态任务...
2026-09-01 19:49:30,387 - agentgate.task.scheduler - INFO - 找到 0 个待执行任务
2026-09-01 19:49:40,403 - agentgate.task.scheduler - INFO - 开始扫描 PENDING 状态任务...
2026-09-01 19:49:40,404 - agentgate.task.scheduler - INFO - 找到 0 个待执行任务
2026-09-01 19:49:50,406 - agentgate.task.scheduler - INFO - 开始扫描 PENDING 状态任务...
2026-09-01 19:49:50,408 - agentgate.task.scheduler - INFO - 找到 0 个待执行任务
2026-09-01 19:50:00,422 - agentgate.task.scheduler - INFO - 开始扫描 PENDING 状态任务...
2026-09-01 19:50:00,424 - agentgate.task.scheduler - INFO - 找到 0 个待执行任务
2026-09-01 19:50:10,435 - agentgate.task.scheduler - INFO - 开始扫描 PENDING 状态任务...
2026-09-01 19:50:10,436 - agentgate.task.scheduler - INFO - 找到 0 个待执行任务
2026-09-01 19:50:20,449 - agentgate.task.scheduler - INFO - 开始扫描 PENDING 状态任务...
2026-09-01 19:50:20,451 - agentgate.task.scheduler - INFO - 找到 0 个待执行任务
2026-09-01 19:50:30,454 - agentgate.task.scheduler - INFO - 开始扫描 PENDING 状态任务...
2026-09-01 19:50:30,455 - agentgate.task.scheduler - INFO - 找到 0 个待执行任务
2026-09-01 19:50:40,462 - agentgate.task.scheduler - INFO - 开始扫描 PENDING 状态任务...
2026-09-01 19:50:40,464 - agentgate.task.scheduler - INFO - 找到 0 个待执行任务
2026-09-01 19:50:50,467 - agentgate.task.scheduler - INFO - 开始扫描 PENDING 状态任务...
2026-09-01 19:50:50,468 - agentgate.task.scheduler - INFO - 找到 0 个待执行任务
2026-09-01 19:51:00,482 - agentgate.task.scheduler - INFO - 开始扫描 PENDING 状态任务...
2026-09-01 19:51:00,483 - agentgate.task.scheduler - INFO - 找到 0 个待执行任务
2026-09-01 19:51:10,485 - agentgate.task.scheduler - INFO - 开始扫描 PENDING 状态任务...
2026-09-01 19:51:10,486 - agentgate.task.scheduler - INFO - 找到 0 个待执行任务
2026-09-01 19:51:20,492 - agentgate.task.scheduler - INFO - 开始扫描 PENDING 状态任务...
2026-09-01 19:51:20,493 - agentgate.task.scheduler - INFO - 找到 0 个待执行任务
2026-09-01 19:51:30,505 - agentgate.task.scheduler - INFO - 开始扫描 PENDING 状态任务...
2026-09-01 19:51:30,507 - agentgate.task.scheduler - INFO - 找到 0 个待执行任务
2026-09-01 19:51:40,517 - agentgate.task.scheduler - INFO - 开始扫描 PENDING 状态任务...
2026-09-01 19:51:40,518 - agentgate.task.scheduler - INFO - 找到 0 个待执行任务
2026-09-01 19:51:50,521 - agentgate.task.scheduler - INFO - 开始扫描 PENDING 状态任务...
2026-09-01 19:51:50,523 - agentgate.task.scheduler - INFO - 找到 0 个待执行任务
2026-09-01 19:52:00,533 - agentgate.task.scheduler - INFO - 开始扫描 PENDING 状态任务...
2026-09-01 19:52:00,535 - agentgate.task.scheduler - INFO - 找到 0 个待执行任务
2026-09-01 19:52:10,543 - agentgate.task.scheduler - INFO - 开始扫描 PENDING 状态任务...
2026-09-01 19:52:10,544 - agentgate.task.scheduler - INFO - 找到 0 个待执行任务
2026-09-01 19:52:20,547 - agentgate.task.scheduler - INFO - 开始扫描 PENDING 状态任务...
2026-09-01 19:52:20,549 - agentgate.task.scheduler - INFO - 找到 0 个待执行任务
2026-09-01 19:52:30,559 - agentgate.task.scheduler - INFO - 开始扫描 PENDING 状态任务...
2026-09-01 19:52:30,560 - agentgate.task.scheduler - INFO - 找到 0 个待执行任务
2026-09-01 19:52:40,570 - agentgate.task.scheduler - INFO - 开始扫描 PENDING 状态任务...
2026-09-01 19:52:40,572 - agentgate.task.scheduler - INFO - 找到 0 个待执行任务
2026-09-01 19:52:50,574 - agentgate.task.scheduler - INFO - 开始扫描 PENDING 状态任务...
2026-09-01 19:52:50,575 - agentgate.task.scheduler - INFO - 找到 0 个待执行任务
2026-09-01 19:53:00,584 - agentgate.task.scheduler - INFO - 开始扫描 PENDING 状态任务...
2026-09-01 19:53:00,586 - agentgate.task.scheduler - INFO - 找到 0 个待执行任务
2026-09-01 19:53:10,587 - agentgate.task.scheduler - INFO - 开始扫描 PENDING 状态任务...
2026-09-01 19:53:10,589 - agentgate.task.scheduler - INFO - 找到 0 个待执行任务
2026-09-01 19:53:20,599 - agentgate.task.scheduler - INFO - 开始扫描 PENDING 状态任务...
2026-09-01 19:53:20,601 - agentgate.task.scheduler - INFO - 找到 0 个待执行任务
2026-09-01 19:53:30,604 - agentgate.task.scheduler - INFO - 开始扫描 PENDING 状态任务...
2026-09-01 19:53:30,605 - agentgate.task.scheduler - INFO - 找到 0 个待执行任务
2026-09-01 19:53:40,608 - agentgate.task.scheduler - INFO - 开始扫描 PENDING 状态任务...
2026-09-01 19:53:40,609 - agentgate.task.scheduler - INFO - 找到 0 个待执行任务
2026-09-01 19:53:50,621 - agentgate.task.scheduler - INFO - 开始扫描 PENDING 状态任务...
2026-09-01 19:53:50,622 - agentgate.task.scheduler - INFO - 找到 0 个待执行任务
2026-09-01 19:54:00,638 - agentgate.task.scheduler - INFO - 开始扫描 PENDING 状态任务...
2026-09-01 19:54:00,639 - agentgate.task.scheduler - INFO - 找到 0 个待执行任务
2026-09-01 19:54:10,641 - agentgate.task.scheduler - INFO - 开始扫描 PENDING 状态任务...
2026-09-01 19:54:10,643 - agentgate.task.scheduler - INFO - 找到 0 个待执行任务
2026-09-01 19:54:20,652 - agentgate.task.scheduler - INFO - 开始扫描 PENDING 状态任务...
2026-09-01 19:54:20,653 - agentgate.task.scheduler - INFO - 找到 0 个待执行任务
2026-09-01 19:54:30,669 - agentgate.task.scheduler - INFO - 开始扫描 PENDING 状态任务...
2026-09-01 19:54:30,670 - agentgate.task.scheduler - INFO - 找到 0 个待执行任务
2026-09-01 19:54:40,672 - agentgate.task.scheduler - INFO - 开始扫描 PENDING 状态任务...
2026-09-01 19:54:40,673 - agentgate.task.scheduler - INFO - 找到 0 个待执行任务
2026-09-01 19:54:50,680 - agentgate.task.scheduler - INFO - 开始扫描 PENDING 状态任务...
2026-09-01 19:54:50,682 - agentgate.task.scheduler - INFO - 找到 0 个待执行任务
2026-09-01 19:54:55,690 - agentgate.task.service - INFO - Created task: d9f1d412-bc40-4e45-a5d1-07cff777f6cf, name: test3
2026-09-01 19:55:00,695 - agentgate.task.scheduler - INFO - 开始扫描 PENDING 状态任务...
2026-09-01 19:55:00,697 - agentgate.task.scheduler - INFO - 找到 0 个待执行任务
2026-09-01 19:55:10,703 - agentgate.task.scheduler - INFO - 开始扫描 PENDING 状态任务...
2026-09-01 19:55:10,704 - agentgate.task.scheduler - INFO - 找到 0 个待执行任务
2026-09-01 19:55:20,716 - agentgate.task.scheduler - INFO - 开始扫描 PENDING 状态任务...
2026-09-01 19:55:20,717 - agentgate.task.scheduler - INFO - 找到 0 个待执行任务
2026-09-01 19:55:30,730 - agentgate.task.scheduler - INFO - 开始扫描 PENDING 状态任务...
2026-09-01 19:55:30,731 - agentgate.task.scheduler - INFO - 找到 0 个待执行任务
2026-09-01 19:55:40,737 - agentgate.task.scheduler - INFO - 开始扫描 PENDING 状态任务...
2026-09-01 19:55:40,738 - agentgate.task.scheduler - INFO - 找到 0 个待执行任务
2026-09-01 19:55:50,748 - agentgate.task.scheduler - INFO - 开始扫描 PENDING 状态任务...
2026-09-01 19:55:50,750 - agentgate.task.scheduler - INFO - 找到 0 个待执行任务
2026-09-01 19:56:00,766 - agentgate.task.scheduler - INFO - 开始扫描 PENDING 状态任务...
2026-09-01 19:56:00,767 - agentgate.task.scheduler - INFO - 找到 0 个待执行任务
2026-09-01 19:56:10,773 - agentgate.task.scheduler - INFO - 开始扫描 PENDING 状态任务...
2026-09-01 19:56:10,774 - agentgate.task.scheduler - INFO - 找到 0 个待执行任务
2026-09-01 19:56:20,780 - agentgate.task.scheduler - INFO - 开始扫描 PENDING 状态任务...
2026-09-01 19:56:20,782 - agentgate.task.scheduler - INFO - 找到 0 个待执行任务
2026-09-01 19:56:30,782 - agentgate.task.scheduler - INFO - 开始扫描 PENDING 状态任务...
2026-09-01 19:56:30,783 - agentgate.task.scheduler - INFO - 找到 0 个待执行任务
2026-09-01 19:56:40,790 - agentgate.task.scheduler - INFO - 开始扫描 PENDING 状态任务...
2026-09-01 19:56:40,791 - agentgate.task.scheduler - INFO - 找到 0 个待执行任务
2026-09-01 19:56:50,792 - agentgate.task.scheduler - INFO - 开始扫描 PENDING 状态任务...
2026-09-01 19:56:50,793 - agentgate.task.scheduler - INFO - 找到 0 个待执行任务
2026-09-01 19:57:00,803 - agentgate.task.scheduler - INFO - 开始扫描 PENDING 状态任务...
2026-09-01 19:57:00,804 - agentgate.task.scheduler - INFO - 找到 0 个待执行任务
2026-09-01 19:57:10,813 - agentgate.task.scheduler - INFO - 开始扫描 PENDING 状态任务...
2026-09-01 19:57:10,814 - agentgate.task.scheduler - INFO - 找到 0 个待执行任务
2026-09-01 19:57:20,829 - agentgate.task.scheduler - INFO - 开始扫描 PENDING 状态任务...
2026-09-01 19:57:20,830 - agentgate.task.scheduler - INFO - 找到 0 个待执行任务
2026-09-01 19:57:30,843 - agentgate.task.scheduler - INFO - 开始扫描 PENDING 状态任务...
2026-09-01 19:57:30,845 - agentgate.task.scheduler - INFO - 找到 0 个待执行任务
2026-09-01 19:57:40,846 - agentgate.task.scheduler - INFO - 开始扫描 PENDING 状态任务...
2026-09-01 19:57:40,847 - agentgate.task.scheduler - INFO - 找到 0 个待执行任务
2026-09-01 19:57:50,852 - agentgate.task.scheduler - INFO - 开始扫描 PENDING 状态任务...
2026-09-01 19:57:50,853 - agentgate.task.scheduler - INFO - 找到 0 个待执行任务
2026-09-01 19:58:00,867 - agentgate.task.scheduler - INFO - 开始扫描 PENDING 状态任务...
2026-09-01 19:58:00,868 - agentgate.task.scheduler - INFO - 找到 0 个待执行任务
2026-09-01 19:58:10,878 - agentgate.task.scheduler - INFO - 开始扫描 PENDING 状态任务...
2026-09-01 19:58:10,879 - agentgate.task.scheduler - INFO - 找到 0 个待执行任务
2026-09-01 19:58:20,889 - agentgate.task.scheduler - INFO - 开始扫描 PENDING 状态任务...
2026-09-01 19:58:20,890 - agentgate.task.scheduler - INFO - 找到 0 个待执行任务
2026-09-01 19:58:30,891 - agentgate.task.scheduler - INFO - 开始扫描 PENDING 状态任务...
2026-09-01 19:58:30,893 - agentgate.task.scheduler - INFO - 找到 0 个待执行任务
2026-09-01 19:58:40,907 - agentgate.task.scheduler - INFO - 开始扫描 PENDING 状态任务...
2026-09-01 19:58:40,909 - agentgate.task.scheduler - INFO - 找到 0 个待执行任务
2026-09-01 19:58:50,916 - agentgate.task.scheduler - INFO - 开始扫描 PENDING 状态任务...
2026-09-01 19:58:50,918 - agentgate.task.scheduler - INFO - 找到 0 个待执行任务
2026-09-01 19:59:00,924 - agentgate.task.scheduler - INFO - 开始扫描 PENDING 状态任务...
2026-09-01 19:59:00,926 - agentgate.task.scheduler - INFO - 找到 0 个待执行任务
2026-09-01 19:59:02,821 - agentgate.task.service - INFO - Created task: 85b1ba0d-cb9a-43f0-a3b6-e7aa0d3e7d48, name: test2
2026-09-01 19:59:10,934 - agentgate.task.scheduler - INFO - 开始扫描 PENDING 状态任务...
2026-09-01 19:59:10,936 - agentgate.task.scheduler - INFO - 找到 0 个待执行任务
2026-09-01 19:59:20,941 - agentgate.task.scheduler - INFO - 开始扫描 PENDING 状态任务...
2026-09-01 19:59:20,943 - agentgate.task.scheduler - INFO - 找到 0 个待执行任务
2026-09-01 19:59:30,950 - agentgate.task.scheduler - INFO - 开始扫描 PENDING 状态任务...
2026-09-01 19:59:30,951 - agentgate.task.scheduler - INFO - 找到 0 个待执行任务
2026-09-01 19:59:36,291 - agentgate.task.service - INFO - Created task: 1defbde2-c901-4a71-86f0-30e517a0e917, name: test4
2026-09-01 19:59:40,963 - agentgate.task.scheduler - INFO - 开始扫描 PENDING 状态任务...
2026-09-01 19:59:40,964 - agentgate.task.scheduler - INFO - 找到 0 个待执行任务
2026-09-01 19:59:50,978 - agentgate.task.scheduler - INFO - 开始扫描 PENDING 状态任务...
2026-09-01 19:59:50,979 - agentgate.task.scheduler - INFO - 找到 0 个待执行任务
2026-09-01 20:00:00,991 - agentgate.task.scheduler - INFO - 开始扫描 PENDING 状态任务...
2026-09-01 20:00:00,993 - agentgate.task.scheduler - INFO - 找到 0 个待执行任务
2026-09-01 20:00:10,998 - agentgate.task.scheduler - INFO - 开始扫描 PENDING 状态任务...
2026-09-01 20:00:10,999 - agentgate.task.scheduler - INFO - 找到 0 个待执行任务
2026-09-01 20:00:21,006 - agentgate.task.scheduler - INFO - 开始扫描 PENDING 状态任务...
2026-09-01 20:00:21,008 - agentgate.task.scheduler - INFO - 找到 0 个待执行任务
2026-09-01 20:00:31,024 - agentgate.task.scheduler - INFO - 开始扫描 PENDING 状态任务...
2026-09-01 20:00:31,026 - agentgate.task.scheduler - INFO - 找到 0 个待执行任务
2026-09-01 20:00:41,039 - agentgate.task.scheduler - INFO - 开始扫描 PENDING 状态任务...
2026-09-01 20:00:41,040 - agentgate.task.scheduler - INFO - 找到 0 个待执行任务
2026-09-01 20:00:51,050 - agentgate.task.scheduler - INFO - 开始扫描 PENDING 状态任务...
2026-09-01 20:00:51,052 - agentgate.task.scheduler - INFO - 找到 0 个待执行任务
2026-09-01 20:01:01,065 - agentgate.task.scheduler - INFO - 开始扫描 PENDING 状态任务...
2026-09-01 20:01:01,066 - agentgate.task.scheduler - INFO - 找到 0 个待执行任务
2026-09-01 20:01:11,072 - agentgate.task.scheduler - INFO - 开始扫描 PENDING 状态任务...
2026-09-01 20:01:11,073 - agentgate.task.scheduler - INFO - 找到 0 个待执行任务
2026-09-01 20:01:21,076 - agentgate.task.scheduler - INFO - 开始扫描 PENDING 状态任务...
2026-09-01 20:01:21,078 - agentgate.task.scheduler - INFO - 找到 0 个待执行任务
2026-09-01 20:01:31,088 - agentgate.task.scheduler - INFO - 开始扫描 PENDING 状态任务...
2026-09-01 20:01:31,089 - agentgate.task.scheduler - INFO - 找到 0 个待执行任务
2026-09-01 20:01:41,094 - agentgate.task.scheduler - INFO - 开始扫描 PENDING 状态任务...
2026-09-01 20:01:41,095 - agentgate.task.scheduler - INFO - 找到 0 个待执行任务
2026-09-01 20:01:51,104 - agentgate.task.scheduler - INFO - 开始扫描 PENDING 状态任务...
2026-09-01 20:01:51,106 - agentgate.task.scheduler - INFO - 找到 0 个待执行任务
2026-09-01 20:02:01,116 - agentgate.task.scheduler - INFO - 开始扫描 PENDING 状态任务...
2026-09-01 20:02:01,118 - agentgate.task.scheduler - INFO - 找到 0 个待执行任务
2026-09-01 20:02:11,131 - agentgate.task.scheduler - INFO - 开始扫描 PENDING 状态任务...
2026-09-01 20:02:11,132 - agentgate.task.scheduler - INFO - 找到 0 个待执行任务
2026-09-01 20:02:21,135 - agentgate.task.scheduler - INFO - 开始扫描 PENDING 状态任务...
2026-09-01 20:02:21,137 - agentgate.task.scheduler - INFO - 找到 0 个待执行任务
2026-09-01 20:02:31,146 - agentgate.task.scheduler - INFO - 开始扫描 PENDING 状态任务...
2026-09-01 20:02:31,147 - agentgate.task.scheduler - INFO - 找到 0 个待执行任务
2026-09-01 20:02:41,153 - agentgate.task.scheduler - INFO - 开始扫描 PENDING 状态任务...
2026-09-01 20:02:41,154 - agentgate.task.scheduler - INFO - 找到 0 个待执行任务
2026-09-01 20:02:51,159 - agentgate.task.scheduler - INFO - 开始扫描 PENDING 状态任务...
2026-09-01 20:02:51,161 - agentgate.task.scheduler - INFO - 找到 0 个待执行任务
2026-09-01 20:03:01,172 - agentgate.task.scheduler - INFO - 开始扫描 PENDING 状态任务...
2026-09-01 20:03:01,175 - agentgate.task.scheduler - INFO - 找到 0 个待执行任务
2026-09-01 20:03:11,179 - agentgate.task.scheduler - INFO - 开始扫描 PENDING 状态任务...
2026-09-01 20:03:11,180 - agentgate.task.scheduler - INFO - 找到 0 个待执行任务
2026-09-01 20:03:21,190 - agentgate.task.scheduler - INFO - 开始扫描 PENDING 状态任务...
2026-09-01 20:03:21,192 - agentgate.task.scheduler - INFO - 找到 0 个待执行任务
2026-09-01 20:03:31,195 - agentgate.task.scheduler - INFO - 开始扫描 PENDING 状态任务...
2026-09-01 20:03:31,196 - agentgate.task.scheduler - INFO - 找到 0 个待执行任务
2026-09-01 20:03:41,199 - agentgate.task.scheduler - INFO - 开始扫描 PENDING 状态任务...
2026-09-01 20:03:41,200 - agentgate.task.scheduler - INFO - 找到 0 个待执行任务
2026-09-01 20:03:51,206 - agentgate.task.scheduler - INFO - 开始扫描 PENDING 状态任务...
2026-09-01 20:03:51,207 - agentgate.task.scheduler - INFO - 找到 0 个待执行任务
2026-09-01 20:04:01,215 - agentgate.task.scheduler - INFO - 开始扫描 PENDING 状态任务...
2026-09-01 20:04:01,217 - agentgate.task.scheduler - INFO - 找到 0 个待执行任务
2026-09-01 20:04:11,230 - agentgate.task.scheduler - INFO - 开始扫描 PENDING 状态任务...
2026-09-01 20:04:11,232 - agentgate.task.scheduler - INFO - 找到 0 个待执行任务
2026-09-01 20:04:21,245 - agentgate.task.scheduler - INFO - 开始扫描 PENDING 状态任务...
2026-09-01 20:04:21,247 - agentgate.task.scheduler - INFO - 找到 0 个待执行任务
2026-09-01 20:04:31,254 - agentgate.task.scheduler - INFO - 开始扫描 PENDING 状态任务...
2026-09-01 20:04:31,255 - agentgate.task.scheduler - INFO - 找到 0 个待执行任务
2026-09-01 20:04:41,256 - agentgate.task.scheduler - INFO - 开始扫描 PENDING 状态任务...
2026-09-01 20:04:41,257 - agentgate.task.scheduler - INFO - 找到 0 个待执行任务
2026-09-01 20:04:51,265 - agentgate.task.scheduler - INFO - 开始扫描 PENDING 状态任务...
2026-09-01 20:04:51,267 - agentgate.task.scheduler - INFO - 找到 0 个待执行任务
2026-09-01 20:05:01,282 - agentgate.task.scheduler - INFO - 开始扫描 PENDING 状态任务...
2026-09-01 20:05:01,283 - agentgate.task.scheduler - INFO - 找到 0 个待执行任务
2026-09-01 20:05:11,295 - agentgate.task.scheduler - INFO - 开始扫描 PENDING 状态任务...
2026-09-01 20:05:11,296 - agentgate.task.scheduler - INFO - 找到 0 个待执行任务
2026-09-01 20:05:21,304 - agentgate.task.scheduler - INFO - 开始扫描 PENDING 状态任务...
2026-09-01 20:05:21,306 - agentgate.task.scheduler - INFO - 找到 0 个待执行任务
2026-09-01 20:05:31,314 - agentgate.task.scheduler - INFO - 开始扫描 PENDING 状态任务...
2026-09-01 20:05:31,315 - agentgate.task.scheduler - INFO - 找到 0 个待执行任务
2026-09-01 20:05:41,328 - agentgate.task.scheduler - INFO - 开始扫描 PENDING 状态任务...
2026-09-01 20:05:41,329 - agentgate.task.scheduler - INFO - 找到 0 个待执行任务
2026-09-01 20:05:51,340 - agentgate.task.scheduler - INFO - 开始扫描 PENDING 状态任务...
2026-09-01 20:05:51,341 - agentgate.task.scheduler - INFO - 找到 0 个待执行任务
2026-09-01 20:06:01,349 - agentgate.task.scheduler - INFO - 开始扫描 PENDING 状态任务...
2026-09-01 20:06:01,350 - agentgate.task.scheduler - INFO - 找到 0 个待执行任务
2026-09-01 20:06:11,352 - agentgate.task.scheduler - INFO - 开始扫描 PENDING 状态任务...
2026-09-01 20:06:11,353 - agentgate.task.scheduler - INFO - 找到 0 个待执行任务
2026-09-01 20:06:21,354 - agentgate.task.scheduler - INFO - 开始扫描 PENDING 状态任务...
2026-09-01 20:06:21,355 - agentgate.task.scheduler - INFO - 找到 0 个待执行任务
2026-09-01 20:06:31,361 - agentgate.task.scheduler - INFO - 开始扫描 PENDING 状态任务...
2026-09-01 20:06:31,362 - agentgate.task.scheduler - INFO - 找到 0 个待执行任务
2026-09-01 20:06:41,378 - agentgate.task.scheduler - INFO - 开始扫描 PENDING 状态任务...
2026-09-01 20:06:41,379 - agentgate.task.scheduler - INFO - 找到 0 个待执行任务
2026-09-01 20:06:51,385 - agentgate.task.scheduler - INFO - 开始扫描 PENDING 状态任务...
2026-09-01 20:06:51,386 - agentgate.task.scheduler - INFO - 找到 0 个待执行任务
2026-09-01 20:07:01,394 - agentgate.task.scheduler - INFO - 开始扫描 PENDING 状态任务...
2026-09-01 20:07:01,396 - agentgate.task.scheduler - INFO - 找到 0 个待执行任务
2026-09-01 20:07:11,408 - agentgate.task.scheduler - INFO - 开始扫描 PENDING 状态任务...
2026-09-01 20:07:11,409 - agentgate.task.scheduler - INFO - 找到 0 个待执行任务
2026-09-01 20:07:21,414 - agentgate.task.scheduler - INFO - 开始扫描 PENDING 状态任务...
2026-09-01 20:07:21,416 - agentgate.task.scheduler - INFO - 找到 0 个待执行任务
2026-09-01 20:07:31,427 - agentgate.task.scheduler - INFO - 开始扫描 PENDING 状态任务...
2026-09-01 20:07:31,428 - agentgate.task.scheduler - INFO - 找到 0 个待执行任务
2026-09-01 20:07:41,440 - agentgate.task.scheduler - INFO - 开始扫描 PENDING 状态任务...
2026-09-01 20:07:41,441 - agentgate.task.scheduler - INFO - 找到 0 个待执行任务
2026-09-01 20:07:51,444 - agentgate.task.scheduler - INFO - 开始扫描 PENDING 状态任务...
2026-09-01 20:07:51,446 - agentgate.task.scheduler - INFO - 找到 0 个待执行任务
2026-09-01 20:08:01,459 - agentgate.task.scheduler - INFO - 开始扫描 PENDING 状态任务...
2026-09-01 20:08:01,460 - agentgate.task.scheduler - INFO - 找到 0 个待执行任务
2026-09-01 20:08:11,476 - agentgate.task.scheduler - INFO - 开始扫描 PENDING 状态任务...
2026-09-01 20:08:11,477 - agentgate.task.scheduler - INFO - 找到 0 个待执行任务
2026-09-01 20:08:21,486 - agentgate.task.scheduler - INFO - 开始扫描 PENDING 状态任务...
2026-09-01 20:08:21,488 - agentgate.task.scheduler - INFO - 找到 0 个待执行任务
2026-09-01 20:08:31,496 - agentgate.task.scheduler - INFO - 开始扫描 PENDING 状态任务...
2026-09-01 20:08:31,498 - agentgate.task.scheduler - INFO - 找到 0 个待执行任务
2026-09-01 20:08:41,506 - agentgate.task.scheduler - INFO - 开始扫描 PENDING 状态任务...
2026-09-01 20:08:41,508 - agentgate.task.scheduler - INFO - 找到 0 个待执行任务
2026-09-01 20:08:51,521 - agentgate.task.scheduler - INFO - 开始扫描 PENDING 状态任务...
2026-09-01 20:08:51,523 - agentgate.task.scheduler - INFO - 找到 0 个待执行任务
2026-09-01 20:09:01,535 - agentgate.task.scheduler - INFO - 开始扫描 PENDING 状态任务...
2026-09-01 20:09:01,536 - agentgate.task.scheduler - INFO - 找到 0 个待执行任务
2026-09-01 20:09:11,537 - agentgate.task.scheduler - INFO - 开始扫描 PENDING 状态任务...
2026-09-01 20:09:11,538 - agentgate.task.scheduler - INFO - 找到 0 个待执行任务
2026-09-01 20:09:21,554 - agentgate.task.scheduler - INFO - 开始扫描 PENDING 状态任务...
2026-09-01 20:09:21,556 - agentgate.task.scheduler - INFO - 找到 0 个待执行任务
2026-09-01 20:09:31,564 - agentgate.task.scheduler - INFO - 开始扫描 PENDING 状态任务...
2026-09-01 20:09:31,566 - agentgate.task.scheduler - INFO - 找到 0 个待执行任务
2026-09-01 20:09:41,569 - agentgate.task.scheduler - INFO - 开始扫描 PENDING 状态任务...
2026-09-01 20:09:41,571 - agentgate.task.scheduler - INFO - 找到 0 个待执行任务
2026-09-01 20:09:51,580 - agentgate.task.scheduler - INFO - 开始扫描 PENDING 状态任务...
2026-09-01 20:09:51,582 - agentgate.task.scheduler - INFO - 找到 0 个待执行任务
2026-09-01 20:10:01,585 - agentgate.task.scheduler - INFO - 开始扫描 PENDING 状态任务...
2026-09-01 20:10:01,586 - agentgate.task.scheduler - INFO - 找到 0 个待执行任务
2026-09-01 20:10:11,600 - agentgate.task.scheduler - INFO - 开始扫描 PENDING 状态任务...
2026-09-01 20:10:11,601 - agentgate.task.scheduler - INFO - 找到 0 个待执行任务
2026-09-01 20:10:21,604 - agentgate.task.scheduler - INFO - 开始扫描 PENDING 状态任务...
2026-09-01 20:10:21,606 - agentgate.task.scheduler - INFO - 找到 0 个待执行任务
2026-09-01 20:10:31,613 - agentgate.task.scheduler - INFO - 开始扫描 PENDING 状态任务...
2026-09-01 20:10:31,615 - agentgate.task.scheduler - INFO - 找到 0 个待执行任务
2026-09-01 20:10:41,627 - agentgate.task.scheduler - INFO - 开始扫描 PENDING 状态任务...
2026-09-01 20:10:41,629 - agentgate.task.scheduler - INFO - 找到 0 个待执行任务
2026-09-01 20:10:51,637 - agentgate.task.scheduler - INFO - 开始扫描 PENDING 状态任务...
2026-09-01 20:10:51,638 - agentgate.task.scheduler - INFO - 找到 0 个待执行任务
2026-09-01 20:11:01,646 - agentgate.task.scheduler - INFO - 开始扫描 PENDING 状态任务...
2026-09-01 20:11:01,648 - agentgate.task.scheduler - INFO - 找到 0 个待执行任务
2026-09-01 20:11:11,657 - agentgate.task.scheduler - INFO - 开始扫描 PENDING 状态任务...
2026-09-01 20:11:11,658 - agentgate.task.scheduler - INFO - 找到 0 个待执行任务
2026-09-01 20:11:21,673 - agentgate.task.scheduler - INFO - 开始扫描 PENDING 状态任务...
2026-09-01 20:11:21,674 - agentgate.task.scheduler - INFO - 找到 0 个待执行任务
2026-09-01 20:11:31,688 - agentgate.task.scheduler - INFO - 开始扫描 PENDING 状态任务...
2026-09-01 20:11:31,690 - agentgate.task.scheduler - INFO - 找到 0 个待执行任务
2026-09-01 20:11:41,704 - agentgate.task.scheduler - INFO - 开始扫描 PENDING 状态任务...
2026-09-01 20:11:41,706 - agentgate.task.scheduler - INFO - 找到 0 个待执行任务
2026-09-01 20:11:51,718 - agentgate.task.scheduler - INFO - 开始扫描 PENDING 状态任务...
2026-09-01 20:11:51,719 - agentgate.task.scheduler - INFO - 找到 0 个待执行任务
2026-09-01 20:12:01,721 - agentgate.task.scheduler - INFO - 开始扫描 PENDING 状态任务...
2026-09-01 20:12:01,723 - agentgate.task.scheduler - INFO - 找到 0 个待执行任务
2026-09-01 20:12:11,739 - agentgate.task.scheduler - INFO - 开始扫描 PENDING 状态任务...
2026-09-01 20:12:11,740 - agentgate.task.scheduler - INFO - 找到 0 个待执行任务
2026-09-01 20:12:21,750 - agentgate.task.scheduler - INFO - 开始扫描 PENDING 状态任务...
2026-09-01 20:12:21,751 - agentgate.task.scheduler - INFO - 找到 0 个待执行任务
2026-09-01 20:12:31,763 - agentgate.task.scheduler - INFO - 开始扫描 PENDING 状态任务...
2026-09-01 20:12:31,765 - agentgate.task.scheduler - INFO - 找到 0 个待执行任务
2026-09-01 20:12:41,779 - agentgate.task.scheduler - INFO - 开始扫描 PENDING 状态任务...
2026-09-01 20:12:41,781 - agentgate.task.scheduler - INFO - 找到 0 个待执行任务
2026-09-01 20:12:51,795 - agentgate.task.scheduler - INFO - 开始扫描 PENDING 状态任务...
2026-09-01 20:12:51,796 - agentgate.task.scheduler - INFO - 找到 0 个待执行任务
2026-09-01 20:13:01,810 - agentgate.task.scheduler - INFO - 开始扫描 PENDING 状态任务...
2026-09-01 20:13:01,811 - agentgate.task.scheduler - INFO - 找到 0 个待执行任务
2026-09-01 20:13:11,816 - agentgate.task.scheduler - INFO - 开始扫描 PENDING 状态任务...
2026-09-01 20:13:11,817 - agentgate.task.scheduler - INFO - 找到 0 个待执行任务
2026-09-01 20:13:21,832 - agentgate.task.scheduler - INFO - 开始扫描 PENDING 状态任务...
2026-09-01 20:13:21,833 - agentgate.task.scheduler - INFO - 找到 0 个待执行任务
2026-09-01 20:13:31,838 - agentgate.task.scheduler - INFO - 开始扫描 PENDING 状态任务...
2026-09-01 20:13:31,840 - agentgate.task.scheduler - INFO - 找到 0 个待执行任务
2026-09-01 20:13:41,850 - agentgate.task.scheduler - INFO - 开始扫描 PENDING 状态任务...
2026-09-01 20:13:41,852 - agentgate.task.scheduler - INFO - 找到 0 个待执行任务
2026-09-01 20:13:51,854 - agentgate.task.scheduler - INFO - 开始扫描 PENDING 状态任务...
2026-09-01 20:13:51,855 - agentgate.task.scheduler - INFO - 找到 0 个待执行任务
2026-09-01 20:14:01,856 - agentgate.task.scheduler - INFO - 开始扫描 PENDING 状态任务...
2026-09-01 20:14:01,858 - agentgate.task.scheduler - INFO - 找到 0 个待执行任务
2026-09-01 20:14:11,872 - agentgate.task.scheduler - INFO - 开始扫描 PENDING 状态任务...
2026-09-01 20:14:11,873 - agentgate.task.scheduler - INFO - 找到 0 个待执行任务
2026-09-01 20:14:21,887 - agentgate.task.scheduler - INFO - 开始扫描 PENDING 状态任务...
2026-09-01 20:14:21,889 - agentgate.task.scheduler - INFO - 找到 0 个待执行任务
2026-09-01 20:14:31,902 - agentgate.task.scheduler - INFO - 开始扫描 PENDING 状态任务...
2026-09-01 20:14:31,904 - agentgate.task.scheduler - INFO - 找到 0 个待执行任务
2026-09-01 20:14:41,914 - agentgate.task.scheduler - INFO - 开始扫描 PENDING 状态任务...
2026-09-01 20:14:41,915 - agentgate.task.scheduler - INFO - 找到 0 个待执行任务
2026-09-01 20:14:51,924 - agentgate.task.scheduler - INFO - 开始扫描 PENDING 状态任务...
2026-09-01 20:14:51,925 - agentgate.task.scheduler - INFO - 找到 0 个待执行任务
2026-09-01 20:15:01,934 - agentgate.task.scheduler - INFO - 开始扫描 PENDING 状态任务...
2026-09-01 20:15:01,935 - agentgate.task.scheduler - INFO - 找到 0 个待执行任务
2026-09-01 20:15:11,946 - agentgate.task.scheduler - INFO - 开始扫描 PENDING 状态任务...
2026-09-01 20:15:11,947 - agentgate.task.scheduler - INFO - 找到 0 个待执行任务
2026-09-01 20:15:21,963 - agentgate.task.scheduler - INFO - 开始扫描 PENDING 状态任务...
2026-09-01 20:15:21,964 - agentgate.task.scheduler - INFO - 找到 0 个待执行任务
2026-09-01 20:15:31,968 - agentgate.task.scheduler - INFO - 开始扫描 PENDING 状态任务...
2026-09-01 20:15:31,970 - agentgate.task.scheduler - INFO - 找到 0 个待执行任务
2026-09-01 20:15:41,982 - agentgate.task.scheduler - INFO - 开始扫描 PENDING 状态任务...
2026-09-01 20:15:41,983 - agentgate.task.scheduler - INFO - 找到 0 个待执行任务
2026-09-01 20:15:51,998 - agentgate.task.scheduler - INFO - 开始扫描 PENDING 状态任务...
2026-09-01 20:15:51,999 - agentgate.task.scheduler - INFO - 找到 0 个待执行任务
2026-09-01 20:16:02,011 - agentgate.task.scheduler - INFO - 开始扫描 PENDING 状态任务...
2026-09-01 20:16:02,013 - agentgate.task.scheduler - INFO - 找到 0 个待执行任务
2026-09-01 20:16:12,017 - agentgate.task.scheduler - INFO - 开始扫描 PENDING 状态任务...
2026-09-01 20:16:12,018 - agentgate.task.scheduler - INFO - 找到 0 个待执行任务
2026-09-01 20:16:22,028 - agentgate.task.scheduler - INFO - 开始扫描 PENDING 状态任务...
2026-09-01 20:16:22,030 - agentgate.task.scheduler - INFO - 找到 0 个待执行任务
2026-09-01 20:16:32,038 - agentgate.task.scheduler - INFO - 开始扫描 PENDING 状态任务...
2026-09-01 20:16:32,039 - agentgate.task.scheduler - INFO - 找到 0 个待执行任务
2026-09-01 20:16:42,052 - agentgate.task.scheduler - INFO - 开始扫描 PENDING 状态任务...
2026-09-01 20:16:42,053 - agentgate.task.scheduler - INFO - 找到 0 个待执行任务
2026-09-01 20:16:52,055 - agentgate.task.scheduler - INFO - 开始扫描 PENDING 状态任务...
2026-09-01 20:16:52,056 - agentgate.task.scheduler - INFO - 找到 0 个待执行任务
2026-09-01 20:17:02,065 - agentgate.task.scheduler - INFO - 开始扫描 PENDING 状态任务...
2026-09-01 20:17:02,067 - agentgate.task.scheduler - INFO - 找到 0 个待执行任务
2026-09-01 20:17:09,629 - agentgate.task.service - INFO - Created task: bea2f4a7-02d2-4a5b-85ec-408cf6f8c011, name: test1
2026-09-01 20:17:12,078 - agentgate.task.scheduler - INFO - 开始扫描 PENDING 状态任务...
2026-09-01 20:17:12,079 - agentgate.task.scheduler - INFO - 找到 0 个待执行任务
2026-09-01 20:17:22,099 - agentgate.task.scheduler - INFO - 开始扫描 PENDING 状态任务...
2026-09-01 20:17:22,100 - agentgate.task.scheduler - INFO - 找到 0 个待执行任务
2026-09-01 20:17:32,105 - agentgate.task.scheduler - INFO - 开始扫描 PENDING 状态任务...
2026-09-01 20:17:32,106 - agentgate.task.scheduler - INFO - 找到 0 个待执行任务
2026-09-01 20:17:42,116 - agentgate.task.scheduler - INFO - 开始扫描 PENDING 状态任务...
2026-09-01 20:17:42,118 - agentgate.task.scheduler - INFO - 找到 0 个待执行任务
2026-09-01 20:17:52,123 - agentgate.task.scheduler - INFO - 开始扫描 PENDING 状态任务...
2026-09-01 20:17:52,125 - agentgate.task.scheduler - INFO - 找到 0 个待执行任务
2026-09-01 20:18:02,131 - agentgate.task.scheduler - INFO - 开始扫描 PENDING 状态任务...
2026-09-01 20:18:02,132 - agentgate.task.scheduler - INFO - 找到 0 个待执行任务
2026-09-01 20:18:12,135 - agentgate.task.scheduler - INFO - 开始扫描 PENDING 状态任务...
2026-09-01 20:18:12,136 - agentgate.task.scheduler - INFO - 找到 0 个待执行任务
2026-09-01 20:18:22,146 - agentgate.task.scheduler - INFO - 开始扫描 PENDING 状态任务...
2026-09-01 20:18:22,148 - agentgate.task.scheduler - INFO - 找到 0 个待执行任务
2026-09-01 20:18:32,151 - agentgate.task.scheduler - INFO - 开始扫描 PENDING 状态任务...
2026-09-01 20:18:32,152 - agentgate.task.scheduler - INFO - 找到 0 个待执行任务
2026-09-01 20:18:42,158 - agentgate.task.scheduler - INFO - 开始扫描 PENDING 状态任务...
2026-09-01 20:18:42,159 - agentgate.task.scheduler - INFO - 找到 0 个待执行任务
2026-09-01 20:18:52,172 - agentgate.task.scheduler - INFO - 开始扫描 PENDING 状态任务...
2026-09-01 20:18:52,174 - agentgate.task.scheduler - INFO - 找到 0 个待执行任务
2026-09-01 20:19:02,177 - agentgate.task.scheduler - INFO - 开始扫描 PENDING 状态任务...
2026-09-01 20:19:02,178 - agentgate.task.scheduler - INFO - 找到 0 个待执行任务
2026-09-01 20:19:12,192 - agentgate.task.scheduler - INFO - 开始扫描 PENDING 状态任务...
2026-09-01 20:19:12,193 - agentgate.task.scheduler - INFO - 找到 0 个待执行任务
2026-09-01 20:19:22,205 - agentgate.task.scheduler - INFO - 开始扫描 PENDING 状态任务...
2026-09-01 20:19:22,207 - agentgate.task.scheduler - INFO - 找到 0 个待执行任务
2026-09-01 20:19:32,223 - agentgate.task.scheduler - INFO - 开始扫描 PENDING 状态任务...
2026-09-01 20:19:32,224 - agentgate.task.scheduler - INFO - 找到 0 个待执行任务
2026-09-01 20:19:42,229 - agentgate.task.scheduler - INFO - 开始扫描 PENDING 状态任务...
2026-09-01 20:19:42,231 - agentgate.task.scheduler - INFO - 找到 0 个待执行任务
2026-09-01 20:19:52,236 - agentgate.task.scheduler - INFO - 开始扫描 PENDING 状态任务...
2026-09-01 20:19:52,238 - agentgate.task.scheduler - INFO - 找到 0 个待执行任务
2026-09-01 20:20:02,245 - agentgate.task.scheduler - INFO - 开始扫描 PENDING 状态任务...
2026-09-01 20:20:02,247 - agentgate.task.scheduler - INFO - 找到 0 个待执行任务
2026-09-01 20:20:12,261 - agentgate.task.scheduler - INFO - 开始扫描 PENDING 状态任务...
2026-09-01 20:20:12,262 - agentgate.task.scheduler - INFO - 找到 0 个待执行任务
2026-09-01 20:20:22,276 - agentgate.task.scheduler - INFO - 开始扫描 PENDING 状态任务...
2026-09-01 20:20:22,278 - agentgate.task.scheduler - INFO - 找到 0 个待执行任务
2026-09-01 20:20:32,291 - agentgate.task.scheduler - INFO - 开始扫描 PENDING 状态任务...
2026-09-01 20:20:32,293 - agentgate.task.scheduler - INFO - 找到 0 个待执行任务
2026-09-01 20:20:42,304 - agentgate.task.scheduler - INFO - 开始扫描 PENDING 状态任务...
2026-09-01 20:20:42,306 - agentgate.task.scheduler - INFO - 找到 0 个待执行任务
2026-09-01 20:20:52,315 - agentgate.task.scheduler - INFO - 开始扫描 PENDING 状态任务...
2026-09-01 20:20:52,317 - agentgate.task.scheduler - INFO - 找到 0 个待执行任务
2026-09-01 20:21:02,329 - agentgate.task.scheduler - INFO - 开始扫描 PENDING 状态任务...
2026-09-01 20:21:02,330 - agentgate.task.scheduler - INFO - 找到 0 个待执行任务
2026-09-01 20:21:12,336 - agentgate.task.scheduler - INFO - 开始扫描 PENDING 状态任务...
2026-09-01 20:21:12,338 - agentgate.task.scheduler - INFO - 找到 0 个待执行任务
2026-09-01 20:21:22,344 - agentgate.task.scheduler - INFO - 开始扫描 PENDING 状态任务...
2026-09-01 20:21:22,346 - agentgate.task.scheduler - INFO - 找到 0 个待执行任务
2026-09-01 20:21:32,360 - agentgate.task.scheduler - INFO - 开始扫描 PENDING 状态任务...
2026-09-01 20:21:32,361 - agentgate.task.scheduler - INFO - 找到 0 个待执行任务
2026-09-01 20:21:42,364 - agentgate.task.scheduler - INFO - 开始扫描 PENDING 状态任务...
2026-09-01 20:21:42,366 - agentgate.task.scheduler - INFO - 找到 0 个待执行任务
2026-09-01 20:21:52,380 - agentgate.task.scheduler - INFO - 开始扫描 PENDING 状态任务...
2026-09-01 20:21:52,382 - agentgate.task.scheduler - INFO - 找到 0 个待执行任务
2026-09-01 20:22:02,397 - agentgate.task.scheduler - INFO - 开始扫描 PENDING 状态任务...
2026-09-01 20:22:02,398 - agentgate.task.scheduler - INFO - 找到 0 个待执行任务
2026-09-01 20:22:12,400 - agentgate.task.scheduler - INFO - 开始扫描 PENDING 状态任务...
2026-09-01 20:22:12,402 - agentgate.task.scheduler - INFO - 找到 0 个待执行任务
2026-09-01 20:22:22,403 - agentgate.task.scheduler - INFO - 开始扫描 PENDING 状态任务...
2026-09-01 20:22:22,405 - agentgate.task.scheduler - INFO - 找到 0 个待执行任务
2026-09-01 20:22:32,418 - agentgate.task.scheduler - INFO - 开始扫描 PENDING 状态任务...
2026-09-01 20:22:32,420 - agentgate.task.scheduler - INFO - 找到 0 个待执行任务
2026-09-01 20:22:42,435 - agentgate.task.scheduler - INFO - 开始扫描 PENDING 状态任务...
2026-09-01 20:22:42,437 - agentgate.task.scheduler - INFO - 找到 0 个待执行任务
2026-09-01 20:22:52,440 - agentgate.task.scheduler - INFO - 开始扫描 PENDING 状态任务...
2026-09-01 20:22:52,441 - agentgate.task.scheduler - INFO - 找到 0 个待执行任务
2026-09-01 20:23:02,454 - agentgate.task.scheduler - INFO - 开始扫描 PENDING 状态任务...
2026-09-01 20:23:02,456 - agentgate.task.scheduler - INFO - 找到 0 个待执行任务
2026-09-01 20:23:12,471 - agentgate.task.scheduler - INFO - 开始扫描 PENDING 状态任务...
2026-09-01 20:23:12,472 - agentgate.task.scheduler - INFO - 找到 0 个待执行任务
2026-09-01 20:23:22,487 - agentgate.task.scheduler - INFO - 开始扫描 PENDING 状态任务...
2026-09-01 20:23:22,489 - agentgate.task.scheduler - INFO - 找到 0 个待执行任务
2026-09-01 20:23:32,496 - agentgate.task.scheduler - INFO - 开始扫描 PENDING 状态任务...
2026-09-01 20:23:32,499 - agentgate.task.scheduler - INFO - 找到 0 个待执行任务
2026-09-01 20:23:42,502 - agentgate.task.scheduler - INFO - 开始扫描 PENDING 状态任务...
2026-09-01 20:23:42,504 - agentgate.task.scheduler - INFO - 找到 0 个待执行任务
2026-09-01 20:23:52,508 - agentgate.task.scheduler - INFO - 开始扫描 PENDING 状态任务...
2026-09-01 20:23:52,509 - agentgate.task.scheduler - INFO - 找到 0 个待执行任务
2026-09-01 20:24:02,522 - agentgate.task.scheduler - INFO - 开始扫描 PENDING 状态任务...
2026-09-01 20:24:02,523 - agentgate.task.scheduler - INFO - 找到 0 个待执行任务
2026-09-01 20:24:12,530 - agentgate.task.scheduler - INFO - 开始扫描 PENDING 状态任务...
2026-09-01 20:24:12,531 - agentgate.task.scheduler - INFO - 找到 0 个待执行任务
2026-09-01 20:24:22,545 - agentgate.task.scheduler - INFO - 开始扫描 PENDING 状态任务...
2026-09-01 20:24:22,547 - agentgate.task.scheduler - INFO - 找到 0 个待执行任务
2026-09-01 20:24:32,560 - agentgate.task.scheduler - INFO - 开始扫描 PENDING 状态任务...
2026-09-01 20:24:32,562 - agentgate.task.scheduler - INFO - 找到 0 个待执行任务
2026-09-01 20:24:42,578 - agentgate.task.scheduler - INFO - 开始扫描 PENDING 状态任务...
2026-09-01 20:24:42,581 - agentgate.task.scheduler - INFO - 找到 0 个待执行任务
2026-09-01 20:24:52,586 - agentgate.task.scheduler - INFO - 开始扫描 PENDING 状态任务...
2026-09-01 20:24:52,587 - agentgate.task.scheduler - INFO - 找到 0 个待执行任务
2026-09-01 20:25:02,602 - agentgate.task.scheduler - INFO - 开始扫描 PENDING 状态任务...
2026-09-01 20:25:02,603 - agentgate.task.scheduler - INFO - 找到 0 个待执行任务
2026-09-01 20:25:12,607 - agentgate.task.scheduler - INFO - 开始扫描 PENDING 状态任务...
2026-09-01 20:25:12,608 - agentgate.task.scheduler - INFO - 找到 0 个待执行任务
2026-09-01 20:25:22,617 - agentgate.task.scheduler - INFO - 开始扫描 PENDING 状态任务...
2026-09-01 20:25:22,619 - agentgate.task.scheduler - INFO - 找到 0 个待执行任务
2026-09-01 20:25:32,633 - agentgate.task.scheduler - INFO - 开始扫描 PENDING 状态任务...
2026-09-01 20:25:32,634 - agentgate.task.scheduler - INFO - 找到 0 个待执行任务
2026-09-01 20:25:42,636 - agentgate.task.scheduler - INFO - 开始扫描 PENDING 状态任务...
2026-09-01 20:25:42,637 - agentgate.task.scheduler - INFO - 找到 0 个待执行任务
2026-09-01 20:25:52,647 - agentgate.task.scheduler - INFO - 开始扫描 PENDING 状态任务...
2026-09-01 20:25:52,648 - agentgate.task.scheduler - INFO - 找到 0 个待执行任务
2026-09-01 20:26:02,656 - agentgate.task.scheduler - INFO - 开始扫描 PENDING 状态任务...
2026-09-01 20:26:02,657 - agentgate.task.scheduler - INFO - 找到 0 个待执行任务
2026-09-01 20:26:12,661 - agentgate.task.scheduler - INFO - 开始扫描 PENDING 状态任务...
2026-09-01 20:26:12,662 - agentgate.task.scheduler - INFO - 找到 0 个待执行任务
2026-09-01 20:26:22,676 - agentgate.task.scheduler - INFO - 开始扫描 PENDING 状态任务...
2026-09-01 20:26:22,678 - agentgate.task.scheduler - INFO - 找到 0 个待执行任务
2026-09-01 20:26:32,681 - agentgate.task.scheduler - INFO - 开始扫描 PENDING 状态任务...
2026-09-01 20:26:32,682 - agentgate.task.scheduler - INFO - 找到 0 个待执行任务
2026-09-01 20:26:42,696 - agentgate.task.scheduler - INFO - 开始扫描 PENDING 状态任务...
2026-09-01 20:26:42,697 - agentgate.task.scheduler - INFO - 找到 0 个待执行任务
2026-09-01 20:26:52,705 - agentgate.task.scheduler - INFO - 开始扫描 PENDING 状态任务...
2026-09-01 20:26:52,706 - agentgate.task.scheduler - INFO - 找到 0 个待执行任务
2026-09-01 20:27:02,709 - agentgate.task.scheduler - INFO - 开始扫描 PENDING 状态任务...
2026-09-01 20:27:02,711 - agentgate.task.scheduler - INFO - 找到 0 个待执行任务
2026-09-01 20:27:12,727 - agentgate.task.scheduler - INFO - 开始扫描 PENDING 状态任务...
2026-09-01 20:27:12,728 - agentgate.task.scheduler - INFO - 找到 0 个待执行任务
2026-09-01 20:27:22,738 - agentgate.task.scheduler - INFO - 开始扫描 PENDING 状态任务...
2026-09-01 20:27:22,740 - agentgate.task.scheduler - INFO - 找到 0 个待执行任务
2026-09-01 20:27:32,740 - agentgate.task.scheduler - INFO - 开始扫描 PENDING 状态任务...
2026-09-01 20:27:32,741 - agentgate.task.scheduler - INFO - 找到 0 个待执行任务
2026-09-01 20:27:42,743 - agentgate.task.scheduler - INFO - 开始扫描 PENDING 状态任务...
2026-09-01 20:27:42,744 - agentgate.task.scheduler - INFO - 找到 0 个待执行任务
2026-09-01 20:27:46,520 - agentgate.task.service - INFO - Created task: c50a9575-d47e-490b-a4b5-caf6f9c4b105, name: test
2026-09-01 20:27:52,755 - agentgate.task.scheduler - INFO - 开始扫描 PENDING 状态任务...
2026-09-01 20:27:52,756 - agentgate.task.scheduler - INFO - 找到 0 个待执行任务
2026-09-01 20:28:02,759 - agentgate.task.scheduler - INFO - 开始扫描 PENDING 状态任务...
2026-09-01 20:28:02,761 - agentgate.task.scheduler - INFO - 找到 0 个待执行任务
2026-09-01 20:28:12,771 - agentgate.task.scheduler - INFO - 开始扫描 PENDING 状态任务...
2026-09-01 20:28:12,772 - agentgate.task.scheduler - INFO - 找到 0 个待执行任务
2026-09-01 20:28:22,782 - agentgate.task.scheduler - INFO - 开始扫描 PENDING 状态任务...
2026-09-01 20:28:22,784 - agentgate.task.scheduler - INFO - 找到 0 个待执行任务
2026-09-01 20:28:32,785 - agentgate.task.scheduler - INFO - 开始扫描 PENDING 状态任务...
2026-09-01 20:28:32,787 - agentgate.task.scheduler - INFO - 找到 0 个待执行任务
2026-09-01 20:28:42,801 - agentgate.task.scheduler - INFO - 开始扫描 PENDING 状态任务...
2026-09-01 20:28:42,802 - agentgate.task.scheduler - INFO - 找到 0 个待执行任务
2026-09-01 20:28:52,812 - agentgate.task.scheduler - INFO - 开始扫描 PENDING 状态任务...
2026-09-01 20:28:52,814 - agentgate.task.scheduler - INFO - 找到 0 个待执行任务
2026-09-01 20:29:02,817 - agentgate.task.scheduler - INFO - 开始扫描 PENDING 状态任务...
2026-09-01 20:29:02,819 - agentgate.task.scheduler - INFO - 找到 0 个待执行任务
2026-09-01 20:29:12,822 - agentgate.task.scheduler - INFO - 开始扫描 PENDING 状态任务...
2026-09-01 20:29:12,823 - agentgate.task.scheduler - INFO - 找到 0 个待执行任务
2026-09-01 20:29:22,829 - agentgate.task.scheduler - INFO - 开始扫描 PENDING 状态任务...
2026-09-01 20:29:22,831 - agentgate.task.scheduler - INFO - 找到 0 个待执行任务
2026-09-01 20:29:32,836 - agentgate.task.scheduler - INFO - 开始扫描 PENDING 状态任务...
2026-09-01 20:29:32,838 - agentgate.task.scheduler - INFO - 找到 0 个待执行任务
2026-09-01 20:29:42,844 - agentgate.task.scheduler - INFO - 开始扫描 PENDING 状态任务...
2026-09-01 20:29:42,845 - agentgate.task.scheduler - INFO - 找到 0 个待执行任务
2026-09-01 20:29:52,860 - agentgate.task.scheduler - INFO - 开始扫描 PENDING 状态任务...
2026-09-01 20:29:52,862 - agentgate.task.scheduler - INFO - 找到 0 个待执行任务
2026-09-01 20:30:02,874 - agentgate.task.scheduler - INFO - 开始扫描 PENDING 状态任务...
2026-09-01 20:30:02,875 - agentgate.task.scheduler - INFO - 找到 0 个待执行任务
2026-09-01 20:30:12,886 - agentgate.task.scheduler - INFO - 开始扫描 PENDING 状态任务...
2026-09-01 20:30:12,888 - agentgate.task.scheduler - INFO - 找到 0 个待执行任务
2026-09-01 20:30:22,893 - agentgate.task.scheduler - INFO - 开始扫描 PENDING 状态任务...
2026-09-01 20:30:22,894 - agentgate.task.scheduler - INFO - 找到 0 个待执行任务
2026-09-01 20:30:32,896 - agentgate.task.scheduler - INFO - 开始扫描 PENDING 状态任务...
2026-09-01 20:30:32,898 - agentgate.task.scheduler - INFO - 找到 0 个待执行任务
2026-09-01 20:30:42,905 - agentgate.task.scheduler - INFO - 开始扫描 PENDING 状态任务...
2026-09-01 20:30:42,907 - agentgate.task.scheduler - INFO - 找到 0 个待执行任务
2026-09-01 20:30:52,909 - agentgate.task.scheduler - INFO - 开始扫描 PENDING 状态任务...
2026-09-01 20:30:52,911 - agentgate.task.scheduler - INFO - 找到 0 个待执行任务
2026-09-01 20:31:02,919 - agentgate.task.scheduler - INFO - 开始扫描 PENDING 状态任务...
2026-09-01 20:31:02,921 - agentgate.task.scheduler - INFO - 找到 0 个待执行任务
2026-09-01 20:31:12,929 - agentgate.task.scheduler - INFO - 开始扫描 PENDING 状态任务...
2026-09-01 20:31:12,930 - agentgate.task.scheduler - INFO - 找到 0 个待执行任务
2026-09-01 20:31:22,932 - agentgate.task.scheduler - INFO - 开始扫描 PENDING 状态任务...
2026-09-01 20:31:22,934 - agentgate.task.scheduler - INFO - 找到 0 个待执行任务
2026-09-01 20:31:32,937 - agentgate.task.scheduler - INFO - 开始扫描 PENDING 状态任务...
2026-09-01 20:31:32,938 - agentgate.task.scheduler - INFO - 找到 0 个待执行任务
2026-09-01 20:31:42,953 - agentgate.task.scheduler - INFO - 开始扫描 PENDING 状态任务...
2026-09-01 20:31:42,955 - agentgate.task.scheduler - INFO - 找到 0 个待执行任务
2026-09-01 20:31:52,968 - agentgate.task.scheduler - INFO - 开始扫描 PENDING 状态任务...
2026-09-01 20:31:52,969 - agentgate.task.scheduler - INFO - 找到 0 个待执行任务
2026-09-01 20:32:02,981 - agentgate.task.scheduler - INFO - 开始扫描 PENDING 状态任务...
2026-09-01 20:32:02,982 - agentgate.task.scheduler - INFO - 找到 0 个待执行任务
2026-09-01 20:32:12,998 - agentgate.task.scheduler - INFO - 开始扫描 PENDING 状态任务...
2026-09-01 20:32:13,000 - agentgate.task.scheduler - INFO - 找到 0 个待执行任务
2026-09-01 20:32:21,678 - src.agentgate.server.application - INFO - 日志系统初始化完成
2026-09-01 20:32:21,679 - src.agentgate.server.application - INFO - 使用数据库: agentgate.db
2026-09-01 20:32:21,741 - src.agentgate.server.application - INFO - 调度器任务已创建
2026-09-01 20:32:21,742 - agentgate.task.scheduler - INFO - 任务调度器已启动，扫描间隔: 10秒
2026-09-01 20:32:21,742 - agentgate.task.service - INFO - 调度器已启动，间隔: 10秒
2026-09-01 20:32:21,743 - agentgate.task.scheduler - INFO - 开始扫描 PENDING 状态任务...
2026-09-01 20:32:21,751 - agentgate.task.scheduler - INFO - 找到 0 个待执行任务
2026-09-01 20:32:21,751 - agentgate.task.scheduler - INFO - 任务调度器已停止
2026-09-01 20:32:21,751 - agentgate.task.service - INFO - 调度器已停止
2026-09-01 20:32:23,003 - agentgate.task.scheduler - INFO - 开始扫描 PENDING 状态任务...
2026-09-01 20:32:23,005 - agentgate.task.scheduler - INFO - 找到 0 个待执行任务
2026-09-01 20:32:33,014 - agentgate.task.scheduler - INFO - 开始扫描 PENDING 状态任务...
2026-09-01 20:32:33,016 - agentgate.task.scheduler - INFO - 找到 0 个待执行任务
2026-09-01 20:32:43,020 - agentgate.task.scheduler - INFO - 开始扫描 PENDING 状态任务...
2026-09-01 20:32:43,022 - agentgate.task.scheduler - INFO - 找到 0 个待执行任务
2026-09-01 20:32:50,090 - src.agentgate.server.application - INFO - 日志系统初始化完成
2026-09-01 20:32:50,090 - src.agentgate.server.application - INFO - 使用数据库: agentgate.db
2026-09-01 20:32:50,146 - src.agentgate.server.application - INFO - 调度器任务已创建
2026-09-01 20:32:50,147 - agentgate.task.scheduler - INFO - 任务调度器已启动，扫描间隔: 10秒
2026-09-01 20:32:50,147 - agentgate.task.service - INFO - 调度器已启动，间隔: 10秒
2026-09-01 20:32:50,148 - agentgate.task.scheduler - INFO - 开始扫描 PENDING 状态任务...
2026-09-01 20:32:50,156 - agentgate.task.scheduler - INFO - 找到 0 个待执行任务
2026-09-01 20:33:00,157 - agentgate.task.scheduler - INFO - 开始扫描 PENDING 状态任务...
2026-09-01 20:33:00,158 - agentgate.task.scheduler - INFO - 找到 0 个待执行任务
2026-09-01 20:33:10,161 - agentgate.task.scheduler - INFO - 开始扫描 PENDING 状态任务...
2026-09-01 20:33:10,162 - agentgate.task.scheduler - INFO - 找到 0 个待执行任务
2026-09-01 20:33:20,168 - agentgate.task.scheduler - INFO - 开始扫描 PENDING 状态任务...
2026-09-01 20:33:20,170 - agentgate.task.scheduler - INFO - 找到 0 个待执行任务
2026-09-01 20:33:30,180 - agentgate.task.scheduler - INFO - 开始扫描 PENDING 状态任务...
2026-09-01 20:33:30,182 - agentgate.task.scheduler - INFO - 找到 0 个待执行任务
2026-09-01 20:33:40,183 - agentgate.task.scheduler - INFO - 开始扫描 PENDING 状态任务...
2026-09-01 20:33:40,185 - agentgate.task.scheduler - INFO - 找到 0 个待执行任务
2026-09-01 20:33:50,192 - agentgate.task.scheduler - INFO - 开始扫描 PENDING 状态任务...
2026-09-01 20:33:50,194 - agentgate.task.scheduler - INFO - 找到 0 个待执行任务
2026-09-01 20:34:00,209 - agentgate.task.scheduler - INFO - 开始扫描 PENDING 状态任务...
2026-09-01 20:34:00,210 - agentgate.task.scheduler - INFO - 找到 0 个待执行任务
2026-09-01 20:34:10,225 - agentgate.task.scheduler - INFO - 开始扫描 PENDING 状态任务...
2026-09-01 20:34:10,227 - agentgate.task.scheduler - INFO - 找到 0 个待执行任务
2026-09-01 20:34:20,240 - agentgate.task.scheduler - INFO - 开始扫描 PENDING 状态任务...
2026-09-01 20:34:20,242 - agentgate.task.scheduler - INFO - 找到 0 个待执行任务
2026-09-01 20:34:30,249 - agentgate.task.scheduler - INFO - 开始扫描 PENDING 状态任务...
2026-09-01 20:34:30,250 - agentgate.task.scheduler - INFO - 找到 0 个待执行任务
2026-09-01 20:34:37,526 - agentgate.task.service - INFO - Created task: 5766cb3c-46e9-4fbd-ae22-c608153f38ae, name: test2
2026-09-01 20:34:40,286 - agentgate.task.scheduler - INFO - 开始扫描 PENDING 状态任务...
2026-09-01 20:34:40,288 - agentgate.task.scheduler - INFO - 找到 0 个待执行任务
2026-09-01 20:34:50,299 - agentgate.task.scheduler - INFO - 开始扫描 PENDING 状态任务...
2026-09-01 20:34:50,301 - agentgate.task.scheduler - INFO - 找到 0 个待执行任务
2026-09-01 20:35:00,306 - agentgate.task.scheduler - INFO - 开始扫描 PENDING 状态任务...
2026-09-01 20:35:00,307 - agentgate.task.scheduler - INFO - 找到 0 个待执行任务
2026-09-01 20:35:10,314 - agentgate.task.scheduler - INFO - 开始扫描 PENDING 状态任务...
2026-09-01 20:35:10,315 - agentgate.task.scheduler - INFO - 找到 0 个待执行任务
2026-09-01 20:35:20,326 - agentgate.task.scheduler - INFO - 开始扫描 PENDING 状态任务...
2026-09-01 20:35:20,328 - agentgate.task.scheduler - INFO - 找到 0 个待执行任务
2026-09-01 20:35:30,331 - agentgate.task.scheduler - INFO - 开始扫描 PENDING 状态任务...
2026-09-01 20:35:30,332 - agentgate.task.scheduler - INFO - 找到 0 个待执行任务
2026-09-01 20:35:40,336 - agentgate.task.scheduler - INFO - 开始扫描 PENDING 状态任务...
2026-09-01 20:35:40,338 - agentgate.task.scheduler - INFO - 找到 0 个待执行任务
2026-09-01 20:35:50,344 - agentgate.task.scheduler - INFO - 开始扫描 PENDING 状态任务...
2026-09-01 20:35:50,346 - agentgate.task.scheduler - INFO - 找到 0 个待执行任务
2026-09-01 20:36:00,357 - agentgate.task.scheduler - INFO - 开始扫描 PENDING 状态任务...
2026-09-01 20:36:00,359 - agentgate.task.scheduler - INFO - 找到 0 个待执行任务
2026-09-01 20:36:10,364 - agentgate.task.scheduler - INFO - 开始扫描 PENDING 状态任务...
2026-09-01 20:36:10,365 - agentgate.task.scheduler - INFO - 找到 0 个待执行任务
2026-09-01 20:36:20,375 - agentgate.task.scheduler - INFO - 开始扫描 PENDING 状态任务...
2026-09-01 20:36:20,376 - agentgate.task.scheduler - INFO - 找到 0 个待执行任务
2026-09-01 20:36:30,387 - agentgate.task.scheduler - INFO - 开始扫描 PENDING 状态任务...
2026-09-01 20:36:30,389 - agentgate.task.scheduler - INFO - 找到 0 个待执行任务
2026-09-01 20:36:40,397 - agentgate.task.scheduler - INFO - 开始扫描 PENDING 状态任务...
2026-09-01 20:36:40,399 - agentgate.task.scheduler - INFO - 找到 0 个待执行任务
2026-09-01 20:36:50,402 - agentgate.task.scheduler - INFO - 开始扫描 PENDING 状态任务...
2026-09-01 20:36:50,404 - agentgate.task.scheduler - INFO - 找到 0 个待执行任务
2026-09-01 20:37:00,414 - agentgate.task.scheduler - INFO - 开始扫描 PENDING 状态任务...
2026-09-01 20:37:00,416 - agentgate.task.scheduler - INFO - 找到 0 个待执行任务
2026-09-01 20:37:10,422 - agentgate.task.scheduler - INFO - 开始扫描 PENDING 状态任务...
2026-09-01 20:37:10,424 - agentgate.task.scheduler - INFO - 找到 0 个待执行任务
2026-09-01 20:37:20,432 - agentgate.task.scheduler - INFO - 开始扫描 PENDING 状态任务...
2026-09-01 20:37:20,434 - agentgate.task.scheduler - INFO - 找到 0 个待执行任务
2026-09-01 20:37:30,438 - agentgate.task.scheduler - INFO - 开始扫描 PENDING 状态任务...
2026-09-01 20:37:30,440 - agentgate.task.scheduler - INFO - 找到 0 个待执行任务
2026-09-01 20:37:40,444 - agentgate.task.scheduler - INFO - 开始扫描 PENDING 状态任务...
2026-09-01 20:37:40,446 - agentgate.task.scheduler - INFO - 找到 0 个待执行任务
2026-09-01 20:37:50,455 - agentgate.task.scheduler - INFO - 开始扫描 PENDING 状态任务...
2026-09-01 20:37:50,456 - agentgate.task.scheduler - INFO - 找到 0 个待执行任务
2026-09-01 20:38:00,458 - agentgate.task.scheduler - INFO - 开始扫描 PENDING 状态任务...
2026-09-01 20:38:00,459 - agentgate.task.scheduler - INFO - 找到 0 个待执行任务
2026-09-01 20:38:10,468 - agentgate.task.scheduler - INFO - 开始扫描 PENDING 状态任务...
2026-09-01 20:38:10,469 - agentgate.task.scheduler - INFO - 找到 0 个待执行任务
2026-09-01 20:38:20,481 - agentgate.task.scheduler - INFO - 开始扫描 PENDING 状态任务...
2026-09-01 20:38:20,482 - agentgate.task.scheduler - INFO - 找到 0 个待执行任务
2026-09-01 20:38:30,498 - agentgate.task.scheduler - INFO - 开始扫描 PENDING 状态任务...
2026-09-01 20:38:30,500 - agentgate.task.scheduler - INFO - 找到 0 个待执行任务
2026-09-01 20:38:40,506 - agentgate.task.scheduler - INFO - 开始扫描 PENDING 状态任务...
2026-09-01 20:38:40,508 - agentgate.task.scheduler - INFO - 找到 0 个待执行任务
2026-09-01 20:38:50,517 - agentgate.task.scheduler - INFO - 开始扫描 PENDING 状态任务...
2026-09-01 20:38:50,519 - agentgate.task.scheduler - INFO - 找到 0 个待执行任务
2026-09-01 20:39:00,533 - agentgate.task.scheduler - INFO - 开始扫描 PENDING 状态任务...
2026-09-01 20:39:00,535 - agentgate.task.scheduler - INFO - 找到 0 个待执行任务
2026-09-01 20:39:10,550 - agentgate.task.scheduler - INFO - 开始扫描 PENDING 状态任务...
2026-09-01 20:39:10,551 - agentgate.task.scheduler - INFO - 找到 0 个待执行任务
2026-09-01 20:39:20,565 - agentgate.task.scheduler - INFO - 开始扫描 PENDING 状态任务...
2026-09-01 20:39:20,566 - agentgate.task.scheduler - INFO - 找到 0 个待执行任务
2026-09-01 20:39:30,569 - agentgate.task.scheduler - INFO - 开始扫描 PENDING 状态任务...
2026-09-01 20:39:30,570 - agentgate.task.scheduler - INFO - 找到 0 个待执行任务
2026-09-01 20:39:40,582 - agentgate.task.scheduler - INFO - 开始扫描 PENDING 状态任务...
2026-09-01 20:39:40,583 - agentgate.task.scheduler - INFO - 找到 0 个待执行任务
2026-09-01 20:39:50,586 - agentgate.task.scheduler - INFO - 开始扫描 PENDING 状态任务...
2026-09-01 20:39:50,587 - agentgate.task.scheduler - INFO - 找到 0 个待执行任务
2026-09-01 20:40:00,597 - agentgate.task.scheduler - INFO - 开始扫描 PENDING 状态任务...
2026-09-01 20:40:00,598 - agentgate.task.scheduler - INFO - 找到 0 个待执行任务
2026-09-01 20:40:10,600 - agentgate.task.scheduler - INFO - 开始扫描 PENDING 状态任务...
2026-09-01 20:40:10,602 - agentgate.task.scheduler - INFO - 找到 0 个待执行任务
2026-09-01 20:40:20,606 - agentgate.task.scheduler - INFO - 开始扫描 PENDING 状态任务...
2026-09-01 20:40:20,607 - agentgate.task.scheduler - INFO - 找到 0 个待执行任务
2026-09-01 20:40:30,611 - agentgate.task.scheduler - INFO - 开始扫描 PENDING 状态任务...
2026-09-01 20:40:30,613 - agentgate.task.scheduler - INFO - 找到 0 个待执行任务
2026-09-01 20:40:40,625 - agentgate.task.scheduler - INFO - 开始扫描 PENDING 状态任务...
2026-09-01 20:40:40,627 - agentgate.task.scheduler - INFO - 找到 0 个待执行任务
2026-09-01 20:40:50,631 - agentgate.task.scheduler - INFO - 开始扫描 PENDING 状态任务...
2026-09-01 20:40:50,632 - agentgate.task.scheduler - INFO - 找到 0 个待执行任务
2026-09-01 20:41:00,647 - agentgate.task.scheduler - INFO - 开始扫描 PENDING 状态任务...
2026-09-01 20:41:00,648 - agentgate.task.scheduler - INFO - 找到 0 个待执行任务
2026-09-01 20:41:10,653 - agentgate.task.scheduler - INFO - 开始扫描 PENDING 状态任务...
2026-09-01 20:41:10,655 - agentgate.task.scheduler - INFO - 找到 0 个待执行任务
2026-09-01 20:41:20,660 - agentgate.task.scheduler - INFO - 开始扫描 PENDING 状态任务...
2026-09-01 20:41:20,662 - agentgate.task.scheduler - INFO - 找到 0 个待执行任务
2026-09-01 20:41:30,671 - agentgate.task.scheduler - INFO - 开始扫描 PENDING 状态任务...
2026-09-01 20:41:30,673 - agentgate.task.scheduler - INFO - 找到 0 个待执行任务
2026-09-01 20:41:40,680 - agentgate.task.scheduler - INFO - 开始扫描 PENDING 状态任务...
2026-09-01 20:41:40,682 - agentgate.task.scheduler - INFO - 找到 0 个待执行任务
2026-09-01 20:41:50,691 - agentgate.task.scheduler - INFO - 开始扫描 PENDING 状态任务...
2026-09-01 20:41:50,693 - agentgate.task.scheduler - INFO - 找到 0 个待执行任务
2026-09-01 20:42:00,707 - agentgate.task.scheduler - INFO - 开始扫描 PENDING 状态任务...
2026-09-01 20:42:00,709 - agentgate.task.scheduler - INFO - 找到 0 个待执行任务
2026-09-01 20:42:10,720 - agentgate.task.scheduler - INFO - 开始扫描 PENDING 状态任务...
2026-09-01 20:42:10,722 - agentgate.task.scheduler - INFO - 找到 0 个待执行任务
2026-09-01 20:42:20,732 - agentgate.task.scheduler - INFO - 开始扫描 PENDING 状态任务...
2026-09-01 20:42:20,733 - agentgate.task.scheduler - INFO - 找到 0 个待执行任务
2026-09-01 20:42:30,737 - agentgate.task.scheduler - INFO - 开始扫描 PENDING 状态任务...
2026-09-01 20:42:30,738 - agentgate.task.scheduler - INFO - 找到 0 个待执行任务
2026-09-01 20:42:40,749 - agentgate.task.scheduler - INFO - 开始扫描 PENDING 状态任务...
2026-09-01 20:42:40,751 - agentgate.task.scheduler - INFO - 找到 0 个待执行任务
2026-09-01 20:42:50,757 - agentgate.task.scheduler - INFO - 开始扫描 PENDING 状态任务...
2026-09-01 20:42:50,758 - agentgate.task.scheduler - INFO - 找到 0 个待执行任务
2026-09-01 20:43:00,760 - agentgate.task.scheduler - INFO - 开始扫描 PENDING 状态任务...
2026-09-01 20:43:00,762 - agentgate.task.scheduler - INFO - 找到 0 个待执行任务
2026-09-01 20:43:10,771 - agentgate.task.scheduler - INFO - 开始扫描 PENDING 状态任务...
2026-09-01 20:43:10,772 - agentgate.task.scheduler - INFO - 找到 0 个待执行任务
2026-09-01 20:43:20,773 - agentgate.task.scheduler - INFO - 开始扫描 PENDING 状态任务...
2026-09-01 20:43:20,775 - agentgate.task.scheduler - INFO - 找到 0 个待执行任务
2026-09-01 20:43:30,786 - agentgate.task.scheduler - INFO - 开始扫描 PENDING 状态任务...
2026-09-01 20:43:30,789 - agentgate.task.scheduler - INFO - 找到 0 个待执行任务
2026-09-01 20:43:40,797 - agentgate.task.scheduler - INFO - 开始扫描 PENDING 状态任务...
2026-09-01 20:43:40,798 - agentgate.task.scheduler - INFO - 找到 0 个待执行任务
2026-09-01 20:43:50,807 - agentgate.task.scheduler - INFO - 开始扫描 PENDING 状态任务...
2026-09-01 20:43:50,808 - agentgate.task.scheduler - INFO - 找到 0 个待执行任务
2026-09-01 20:44:00,821 - agentgate.task.scheduler - INFO - 开始扫描 PENDING 状态任务...
2026-09-01 20:44:00,823 - agentgate.task.scheduler - INFO - 找到 0 个待执行任务
2026-09-01 20:44:10,839 - agentgate.task.scheduler - INFO - 开始扫描 PENDING 状态任务...
2026-09-01 20:44:10,841 - agentgate.task.scheduler - INFO - 找到 0 个待执行任务
2026-09-01 20:44:20,847 - agentgate.task.scheduler - INFO - 开始扫描 PENDING 状态任务...
2026-09-01 20:44:20,848 - agentgate.task.scheduler - INFO - 找到 0 个待执行任务
2026-09-01 20:44:30,855 - agentgate.task.scheduler - INFO - 开始扫描 PENDING 状态任务...
2026-09-01 20:44:30,856 - agentgate.task.scheduler - INFO - 找到 0 个待执行任务
2026-09-01 20:44:40,867 - agentgate.task.scheduler - INFO - 开始扫描 PENDING 状态任务...
2026-09-01 20:44:40,868 - agentgate.task.scheduler - INFO - 找到 0 个待执行任务
2026-09-01 20:44:50,878 - agentgate.task.scheduler - INFO - 开始扫描 PENDING 状态任务...
2026-09-01 20:44:50,879 - agentgate.task.scheduler - INFO - 找到 0 个待执行任务
2026-09-01 20:45:00,888 - agentgate.task.scheduler - INFO - 开始扫描 PENDING 状态任务...
2026-09-01 20:45:00,889 - agentgate.task.scheduler - INFO - 找到 0 个待执行任务
2026-09-01 20:45:10,895 - agentgate.task.scheduler - INFO - 开始扫描 PENDING 状态任务...
2026-09-01 20:45:10,896 - agentgate.task.scheduler - INFO - 找到 0 个待执行任务
2026-09-01 20:45:20,899 - agentgate.task.scheduler - INFO - 开始扫描 PENDING 状态任务...
2026-09-01 20:45:20,900 - agentgate.task.scheduler - INFO - 找到 0 个待执行任务
2026-09-01 20:45:30,907 - agentgate.task.scheduler - INFO - 开始扫描 PENDING 状态任务...
2026-09-01 20:45:30,908 - agentgate.task.scheduler - INFO - 找到 0 个待执行任务
2026-09-01 20:45:40,915 - agentgate.task.scheduler - INFO - 开始扫描 PENDING 状态任务...
2026-09-01 20:45:40,916 - agentgate.task.scheduler - INFO - 找到 0 个待执行任务
2026-09-01 20:45:50,921 - agentgate.task.scheduler - INFO - 开始扫描 PENDING 状态任务...
2026-09-01 20:45:50,923 - agentgate.task.scheduler - INFO - 找到 0 个待执行任务
2026-09-01 20:46:00,929 - agentgate.task.scheduler - INFO - 开始扫描 PENDING 状态任务...
2026-09-01 20:46:00,931 - agentgate.task.scheduler - INFO - 找到 0 个待执行任务
2026-09-01 20:46:10,943 - agentgate.task.scheduler - INFO - 开始扫描 PENDING 状态任务...
2026-09-01 20:46:10,944 - agentgate.task.scheduler - INFO - 找到 0 个待执行任务
2026-09-01 20:46:20,958 - agentgate.task.scheduler - INFO - 开始扫描 PENDING 状态任务...
2026-09-01 20:46:20,959 - agentgate.task.scheduler - INFO - 找到 0 个待执行任务
2026-09-01 20:46:30,974 - agentgate.task.scheduler - INFO - 开始扫描 PENDING 状态任务...
2026-09-01 20:46:30,976 - agentgate.task.scheduler - INFO - 找到 0 个待执行任务
2026-09-01 20:46:40,986 - agentgate.task.scheduler - INFO - 开始扫描 PENDING 状态任务...
2026-09-01 20:46:40,988 - agentgate.task.scheduler - INFO - 找到 0 个待执行任务
2026-09-01 20:46:50,992 - agentgate.task.scheduler - INFO - 开始扫描 PENDING 状态任务...
2026-09-01 20:46:50,994 - agentgate.task.scheduler - INFO - 找到 0 个待执行任务
2026-09-01 20:47:01,009 - agentgate.task.scheduler - INFO - 开始扫描 PENDING 状态任务...
2026-09-01 20:47:01,011 - agentgate.task.scheduler - INFO - 找到 0 个待执行任务
2026-09-01 20:47:08,285 - agentgate.task.service - INFO - Created task: b47b34e4-0957-456f-aad6-eb8284d85ec5, name: tetet
2026-09-01 20:47:11,023 - agentgate.task.scheduler - INFO - 开始扫描 PENDING 状态任务...
2026-09-01 20:47:11,024 - agentgate.task.scheduler - INFO - 找到 0 个待执行任务
2026-09-01 20:47:21,034 - agentgate.task.scheduler - INFO - 开始扫描 PENDING 状态任务...
2026-09-01 20:47:21,035 - agentgate.task.scheduler - INFO - 找到 0 个待执行任务
2026-09-01 20:47:31,045 - agentgate.task.scheduler - INFO - 开始扫描 PENDING 状态任务...
2026-09-01 20:47:31,046 - agentgate.task.scheduler - INFO - 找到 0 个待执行任务
2026-09-01 20:47:40,658 - agentgate.task.service - INFO - Created task: e2270672-323f-475c-b83e-43ecc2b7aee4, name: dddd
2026-09-01 20:47:41,049 - agentgate.task.scheduler - INFO - 开始扫描 PENDING 状态任务...
2026-09-01 20:47:41,050 - agentgate.task.scheduler - INFO - 找到 0 个待执行任务
2026-09-01 20:47:51,053 - agentgate.task.scheduler - INFO - 开始扫描 PENDING 状态任务...
2026-09-01 20:47:51,054 - agentgate.task.scheduler - INFO - 找到 0 个待执行任务
2026-09-01 20:47:51,660 - agentgate.task.service - INFO - Created task: 87160e68-ecf4-46f0-9461-9f9c919145c0, name: 3333
2026-09-01 20:48:01,057 - agentgate.task.scheduler - INFO - 开始扫描 PENDING 状态任务...
2026-09-01 20:48:01,058 - agentgate.task.scheduler - INFO - 找到 0 个待执行任务
2026-09-01 20:48:06,866 - agentgate.task.service - INFO - Created task: e72fd826-4b52-4498-939b-25cc29ae82b4, name: 55555
2026-09-01 20:48:11,060 - agentgate.task.scheduler - INFO - 开始扫描 PENDING 状态任务...
2026-09-01 20:48:11,061 - agentgate.task.scheduler - INFO - 找到 0 个待执行任务
2026-09-01 20:48:21,077 - agentgate.task.scheduler - INFO - 开始扫描 PENDING 状态任务...
2026-09-01 20:48:21,078 - agentgate.task.scheduler - INFO - 找到 0 个待执行任务
2026-09-01 20:48:31,094 - agentgate.task.scheduler - INFO - 开始扫描 PENDING 状态任务...
2026-09-01 20:48:31,095 - agentgate.task.scheduler - INFO - 找到 0 个待执行任务
2026-09-01 20:48:41,111 - agentgate.task.scheduler - INFO - 开始扫描 PENDING 状态任务...
2026-09-01 20:48:41,112 - agentgate.task.scheduler - INFO - 找到 0 个待执行任务
2026-09-01 20:48:51,114 - agentgate.task.scheduler - INFO - 开始扫描 PENDING 状态任务...
2026-09-01 20:48:51,115 - agentgate.task.scheduler - INFO - 找到 0 个待执行任务
2026-09-01 20:49:01,117 - agentgate.task.scheduler - INFO - 开始扫描 PENDING 状态任务...
2026-09-01 20:49:01,119 - agentgate.task.scheduler - INFO - 找到 0 个待执行任务
2026-09-01 20:49:11,124 - agentgate.task.scheduler - INFO - 开始扫描 PENDING 状态任务...
2026-09-01 20:49:11,125 - agentgate.task.scheduler - INFO - 找到 0 个待执行任务
2026-09-01 20:49:21,141 - agentgate.task.scheduler - INFO - 开始扫描 PENDING 状态任务...
2026-09-01 20:49:21,143 - agentgate.task.scheduler - INFO - 找到 0 个待执行任务
2026-09-01 20:49:31,151 - agentgate.task.scheduler - INFO - 开始扫描 PENDING 状态任务...
2026-09-01 20:49:31,152 - agentgate.task.scheduler - INFO - 找到 0 个待执行任务
2026-09-01 20:49:41,163 - agentgate.task.scheduler - INFO - 开始扫描 PENDING 状态任务...
2026-09-01 20:49:41,165 - agentgate.task.scheduler - INFO - 找到 0 个待执行任务
2026-09-01 20:49:51,173 - agentgate.task.scheduler - INFO - 开始扫描 PENDING 状态任务...
2026-09-01 20:49:51,175 - agentgate.task.scheduler - INFO - 找到 0 个待执行任务
2026-09-01 20:50:01,184 - agentgate.task.scheduler - INFO - 开始扫描 PENDING 状态任务...
2026-09-01 20:50:01,186 - agentgate.task.scheduler - INFO - 找到 0 个待执行任务
2026-09-01 20:50:09,098 - src.agentgate.server.application - INFO - 日志系统初始化完成
2026-09-01 20:50:09,098 - src.agentgate.server.application - INFO - 使用数据库: agentgate.db
2026-09-01 20:50:09,161 - src.agentgate.server.application - INFO - 调度器任务已创建
2026-09-01 20:50:09,162 - agentgate.task.scheduler - INFO - 任务调度器已启动，扫描间隔: 10秒
2026-09-01 20:50:09,162 - agentgate.task.service - INFO - 调度器已启动，间隔: 10秒
2026-09-01 20:50:09,163 - agentgate.task.scheduler - INFO - 开始扫描 PENDING 状态任务...
2026-09-01 20:50:09,172 - agentgate.task.scheduler - INFO - 找到 0 个待执行任务
2026-09-01 20:50:19,188 - agentgate.task.scheduler - INFO - 开始扫描 PENDING 状态任务...
2026-09-01 20:50:19,190 - agentgate.task.scheduler - INFO - 找到 0 个待执行任务
2026-09-01 20:50:29,196 - agentgate.task.scheduler - INFO - 开始扫描 PENDING 状态任务...
2026-09-01 20:50:29,198 - agentgate.task.scheduler - INFO - 找到 0 个待执行任务
2026-09-01 20:50:39,209 - agentgate.task.scheduler - INFO - 开始扫描 PENDING 状态任务...
2026-09-01 20:50:39,211 - agentgate.task.scheduler - INFO - 找到 0 个待执行任务
2026-09-01 20:50:49,215 - agentgate.task.scheduler - INFO - 开始扫描 PENDING 状态任务...
2026-09-01 20:50:49,217 - agentgate.task.scheduler - INFO - 找到 0 个待执行任务
2026-09-01 20:50:59,225 - agentgate.task.scheduler - INFO - 开始扫描 PENDING 状态任务...
2026-09-01 20:50:59,227 - agentgate.task.scheduler - INFO - 找到 0 个待执行任务
2026-09-01 20:51:09,242 - agentgate.task.scheduler - INFO - 开始扫描 PENDING 状态任务...
2026-09-01 20:51:09,243 - agentgate.task.scheduler - INFO - 找到 0 个待执行任务
2026-09-01 20:51:19,256 - agentgate.task.scheduler - INFO - 开始扫描 PENDING 状态任务...
2026-09-01 20:51:19,258 - agentgate.task.scheduler - INFO - 找到 0 个待执行任务
2026-09-01 20:51:29,260 - agentgate.task.scheduler - INFO - 开始扫描 PENDING 状态任务...
2026-09-01 20:51:29,262 - agentgate.task.scheduler - INFO - 找到 0 个待执行任务
2026-09-01 20:51:39,265 - agentgate.task.scheduler - INFO - 开始扫描 PENDING 状态任务...
2026-09-01 20:51:39,266 - agentgate.task.scheduler - INFO - 找到 0 个待执行任务
2026-09-01 20:51:49,278 - agentgate.task.scheduler - INFO - 开始扫描 PENDING 状态任务...
2026-09-01 20:51:49,279 - agentgate.task.scheduler - INFO - 找到 0 个待执行任务
2026-09-01 20:51:59,283 - agentgate.task.scheduler - INFO - 开始扫描 PENDING 状态任务...
2026-09-01 20:51:59,284 - agentgate.task.scheduler - INFO - 找到 0 个待执行任务
2026-09-01 20:52:09,291 - agentgate.task.scheduler - INFO - 开始扫描 PENDING 状态任务...
2026-09-01 20:52:09,293 - agentgate.task.scheduler - INFO - 找到 0 个待执行任务
2026-09-01 20:52:19,297 - agentgate.task.scheduler - INFO - 开始扫描 PENDING 状态任务...
2026-09-01 20:52:19,299 - agentgate.task.scheduler - INFO - 找到 0 个待执行任务
2026-09-01 20:52:29,302 - agentgate.task.scheduler - INFO - 开始扫描 PENDING 状态任务...
2026-09-01 20:52:29,303 - agentgate.task.scheduler - INFO - 找到 0 个待执行任务
2026-09-01 20:52:39,307 - agentgate.task.scheduler - INFO - 开始扫描 PENDING 状态任务...
2026-09-01 20:52:39,309 - agentgate.task.scheduler - INFO - 找到 0 个待执行任务
2026-09-01 20:52:49,319 - agentgate.task.scheduler - INFO - 开始扫描 PENDING 状态任务...
2026-09-01 20:52:49,320 - agentgate.task.scheduler - INFO - 找到 0 个待执行任务
2026-09-01 20:52:59,336 - agentgate.task.scheduler - INFO - 开始扫描 PENDING 状态任务...
2026-09-01 20:52:59,338 - agentgate.task.scheduler - INFO - 找到 0 个待执行任务
2026-09-01 20:53:09,351 - agentgate.task.scheduler - INFO - 开始扫描 PENDING 状态任务...
2026-09-01 20:53:09,353 - agentgate.task.scheduler - INFO - 找到 0 个待执行任务
2026-09-01 20:53:14,104 - agentgate.task.service - INFO - Created task: 3719f985-dc9f-4769-ad66-5d00fe363809, name: 6666666
2026-09-01 20:53:19,356 - agentgate.task.scheduler - INFO - 开始扫描 PENDING 状态任务...
2026-09-01 20:53:19,358 - agentgate.task.scheduler - INFO - 找到 0 个待执行任务
2026-09-01 20:53:29,364 - agentgate.task.scheduler - INFO - 开始扫描 PENDING 状态任务...
2026-09-01 20:53:29,365 - agentgate.task.scheduler - INFO - 找到 0 个待执行任务
2026-09-01 20:53:39,381 - agentgate.task.scheduler - INFO - 开始扫描 PENDING 状态任务...
2026-09-01 20:53:39,382 - agentgate.task.scheduler - INFO - 找到 0 个待执行任务
2026-09-01 20:53:49,384 - agentgate.task.scheduler - INFO - 开始扫描 PENDING 状态任务...
2026-09-01 20:53:49,386 - agentgate.task.scheduler - INFO - 找到 0 个待执行任务
2026-09-01 20:53:59,388 - agentgate.task.scheduler - INFO - 开始扫描 PENDING 状态任务...
2026-09-01 20:53:59,389 - agentgate.task.scheduler - INFO - 找到 0 个待执行任务
2026-09-01 20:54:09,403 - agentgate.task.scheduler - INFO - 开始扫描 PENDING 状态任务...
2026-09-01 20:54:09,404 - agentgate.task.scheduler - INFO - 找到 0 个待执行任务
2026-09-01 20:54:19,409 - agentgate.task.scheduler - INFO - 开始扫描 PENDING 状态任务...
2026-09-01 20:54:19,411 - agentgate.task.scheduler - INFO - 找到 0 个待执行任务
2026-09-01 20:54:29,418 - agentgate.task.scheduler - INFO - 开始扫描 PENDING 状态任务...
2026-09-01 20:54:29,419 - agentgate.task.scheduler - INFO - 找到 0 个待执行任务
2026-09-01 20:54:39,430 - agentgate.task.scheduler - INFO - 开始扫描 PENDING 状态任务...
2026-09-01 20:54:39,432 - agentgate.task.scheduler - INFO - 找到 0 个待执行任务
2026-09-01 20:54:49,444 - agentgate.task.scheduler - INFO - 开始扫描 PENDING 状态任务...
2026-09-01 20:54:49,446 - agentgate.task.scheduler - INFO - 找到 0 个待执行任务
2026-09-01 20:54:59,461 - agentgate.task.scheduler - INFO - 开始扫描 PENDING 状态任务...
2026-09-01 20:54:59,462 - agentgate.task.scheduler - INFO - 找到 0 个待执行任务
2026-09-01 20:55:09,464 - agentgate.task.scheduler - INFO - 开始扫描 PENDING 状态任务...
2026-09-01 20:55:09,465 - agentgate.task.scheduler - INFO - 找到 0 个待执行任务
2026-09-01 20:55:19,476 - agentgate.task.scheduler - INFO - 开始扫描 PENDING 状态任务...
2026-09-01 20:55:19,478 - agentgate.task.scheduler - INFO - 找到 0 个待执行任务
2026-09-01 20:55:29,484 - agentgate.task.scheduler - INFO - 开始扫描 PENDING 状态任务...
2026-09-01 20:55:29,485 - agentgate.task.scheduler - INFO - 找到 0 个待执行任务
2026-09-01 20:55:39,494 - agentgate.task.scheduler - INFO - 开始扫描 PENDING 状态任务...
2026-09-01 20:55:39,496 - agentgate.task.scheduler - INFO - 找到 0 个待执行任务
2026-09-01 20:55:49,511 - agentgate.task.scheduler - INFO - 开始扫描 PENDING 状态任务...
2026-09-01 20:55:49,513 - agentgate.task.scheduler - INFO - 找到 0 个待执行任务
2026-09-01 20:55:59,527 - agentgate.task.scheduler - INFO - 开始扫描 PENDING 状态任务...
2026-09-01 20:55:59,529 - agentgate.task.scheduler - INFO - 找到 0 个待执行任务
2026-09-01 20:56:09,540 - agentgate.task.scheduler - INFO - 开始扫描 PENDING 状态任务...
2026-09-01 20:56:09,542 - agentgate.task.scheduler - INFO - 找到 0 个待执行任务
2026-09-01 20:56:19,549 - agentgate.task.scheduler - INFO - 开始扫描 PENDING 状态任务...
2026-09-01 20:56:19,550 - agentgate.task.scheduler - INFO - 找到 0 个待执行任务
2026-09-01 20:56:29,557 - agentgate.task.scheduler - INFO - 开始扫描 PENDING 状态任务...
2026-09-01 20:56:29,558 - agentgate.task.scheduler - INFO - 找到 0 个待执行任务
2026-09-01 20:56:39,573 - agentgate.task.scheduler - INFO - 开始扫描 PENDING 状态任务...
2026-09-01 20:56:39,574 - agentgate.task.scheduler - INFO - 找到 0 个待执行任务
2026-09-01 20:56:49,582 - agentgate.task.scheduler - INFO - 开始扫描 PENDING 状态任务...
2026-09-01 20:56:49,584 - agentgate.task.scheduler - INFO - 找到 0 个待执行任务
2026-09-01 20:56:59,598 - agentgate.task.scheduler - INFO - 开始扫描 PENDING 状态任务...
2026-09-01 20:56:59,599 - agentgate.task.scheduler - INFO - 找到 0 个待执行任务
2026-09-01 20:57:09,600 - agentgate.task.scheduler - INFO - 开始扫描 PENDING 状态任务...
2026-09-01 20:57:09,601 - agentgate.task.scheduler - INFO - 找到 0 个待执行任务
2026-09-01 20:57:19,609 - agentgate.task.scheduler - INFO - 开始扫描 PENDING 状态任务...
2026-09-01 20:57:19,610 - agentgate.task.scheduler - INFO - 找到 0 个待执行任务
2026-09-01 20:57:29,620 - agentgate.task.scheduler - INFO - 开始扫描 PENDING 状态任务...
2026-09-01 20:57:29,621 - agentgate.task.scheduler - INFO - 找到 0 个待执行任务
2026-09-01 20:57:39,627 - agentgate.task.scheduler - INFO - 开始扫描 PENDING 状态任务...
2026-09-01 20:57:39,628 - agentgate.task.scheduler - INFO - 找到 0 个待执行任务
2026-09-01 20:57:49,644 - agentgate.task.scheduler - INFO - 开始扫描 PENDING 状态任务...
2026-09-01 20:57:49,645 - agentgate.task.scheduler - INFO - 找到 0 个待执行任务
2026-09-01 20:57:59,650 - agentgate.task.scheduler - INFO - 开始扫描 PENDING 状态任务...
2026-09-01 20:57:59,651 - agentgate.task.scheduler - INFO - 找到 0 个待执行任务
2026-09-01 20:58:09,666 - agentgate.task.scheduler - INFO - 开始扫描 PENDING 状态任务...
2026-09-01 20:58:09,667 - agentgate.task.scheduler - INFO - 找到 0 个待执行任务
2026-09-01 20:58:15,808 - src.agentgate.server.application - INFO - 日志系统初始化完成
2026-09-01 20:58:15,808 - src.agentgate.server.application - INFO - 使用数据库: agentgate.db
2026-09-01 20:58:15,868 - src.agentgate.server.application - INFO - 调度器任务已创建
2026-09-01 20:58:15,869 - agentgate.task.scheduler - INFO - 任务调度器已启动，扫描间隔: 10秒
2026-09-01 20:58:15,869 - agentgate.task.service - INFO - 调度器已启动，间隔: 10秒
2026-09-01 20:58:15,870 - agentgate.task.scheduler - INFO - 开始扫描 PENDING 状态任务...
2026-09-01 20:58:15,878 - agentgate.task.scheduler - INFO - 找到 0 个待执行任务
2026-09-01 20:58:25,893 - agentgate.task.scheduler - INFO - 开始扫描 PENDING 状态任务...
2026-09-01 20:58:25,895 - agentgate.task.scheduler - INFO - 找到 0 个待执行任务
2026-09-01 20:58:35,909 - agentgate.task.scheduler - INFO - 开始扫描 PENDING 状态任务...
2026-09-01 20:58:35,910 - agentgate.task.scheduler - INFO - 找到 0 个待执行任务
2026-09-01 20:58:45,911 - agentgate.task.scheduler - INFO - 开始扫描 PENDING 状态任务...
2026-09-01 20:58:45,912 - agentgate.task.scheduler - INFO - 找到 0 个待执行任务
2026-09-01 20:58:55,915 - agentgate.task.scheduler - INFO - 开始扫描 PENDING 状态任务...
2026-09-01 20:58:55,916 - agentgate.task.scheduler - INFO - 找到 0 个待执行任务
2026-09-01 20:59:05,928 - agentgate.task.scheduler - INFO - 开始扫描 PENDING 状态任务...
2026-09-01 20:59:05,929 - agentgate.task.scheduler - INFO - 找到 0 个待执行任务
2026-09-01 20:59:15,944 - agentgate.task.scheduler - INFO - 开始扫描 PENDING 状态任务...
2026-09-01 20:59:15,945 - agentgate.task.scheduler - INFO - 找到 0 个待执行任务
2026-09-01 20:59:25,953 - agentgate.task.scheduler - INFO - 开始扫描 PENDING 状态任务...
2026-09-01 20:59:25,955 - agentgate.task.scheduler - INFO - 找到 0 个待执行任务
2026-09-01 20:59:35,968 - agentgate.task.scheduler - INFO - 开始扫描 PENDING 状态任务...
2026-09-01 20:59:35,970 - agentgate.task.scheduler - INFO - 找到 0 个待执行任务
2026-09-01 20:59:45,978 - agentgate.task.scheduler - INFO - 开始扫描 PENDING 状态任务...
2026-09-01 20:59:45,980 - agentgate.task.scheduler - INFO - 找到 0 个待执行任务
2026-09-01 20:59:55,982 - agentgate.task.scheduler - INFO - 开始扫描 PENDING 状态任务...
2026-09-01 20:59:55,983 - agentgate.task.scheduler - INFO - 找到 0 个待执行任务
2026-09-01 21:00:05,993 - agentgate.task.scheduler - INFO - 开始扫描 PENDING 状态任务...
2026-09-01 21:00:05,994 - agentgate.task.scheduler - INFO - 找到 0 个待执行任务
2026-09-01 21:00:16,010 - agentgate.task.scheduler - INFO - 开始扫描 PENDING 状态任务...
2026-09-01 21:00:16,012 - agentgate.task.scheduler - INFO - 找到 0 个待执行任务
2026-09-01 21:00:26,017 - agentgate.task.scheduler - INFO - 开始扫描 PENDING 状态任务...
2026-09-01 21:00:26,019 - agentgate.task.scheduler - INFO - 找到 0 个待执行任务
2026-09-01 21:00:36,022 - agentgate.task.scheduler - INFO - 开始扫描 PENDING 状态任务...
2026-09-01 21:00:36,023 - agentgate.task.scheduler - INFO - 找到 0 个待执行任务
2026-09-01 21:00:46,030 - agentgate.task.scheduler - INFO - 开始扫描 PENDING 状态任务...
2026-09-01 21:00:46,032 - agentgate.task.scheduler - INFO - 找到 0 个待执行任务
2026-09-01 21:00:56,033 - agentgate.task.scheduler - INFO - 开始扫描 PENDING 状态任务...
2026-09-01 21:00:56,036 - agentgate.task.scheduler - INFO - 找到 0 个待执行任务
2026-09-01 21:01:06,052 - agentgate.task.scheduler - INFO - 开始扫描 PENDING 状态任务...
2026-09-01 21:01:06,053 - agentgate.task.scheduler - INFO - 找到 0 个待执行任务
2026-09-01 21:01:11,621 - agentgate.task.service - INFO - Task 3719f985-dc9f-4769-ad66-5d00fe363809 started, status changed to PENDING
2026-09-01 21:01:16,067 - agentgate.task.scheduler - INFO - 开始扫描 PENDING 状态任务...
2026-09-01 21:01:16,068 - agentgate.task.scheduler - INFO - 找到 1 个待执行任务
2026-09-01 21:01:16,069 - agentgate.task.scheduler - INFO - 开始执行任务: 3719f985-dc9f-4769-ad66-5d00fe363809, 名称: 6666666
2026-09-01 21:01:16,069 - agentgate.task.scheduler - INFO - 使用已有执行记录: run_id=002cdb32-7e4c-402c-8036-5a9f238e7b89, run_no=1
2026-09-01 21:01:16,077 - agentgate.task.scheduler - INFO - 任务状态变更为 RUNNING: 3719f985-dc9f-4769-ad66-5d00fe363809
2026-09-01 21:01:16,079 - agentgate.task.scheduler - INFO - 通过数据集服务获取了 3 个用例
2026-09-01 21:01:16,079 - agentgate.task.scheduler - INFO - 从数据集加载了 3 个用例
2026-09-01 21:01:16,082 - agentgate.task.scheduler - INFO - 用例执行完成: case_id=0f1278fa-610c-4b92-9426-3639c3477be2, score=85.0
2026-09-01 21:01:16,085 - agentgate.task.scheduler - INFO - 用例执行完成: case_id=c0b24f99-eb66-4d36-8a7e-9fb977660884, score=85.0
2026-09-01 21:01:16,088 - agentgate.task.scheduler - INFO - 用例执行完成: case_id=e78f986a-1d31-46e8-88dc-53fb79298c6c, score=85.0
2026-09-01 21:01:16,094 - agentgate.task.scheduler - INFO - 任务执行完成: 3719f985-dc9f-4769-ad66-5d00fe363809, 共执行 3 个用例
2026-09-01 21:01:26,098 - agentgate.task.scheduler - INFO - 开始扫描 PENDING 状态任务...
2026-09-01 21:01:26,100 - agentgate.task.scheduler - INFO - 找到 0 个待执行任务
2026-09-01 21:01:36,110 - agentgate.task.scheduler - INFO - 开始扫描 PENDING 状态任务...
2026-09-01 21:01:36,112 - agentgate.task.scheduler - INFO - 找到 0 个待执行任务
2026-09-01 21:01:46,114 - agentgate.task.scheduler - INFO - 开始扫描 PENDING 状态任务...
2026-09-01 21:01:46,115 - agentgate.task.scheduler - INFO - 找到 0 个待执行任务
2026-09-01 21:01:56,131 - agentgate.task.scheduler - INFO - 开始扫描 PENDING 状态任务...
2026-09-01 21:01:56,132 - agentgate.task.scheduler - INFO - 找到 0 个待执行任务
2026-09-01 21:02:06,148 - agentgate.task.scheduler - INFO - 开始扫描 PENDING 状态任务...
2026-09-01 21:02:06,149 - agentgate.task.scheduler - INFO - 找到 0 个待执行任务
2026-09-01 21:02:16,155 - agentgate.task.scheduler - INFO - 开始扫描 PENDING 状态任务...
2026-09-01 21:02:16,157 - agentgate.task.scheduler - INFO - 找到 0 个待执行任务
2026-09-01 21:02:26,165 - agentgate.task.scheduler - INFO - 开始扫描 PENDING 状态任务...
2026-09-01 21:02:26,167 - agentgate.task.scheduler - INFO - 找到 0 个待执行任务
2026-09-01 21:02:36,176 - agentgate.task.scheduler - INFO - 开始扫描 PENDING 状态任务...
2026-09-01 21:02:36,177 - agentgate.task.scheduler - INFO - 找到 0 个待执行任务
2026-09-01 21:02:46,193 - agentgate.task.scheduler - INFO - 开始扫描 PENDING 状态任务...
2026-09-01 21:02:46,194 - agentgate.task.scheduler - INFO - 找到 0 个待执行任务
2026-09-01 21:02:56,206 - agentgate.task.scheduler - INFO - 开始扫描 PENDING 状态任务...
2026-09-01 21:02:56,207 - agentgate.task.scheduler - INFO - 找到 0 个待执行任务
2026-09-01 21:03:06,213 - agentgate.task.scheduler - INFO - 开始扫描 PENDING 状态任务...
2026-09-01 21:03:06,215 - agentgate.task.scheduler - INFO - 找到 0 个待执行任务
2026-09-01 21:03:16,217 - agentgate.task.scheduler - INFO - 开始扫描 PENDING 状态任务...
2026-09-01 21:03:16,219 - agentgate.task.scheduler - INFO - 找到 0 个待执行任务
2026-09-01 21:03:26,227 - agentgate.task.scheduler - INFO - 开始扫描 PENDING 状态任务...
2026-09-01 21:03:26,228 - agentgate.task.scheduler - INFO - 找到 0 个待执行任务
2026-09-01 21:03:36,241 - agentgate.task.scheduler - INFO - 开始扫描 PENDING 状态任务...
2026-09-01 21:03:36,242 - agentgate.task.scheduler - INFO - 找到 0 个待执行任务
2026-09-01 21:03:46,246 - agentgate.task.scheduler - INFO - 开始扫描 PENDING 状态任务...
2026-09-01 21:03:46,247 - agentgate.task.scheduler - INFO - 找到 0 个待执行任务
2026-09-01 21:03:56,259 - agentgate.task.scheduler - INFO - 开始扫描 PENDING 状态任务...
2026-09-01 21:03:56,261 - agentgate.task.scheduler - INFO - 找到 0 个待执行任务
2026-09-01 21:04:06,270 - agentgate.task.scheduler - INFO - 开始扫描 PENDING 状态任务...
2026-09-01 21:04:06,272 - agentgate.task.scheduler - INFO - 找到 0 个待执行任务
2026-09-01 21:04:16,280 - agentgate.task.scheduler - INFO - 开始扫描 PENDING 状态任务...
2026-09-01 21:04:16,281 - agentgate.task.scheduler - INFO - 找到 0 个待执行任务
2026-09-01 21:04:26,289 - agentgate.task.scheduler - INFO - 开始扫描 PENDING 状态任务...
2026-09-01 21:04:26,290 - agentgate.task.scheduler - INFO - 找到 0 个待执行任务
2026-09-01 21:04:36,305 - agentgate.task.scheduler - INFO - 开始扫描 PENDING 状态任务...
2026-09-01 21:04:36,307 - agentgate.task.scheduler - INFO - 找到 0 个待执行任务
2026-09-01 21:04:46,319 - agentgate.task.scheduler - INFO - 开始扫描 PENDING 状态任务...
2026-09-01 21:04:46,321 - agentgate.task.scheduler - INFO - 找到 0 个待执行任务
2026-09-01 21:04:56,329 - agentgate.task.scheduler - INFO - 开始扫描 PENDING 状态任务...
2026-09-01 21:04:56,330 - agentgate.task.scheduler - INFO - 找到 0 个待执行任务
2026-09-01 21:05:06,331 - agentgate.task.scheduler - INFO - 开始扫描 PENDING 状态任务...
2026-09-01 21:05:06,332 - agentgate.task.scheduler - INFO - 找到 0 个待执行任务
2026-09-01 21:05:16,341 - agentgate.task.scheduler - INFO - 开始扫描 PENDING 状态任务...
2026-09-01 21:05:16,342 - agentgate.task.scheduler - INFO - 找到 0 个待执行任务
2026-09-01 21:05:26,343 - agentgate.task.scheduler - INFO - 开始扫描 PENDING 状态任务...
2026-09-01 21:05:26,345 - agentgate.task.scheduler - INFO - 找到 0 个待执行任务
2026-09-01 21:05:36,346 - agentgate.task.scheduler - INFO - 开始扫描 PENDING 状态任务...
2026-09-01 21:05:36,348 - agentgate.task.scheduler - INFO - 找到 0 个待执行任务
2026-09-01 21:05:46,357 - agentgate.task.scheduler - INFO - 开始扫描 PENDING 状态任务...
2026-09-01 21:05:46,359 - agentgate.task.scheduler - INFO - 找到 0 个待执行任务
2026-09-01 21:05:56,361 - agentgate.task.scheduler - INFO - 开始扫描 PENDING 状态任务...
2026-09-01 21:05:56,364 - agentgate.task.scheduler - INFO - 找到 0 个待执行任务
2026-09-01 21:06:06,375 - agentgate.task.scheduler - INFO - 开始扫描 PENDING 状态任务...
2026-09-01 21:06:06,377 - agentgate.task.scheduler - INFO - 找到 0 个待执行任务
2026-09-01 21:06:16,380 - agentgate.task.scheduler - INFO - 开始扫描 PENDING 状态任务...
2026-09-01 21:06:16,381 - agentgate.task.scheduler - INFO - 找到 0 个待执行任务
2026-09-01 21:06:26,396 - agentgate.task.scheduler - INFO - 开始扫描 PENDING 状态任务...
2026-09-01 21:06:26,397 - agentgate.task.scheduler - INFO - 找到 0 个待执行任务
2026-09-01 21:06:36,407 - agentgate.task.scheduler - INFO - 开始扫描 PENDING 状态任务...
2026-09-01 21:06:36,409 - agentgate.task.scheduler - INFO - 找到 0 个待执行任务
2026-09-01 21:06:46,410 - agentgate.task.scheduler - INFO - 开始扫描 PENDING 状态任务...
2026-09-01 21:06:46,412 - agentgate.task.scheduler - INFO - 找到 0 个待执行任务
2026-09-01 21:06:56,424 - agentgate.task.scheduler - INFO - 开始扫描 PENDING 状态任务...
2026-09-01 21:06:56,425 - agentgate.task.scheduler - INFO - 找到 0 个待执行任务
2026-09-01 21:07:06,432 - agentgate.task.scheduler - INFO - 开始扫描 PENDING 状态任务...
2026-09-01 21:07:06,434 - agentgate.task.scheduler - INFO - 找到 0 个待执行任务
2026-09-01 21:07:16,441 - agentgate.task.scheduler - INFO - 开始扫描 PENDING 状态任务...
2026-09-01 21:07:16,443 - agentgate.task.scheduler - INFO - 找到 0 个待执行任务
2026-09-01 21:07:26,450 - agentgate.task.scheduler - INFO - 开始扫描 PENDING 状态任务...
2026-09-01 21:07:26,451 - agentgate.task.scheduler - INFO - 找到 0 个待执行任务
2026-09-01 21:07:36,464 - agentgate.task.scheduler - INFO - 开始扫描 PENDING 状态任务...
2026-09-01 21:07:36,465 - agentgate.task.scheduler - INFO - 找到 0 个待执行任务
2026-09-01 21:07:46,471 - agentgate.task.scheduler - INFO - 开始扫描 PENDING 状态任务...
2026-09-01 21:07:46,473 - agentgate.task.scheduler - INFO - 找到 0 个待执行任务
2026-09-01 21:07:56,484 - agentgate.task.scheduler - INFO - 开始扫描 PENDING 状态任务...
2026-09-01 21:07:56,486 - agentgate.task.scheduler - INFO - 找到 0 个待执行任务
2026-09-01 21:08:06,489 - agentgate.task.scheduler - INFO - 开始扫描 PENDING 状态任务...
2026-09-01 21:08:06,490 - agentgate.task.scheduler - INFO - 找到 0 个待执行任务
2026-09-01 21:08:16,496 - agentgate.task.scheduler - INFO - 开始扫描 PENDING 状态任务...
2026-09-01 21:08:16,498 - agentgate.task.scheduler - INFO - 找到 0 个待执行任务
2026-09-01 21:08:26,513 - agentgate.task.scheduler - INFO - 开始扫描 PENDING 状态任务...
2026-09-01 21:08:26,515 - agentgate.task.scheduler - INFO - 找到 0 个待执行任务
2026-09-01 21:08:36,516 - agentgate.task.scheduler - INFO - 开始扫描 PENDING 状态任务...
2026-09-01 21:08:36,518 - agentgate.task.scheduler - INFO - 找到 0 个待执行任务
2026-09-01 21:08:46,534 - agentgate.task.scheduler - INFO - 开始扫描 PENDING 状态任务...
2026-09-01 21:08:46,535 - agentgate.task.scheduler - INFO - 找到 0 个待执行任务
2026-09-01 21:08:56,546 - agentgate.task.scheduler - INFO - 开始扫描 PENDING 状态任务...
2026-09-01 21:08:56,547 - agentgate.task.scheduler - INFO - 找到 0 个待执行任务
2026-09-01 21:09:06,556 - agentgate.task.scheduler - INFO - 开始扫描 PENDING 状态任务...
2026-09-01 21:09:06,558 - agentgate.task.scheduler - INFO - 找到 0 个待执行任务
2026-09-01 21:09:16,573 - agentgate.task.scheduler - INFO - 开始扫描 PENDING 状态任务...
2026-09-01 21:09:16,575 - agentgate.task.scheduler - INFO - 找到 0 个待执行任务
2026-09-01 21:09:26,591 - agentgate.task.scheduler - INFO - 开始扫描 PENDING 状态任务...
2026-09-01 21:09:26,592 - agentgate.task.scheduler - INFO - 找到 0 个待执行任务
2026-09-01 21:09:36,608 - agentgate.task.scheduler - INFO - 开始扫描 PENDING 状态任务...
2026-09-01 21:09:36,610 - agentgate.task.scheduler - INFO - 找到 0 个待执行任务
2026-09-01 21:09:46,620 - agentgate.task.scheduler - INFO - 开始扫描 PENDING 状态任务...
2026-09-01 21:09:46,622 - agentgate.task.scheduler - INFO - 找到 0 个待执行任务
2026-09-01 21:09:56,631 - agentgate.task.scheduler - INFO - 开始扫描 PENDING 状态任务...
2026-09-01 21:09:56,632 - agentgate.task.scheduler - INFO - 找到 0 个待执行任务
2026-09-01 21:10:06,643 - agentgate.task.scheduler - INFO - 开始扫描 PENDING 状态任务...
2026-09-01 21:10:06,645 - agentgate.task.scheduler - INFO - 找到 0 个待执行任务
2026-09-01 21:10:16,648 - agentgate.task.scheduler - INFO - 开始扫描 PENDING 状态任务...
2026-09-01 21:10:16,649 - agentgate.task.scheduler - INFO - 找到 0 个待执行任务
2026-09-01 21:10:26,658 - agentgate.task.scheduler - INFO - 开始扫描 PENDING 状态任务...
2026-09-01 21:10:26,659 - agentgate.task.scheduler - INFO - 找到 0 个待执行任务
2026-09-01 21:10:36,674 - agentgate.task.scheduler - INFO - 开始扫描 PENDING 状态任务...
2026-09-01 21:10:36,676 - agentgate.task.scheduler - INFO - 找到 0 个待执行任务
2026-09-01 21:10:46,683 - agentgate.task.scheduler - INFO - 开始扫描 PENDING 状态任务...
2026-09-01 21:10:46,684 - agentgate.task.scheduler - INFO - 找到 0 个待执行任务
2026-09-01 21:10:56,688 - agentgate.task.scheduler - INFO - 开始扫描 PENDING 状态任务...
2026-09-01 21:10:56,689 - agentgate.task.scheduler - INFO - 找到 0 个待执行任务
2026-09-01 21:11:06,700 - agentgate.task.scheduler - INFO - 开始扫描 PENDING 状态任务...
2026-09-01 21:11:06,701 - agentgate.task.scheduler - INFO - 找到 0 个待执行任务
2026-09-01 21:11:16,717 - agentgate.task.scheduler - INFO - 开始扫描 PENDING 状态任务...
2026-09-01 21:11:16,719 - agentgate.task.scheduler - INFO - 找到 0 个待执行任务
2026-09-01 21:11:26,731 - agentgate.task.scheduler - INFO - 开始扫描 PENDING 状态任务...
2026-09-01 21:11:26,732 - agentgate.task.scheduler - INFO - 找到 0 个待执行任务
2026-09-01 21:11:36,737 - agentgate.task.scheduler - INFO - 开始扫描 PENDING 状态任务...
2026-09-01 21:11:36,738 - agentgate.task.scheduler - INFO - 找到 0 个待执行任务
2026-09-01 21:11:46,740 - agentgate.task.scheduler - INFO - 开始扫描 PENDING 状态任务...
2026-09-01 21:11:46,741 - agentgate.task.scheduler - INFO - 找到 0 个待执行任务
2026-09-01 21:11:56,754 - agentgate.task.scheduler - INFO - 开始扫描 PENDING 状态任务...
2026-09-01 21:11:56,756 - agentgate.task.scheduler - INFO - 找到 0 个待执行任务
2026-09-01 21:12:06,762 - agentgate.task.scheduler - INFO - 开始扫描 PENDING 状态任务...
2026-09-01 21:12:06,764 - agentgate.task.scheduler - INFO - 找到 0 个待执行任务
2026-09-01 21:12:16,768 - agentgate.task.scheduler - INFO - 开始扫描 PENDING 状态任务...
2026-09-01 21:12:16,770 - agentgate.task.scheduler - INFO - 找到 0 个待执行任务
2026-09-01 21:12:26,777 - agentgate.task.scheduler - INFO - 开始扫描 PENDING 状态任务...
2026-09-01 21:12:26,779 - agentgate.task.scheduler - INFO - 找到 0 个待执行任务
2026-09-01 21:12:36,793 - agentgate.task.scheduler - INFO - 开始扫描 PENDING 状态任务...
2026-09-01 21:12:36,795 - agentgate.task.scheduler - INFO - 找到 0 个待执行任务
2026-09-01 21:12:46,801 - agentgate.task.scheduler - INFO - 开始扫描 PENDING 状态任务...
2026-09-01 21:12:46,803 - agentgate.task.scheduler - INFO - 找到 0 个待执行任务
2026-09-01 21:12:56,805 - agentgate.task.scheduler - INFO - 开始扫描 PENDING 状态任务...
2026-09-01 21:12:56,806 - agentgate.task.scheduler - INFO - 找到 0 个待执行任务
2026-09-01 21:13:06,820 - agentgate.task.scheduler - INFO - 开始扫描 PENDING 状态任务...
2026-09-01 21:13:06,821 - agentgate.task.scheduler - INFO - 找到 0 个待执行任务
2026-09-01 21:13:16,830 - agentgate.task.scheduler - INFO - 开始扫描 PENDING 状态任务...
2026-09-01 21:13:16,831 - agentgate.task.scheduler - INFO - 找到 0 个待执行任务
2026-09-01 21:13:26,845 - agentgate.task.scheduler - INFO - 开始扫描 PENDING 状态任务...
2026-09-01 21:13:26,847 - agentgate.task.scheduler - INFO - 找到 0 个待执行任务
2026-09-01 21:13:36,849 - agentgate.task.scheduler - INFO - 开始扫描 PENDING 状态任务...
2026-09-01 21:13:36,851 - agentgate.task.scheduler - INFO - 找到 0 个待执行任务
2026-09-01 21:13:46,867 - agentgate.task.scheduler - INFO - 开始扫描 PENDING 状态任务...
2026-09-01 21:13:46,869 - agentgate.task.scheduler - INFO - 找到 0 个待执行任务
2026-09-01 21:13:56,877 - agentgate.task.scheduler - INFO - 开始扫描 PENDING 状态任务...
2026-09-01 21:13:56,879 - agentgate.task.scheduler - INFO - 找到 0 个待执行任务
2026-09-01 21:14:06,882 - agentgate.task.scheduler - INFO - 开始扫描 PENDING 状态任务...
2026-09-01 21:14:06,884 - agentgate.task.scheduler - INFO - 找到 0 个待执行任务
2026-09-01 21:14:16,888 - agentgate.task.scheduler - INFO - 开始扫描 PENDING 状态任务...
2026-09-01 21:14:16,890 - agentgate.task.scheduler - INFO - 找到 0 个待执行任务
2026-09-01 21:14:26,900 - agentgate.task.scheduler - INFO - 开始扫描 PENDING 状态任务...
2026-09-01 21:14:26,902 - agentgate.task.scheduler - INFO - 找到 0 个待执行任务
2026-09-01 21:14:36,905 - agentgate.task.scheduler - INFO - 开始扫描 PENDING 状态任务...
2026-09-01 21:14:36,907 - agentgate.task.scheduler - INFO - 找到 0 个待执行任务
2026-09-01 21:14:46,918 - agentgate.task.scheduler - INFO - 开始扫描 PENDING 状态任务...
2026-09-01 21:14:46,919 - agentgate.task.scheduler - INFO - 找到 0 个待执行任务
2026-09-01 21:14:56,923 - agentgate.task.scheduler - INFO - 开始扫描 PENDING 状态任务...
2026-09-01 21:14:56,924 - agentgate.task.scheduler - INFO - 找到 0 个待执行任务
2026-09-01 21:15:06,931 - agentgate.task.scheduler - INFO - 开始扫描 PENDING 状态任务...
2026-09-01 21:15:06,933 - agentgate.task.scheduler - INFO - 找到 0 个待执行任务
2026-09-01 21:15:16,939 - agentgate.task.scheduler - INFO - 开始扫描 PENDING 状态任务...
2026-09-01 21:15:16,941 - agentgate.task.scheduler - INFO - 找到 0 个待执行任务
2026-09-01 21:15:26,946 - agentgate.task.scheduler - INFO - 开始扫描 PENDING 状态任务...
2026-09-01 21:15:26,948 - agentgate.task.scheduler - INFO - 找到 0 个待执行任务
2026-09-01 21:15:36,955 - agentgate.task.scheduler - INFO - 开始扫描 PENDING 状态任务...
2026-09-01 21:15:36,957 - agentgate.task.scheduler - INFO - 找到 0 个待执行任务
2026-09-01 21:15:46,968 - agentgate.task.scheduler - INFO - 开始扫描 PENDING 状态任务...
2026-09-01 21:15:46,970 - agentgate.task.scheduler - INFO - 找到 0 个待执行任务
2026-09-01 21:15:56,972 - agentgate.task.scheduler - INFO - 开始扫描 PENDING 状态任务...
2026-09-01 21:15:56,973 - agentgate.task.scheduler - INFO - 找到 0 个待执行任务
2026-09-01 21:16:06,980 - agentgate.task.scheduler - INFO - 开始扫描 PENDING 状态任务...
2026-09-01 21:16:06,982 - agentgate.task.scheduler - INFO - 找到 0 个待执行任务
2026-09-01 21:16:16,991 - agentgate.task.scheduler - INFO - 开始扫描 PENDING 状态任务...
2026-09-01 21:16:16,993 - agentgate.task.scheduler - INFO - 找到 0 个待执行任务
2026-09-01 21:16:26,997 - agentgate.task.scheduler - INFO - 开始扫描 PENDING 状态任务...
2026-09-01 21:16:26,999 - agentgate.task.scheduler - INFO - 找到 0 个待执行任务
2026-09-01 21:16:37,003 - agentgate.task.scheduler - INFO - 开始扫描 PENDING 状态任务...
2026-09-01 21:16:37,005 - agentgate.task.scheduler - INFO - 找到 0 个待执行任务
2026-09-01 21:16:47,018 - agentgate.task.scheduler - INFO - 开始扫描 PENDING 状态任务...
2026-09-01 21:16:47,020 - agentgate.task.scheduler - INFO - 找到 0 个待执行任务
2026-09-01 21:16:57,033 - agentgate.task.scheduler - INFO - 开始扫描 PENDING 状态任务...
2026-09-01 21:16:57,034 - agentgate.task.scheduler - INFO - 找到 0 个待执行任务
2026-09-01 21:17:07,043 - agentgate.task.scheduler - INFO - 开始扫描 PENDING 状态任务...
2026-09-01 21:17:07,044 - agentgate.task.scheduler - INFO - 找到 0 个待执行任务
2026-09-01 21:17:17,052 - agentgate.task.scheduler - INFO - 开始扫描 PENDING 状态任务...
2026-09-01 21:17:17,054 - agentgate.task.scheduler - INFO - 找到 0 个待执行任务
2026-09-01 21:17:27,057 - agentgate.task.scheduler - INFO - 开始扫描 PENDING 状态任务...
2026-09-01 21:17:27,059 - agentgate.task.scheduler - INFO - 找到 0 个待执行任务
2026-09-01 21:17:37,069 - agentgate.task.scheduler - INFO - 开始扫描 PENDING 状态任务...
2026-09-01 21:17:37,070 - agentgate.task.scheduler - INFO - 找到 0 个待执行任务
2026-09-01 21:17:47,072 - agentgate.task.scheduler - INFO - 开始扫描 PENDING 状态任务...
2026-09-01 21:17:47,074 - agentgate.task.scheduler - INFO - 找到 0 个待执行任务
2026-09-01 21:17:57,085 - agentgate.task.scheduler - INFO - 开始扫描 PENDING 状态任务...
2026-09-01 21:17:57,086 - agentgate.task.scheduler - INFO - 找到 0 个待执行任务
2026-09-01 21:18:07,102 - agentgate.task.scheduler - INFO - 开始扫描 PENDING 状态任务...
2026-09-01 21:18:07,103 - agentgate.task.scheduler - INFO - 找到 0 个待执行任务
2026-09-01 21:18:17,112 - agentgate.task.scheduler - INFO - 开始扫描 PENDING 状态任务...
2026-09-01 21:18:17,113 - agentgate.task.scheduler - INFO - 找到 0 个待执行任务
2026-09-01 21:18:27,118 - agentgate.task.scheduler - INFO - 开始扫描 PENDING 状态任务...
2026-09-01 21:18:27,120 - agentgate.task.scheduler - INFO - 找到 0 个待执行任务
2026-09-01 21:18:37,127 - agentgate.task.scheduler - INFO - 开始扫描 PENDING 状态任务...
2026-09-01 21:18:37,129 - agentgate.task.scheduler - INFO - 找到 0 个待执行任务
2026-09-01 21:18:47,143 - agentgate.task.scheduler - INFO - 开始扫描 PENDING 状态任务...
2026-09-01 21:18:47,144 - agentgate.task.scheduler - INFO - 找到 0 个待执行任务
2026-09-01 21:18:57,146 - agentgate.task.scheduler - INFO - 开始扫描 PENDING 状态任务...
2026-09-01 21:18:57,148 - agentgate.task.scheduler - INFO - 找到 0 个待执行任务
2026-09-01 21:19:07,163 - agentgate.task.scheduler - INFO - 开始扫描 PENDING 状态任务...
2026-09-01 21:19:07,165 - agentgate.task.scheduler - INFO - 找到 0 个待执行任务
2026-09-01 21:19:17,167 - agentgate.task.scheduler - INFO - 开始扫描 PENDING 状态任务...
2026-09-01 21:19:17,168 - agentgate.task.scheduler - INFO - 找到 0 个待执行任务
2026-09-01 21:19:27,171 - agentgate.task.scheduler - INFO - 开始扫描 PENDING 状态任务...
2026-09-01 21:19:27,173 - agentgate.task.scheduler - INFO - 找到 0 个待执行任务
2026-09-01 21:19:37,184 - agentgate.task.scheduler - INFO - 开始扫描 PENDING 状态任务...
2026-09-01 21:19:37,185 - agentgate.task.scheduler - INFO - 找到 0 个待执行任务
2026-09-01 21:19:47,197 - agentgate.task.scheduler - INFO - 开始扫描 PENDING 状态任务...
2026-09-01 21:19:47,199 - agentgate.task.scheduler - INFO - 找到 0 个待执行任务
2026-09-01 21:19:57,207 - agentgate.task.scheduler - INFO - 开始扫描 PENDING 状态任务...
2026-09-01 21:19:57,208 - agentgate.task.scheduler - INFO - 找到 0 个待执行任务
2026-09-01 21:20:07,212 - agentgate.task.scheduler - INFO - 开始扫描 PENDING 状态任务...
2026-09-01 21:20:07,213 - agentgate.task.scheduler - INFO - 找到 0 个待执行任务
2026-09-01 21:20:17,215 - agentgate.task.scheduler - INFO - 开始扫描 PENDING 状态任务...
2026-09-01 21:20:17,217 - agentgate.task.scheduler - INFO - 找到 0 个待执行任务
2026-09-01 21:20:27,231 - agentgate.task.scheduler - INFO - 开始扫描 PENDING 状态任务...
2026-09-01 21:20:27,232 - agentgate.task.scheduler - INFO - 找到 0 个待执行任务
2026-09-01 21:20:37,235 - agentgate.task.scheduler - INFO - 开始扫描 PENDING 状态任务...
2026-09-01 21:20:37,237 - agentgate.task.scheduler - INFO - 找到 0 个待执行任务
2026-09-01 21:20:47,243 - agentgate.task.scheduler - INFO - 开始扫描 PENDING 状态任务...
2026-09-01 21:20:47,244 - agentgate.task.scheduler - INFO - 找到 0 个待执行任务
2026-09-01 21:20:57,255 - agentgate.task.scheduler - INFO - 开始扫描 PENDING 状态任务...
2026-09-01 21:20:57,257 - agentgate.task.scheduler - INFO - 找到 0 个待执行任务
2026-09-01 21:21:07,261 - agentgate.task.scheduler - INFO - 开始扫描 PENDING 状态任务...
2026-09-01 21:21:07,262 - agentgate.task.scheduler - INFO - 找到 0 个待执行任务
2026-09-01 21:21:17,276 - agentgate.task.scheduler - INFO - 开始扫描 PENDING 状态任务...
2026-09-01 21:21:17,277 - agentgate.task.scheduler - INFO - 找到 0 个待执行任务
2026-09-01 21:21:27,291 - agentgate.task.scheduler - INFO - 开始扫描 PENDING 状态任务...
2026-09-01 21:21:27,292 - agentgate.task.scheduler - INFO - 找到 0 个待执行任务
2026-09-01 21:21:37,307 - agentgate.task.scheduler - INFO - 开始扫描 PENDING 状态任务...
2026-09-01 21:21:37,309 - agentgate.task.scheduler - INFO - 找到 0 个待执行任务
2026-09-01 21:21:47,315 - agentgate.task.scheduler - INFO - 开始扫描 PENDING 状态任务...
2026-09-01 21:21:47,317 - agentgate.task.scheduler - INFO - 找到 0 个待执行任务
2026-09-01 21:21:57,327 - agentgate.task.scheduler - INFO - 开始扫描 PENDING 状态任务...
2026-09-01 21:21:57,328 - agentgate.task.scheduler - INFO - 找到 0 个待执行任务
2026-09-01 21:22:07,344 - agentgate.task.scheduler - INFO - 开始扫描 PENDING 状态任务...
2026-09-01 21:22:07,346 - agentgate.task.scheduler - INFO - 找到 0 个待执行任务
2026-09-01 21:22:17,354 - agentgate.task.scheduler - INFO - 开始扫描 PENDING 状态任务...
2026-09-01 21:22:17,356 - agentgate.task.scheduler - INFO - 找到 0 个待执行任务
2026-09-01 21:22:27,373 - agentgate.task.scheduler - INFO - 开始扫描 PENDING 状态任务...
2026-09-01 21:22:27,375 - agentgate.task.scheduler - INFO - 找到 0 个待执行任务
2026-09-01 21:22:37,385 - agentgate.task.scheduler - INFO - 开始扫描 PENDING 状态任务...
2026-09-01 21:22:37,386 - agentgate.task.scheduler - INFO - 找到 0 个待执行任务
2026-09-01 21:22:47,395 - agentgate.task.scheduler - INFO - 开始扫描 PENDING 状态任务...
2026-09-01 21:22:47,397 - agentgate.task.scheduler - INFO - 找到 0 个待执行任务
2026-09-01 21:22:57,408 - agentgate.task.scheduler - INFO - 开始扫描 PENDING 状态任务...
2026-09-01 21:22:57,409 - agentgate.task.scheduler - INFO - 找到 0 个待执行任务
2026-09-01 21:23:07,414 - agentgate.task.scheduler - INFO - 开始扫描 PENDING 状态任务...
2026-09-01 21:23:07,415 - agentgate.task.scheduler - INFO - 找到 0 个待执行任务
2026-09-01 21:23:17,417 - agentgate.task.scheduler - INFO - 开始扫描 PENDING 状态任务...
2026-09-01 21:23:17,418 - agentgate.task.scheduler - INFO - 找到 0 个待执行任务
2026-09-01 21:23:27,428 - agentgate.task.scheduler - INFO - 开始扫描 PENDING 状态任务...
2026-09-01 21:23:27,430 - agentgate.task.scheduler - INFO - 找到 0 个待执行任务
2026-09-01 21:23:37,442 - agentgate.task.scheduler - INFO - 开始扫描 PENDING 状态任务...
2026-09-01 21:23:37,443 - agentgate.task.scheduler - INFO - 找到 0 个待执行任务
2026-09-01 21:23:47,453 - agentgate.task.scheduler - INFO - 开始扫描 PENDING 状态任务...
2026-09-01 21:23:47,454 - agentgate.task.scheduler - INFO - 找到 0 个待执行任务
2026-09-01 21:23:57,457 - agentgate.task.scheduler - INFO - 开始扫描 PENDING 状态任务...
2026-09-01 21:23:57,459 - agentgate.task.scheduler - INFO - 找到 0 个待执行任务
2026-09-01 21:24:07,475 - agentgate.task.scheduler - INFO - 开始扫描 PENDING 状态任务...
2026-09-01 21:24:07,477 - agentgate.task.scheduler - INFO - 找到 0 个待执行任务
2026-09-01 21:24:17,479 - agentgate.task.scheduler - INFO - 开始扫描 PENDING 状态任务...
2026-09-01 21:24:17,480 - agentgate.task.scheduler - INFO - 找到 0 个待执行任务
2026-09-01 21:24:27,492 - agentgate.task.scheduler - INFO - 开始扫描 PENDING 状态任务...
2026-09-01 21:24:27,493 - agentgate.task.scheduler - INFO - 找到 0 个待执行任务
2026-09-01 21:24:37,496 - agentgate.task.scheduler - INFO - 开始扫描 PENDING 状态任务...
2026-09-01 21:24:37,498 - agentgate.task.scheduler - INFO - 找到 0 个待执行任务
2026-09-01 21:24:47,513 - agentgate.task.scheduler - INFO - 开始扫描 PENDING 状态任务...
2026-09-01 21:24:47,514 - agentgate.task.scheduler - INFO - 找到 0 个待执行任务
2026-09-01 21:24:57,524 - agentgate.task.scheduler - INFO - 开始扫描 PENDING 状态任务...
2026-09-01 21:24:57,526 - agentgate.task.scheduler - INFO - 找到 0 个待执行任务
2026-09-01 21:25:07,541 - agentgate.task.scheduler - INFO - 开始扫描 PENDING 状态任务...
2026-09-01 21:25:07,542 - agentgate.task.scheduler - INFO - 找到 0 个待执行任务
2026-09-01 21:25:17,554 - agentgate.task.scheduler - INFO - 开始扫描 PENDING 状态任务...
2026-09-01 21:25:17,556 - agentgate.task.scheduler - INFO - 找到 0 个待执行任务
2026-09-01 21:25:27,565 - agentgate.task.scheduler - INFO - 开始扫描 PENDING 状态任务...
2026-09-01 21:25:27,567 - agentgate.task.scheduler - INFO - 找到 0 个待执行任务
2026-09-01 21:25:37,573 - agentgate.task.scheduler - INFO - 开始扫描 PENDING 状态任务...
2026-09-01 21:25:37,575 - agentgate.task.scheduler - INFO - 找到 0 个待执行任务
2026-09-01 21:25:47,588 - agentgate.task.scheduler - INFO - 开始扫描 PENDING 状态任务...
2026-09-01 21:25:47,590 - agentgate.task.scheduler - INFO - 找到 0 个待执行任务
2026-09-01 21:25:57,598 - agentgate.task.scheduler - INFO - 开始扫描 PENDING 状态任务...
2026-09-01 21:25:57,600 - agentgate.task.scheduler - INFO - 找到 0 个待执行任务
2026-09-01 21:26:07,609 - agentgate.task.scheduler - INFO - 开始扫描 PENDING 状态任务...
2026-09-01 21:26:07,611 - agentgate.task.scheduler - INFO - 找到 0 个待执行任务
2026-09-01 21:26:17,624 - agentgate.task.scheduler - INFO - 开始扫描 PENDING 状态任务...
2026-09-01 21:26:17,626 - agentgate.task.scheduler - INFO - 找到 0 个待执行任务
2026-09-01 21:26:27,637 - agentgate.task.scheduler - INFO - 开始扫描 PENDING 状态任务...
2026-09-01 21:26:27,639 - agentgate.task.scheduler - INFO - 找到 0 个待执行任务
2026-09-01 21:26:37,647 - agentgate.task.scheduler - INFO - 开始扫描 PENDING 状态任务...
2026-09-01 21:26:37,649 - agentgate.task.scheduler - INFO - 找到 0 个待执行任务
2026-09-01 21:26:47,664 - agentgate.task.scheduler - INFO - 开始扫描 PENDING 状态任务...
2026-09-01 21:26:47,665 - agentgate.task.scheduler - INFO - 找到 0 个待执行任务
2026-09-01 21:26:57,667 - agentgate.task.scheduler - INFO - 开始扫描 PENDING 状态任务...
2026-09-01 21:26:57,668 - agentgate.task.scheduler - INFO - 找到 0 个待执行任务
2026-09-01 21:27:07,680 - agentgate.task.scheduler - INFO - 开始扫描 PENDING 状态任务...
2026-09-01 21:27:07,682 - agentgate.task.scheduler - INFO - 找到 0 个待执行任务
2026-09-01 21:27:17,687 - agentgate.task.scheduler - INFO - 开始扫描 PENDING 状态任务...
2026-09-01 21:27:17,688 - agentgate.task.scheduler - INFO - 找到 0 个待执行任务
2026-09-01 21:27:27,704 - agentgate.task.scheduler - INFO - 开始扫描 PENDING 状态任务...
2026-09-01 21:27:27,705 - agentgate.task.scheduler - INFO - 找到 0 个待执行任务
2026-09-01 21:27:37,710 - agentgate.task.scheduler - INFO - 开始扫描 PENDING 状态任务...
2026-09-01 21:27:37,711 - agentgate.task.scheduler - INFO - 找到 0 个待执行任务
2026-09-01 21:27:47,726 - agentgate.task.scheduler - INFO - 开始扫描 PENDING 状态任务...
2026-09-01 21:27:47,728 - agentgate.task.scheduler - INFO - 找到 0 个待执行任务
2026-09-01 21:27:57,744 - agentgate.task.scheduler - INFO - 开始扫描 PENDING 状态任务...
2026-09-01 21:27:57,746 - agentgate.task.scheduler - INFO - 找到 0 个待执行任务
2026-09-01 21:28:07,758 - agentgate.task.scheduler - INFO - 开始扫描 PENDING 状态任务...
2026-09-01 21:28:07,759 - agentgate.task.scheduler - INFO - 找到 0 个待执行任务
2026-09-01 21:28:17,765 - agentgate.task.scheduler - INFO - 开始扫描 PENDING 状态任务...
2026-09-01 21:28:17,767 - agentgate.task.scheduler - INFO - 找到 0 个待执行任务
2026-09-01 21:28:27,779 - agentgate.task.scheduler - INFO - 开始扫描 PENDING 状态任务...
2026-09-01 21:28:27,780 - agentgate.task.scheduler - INFO - 找到 0 个待执行任务
2026-09-01 21:28:37,792 - agentgate.task.scheduler - INFO - 开始扫描 PENDING 状态任务...
2026-09-01 21:28:37,794 - agentgate.task.scheduler - INFO - 找到 0 个待执行任务
2026-09-01 21:28:47,795 - agentgate.task.scheduler - INFO - 开始扫描 PENDING 状态任务...
2026-09-01 21:28:47,796 - agentgate.task.scheduler - INFO - 找到 0 个待执行任务
2026-09-01 21:28:57,812 - agentgate.task.scheduler - INFO - 开始扫描 PENDING 状态任务...
2026-09-01 21:28:57,814 - agentgate.task.scheduler - INFO - 找到 0 个待执行任务
2026-09-01 21:29:07,823 - agentgate.task.scheduler - INFO - 开始扫描 PENDING 状态任务...
2026-09-01 21:29:07,824 - agentgate.task.scheduler - INFO - 找到 0 个待执行任务
2026-09-01 21:29:17,828 - agentgate.task.scheduler - INFO - 开始扫描 PENDING 状态任务...
2026-09-01 21:29:17,830 - agentgate.task.scheduler - INFO - 找到 0 个待执行任务
2026-09-01 21:29:27,834 - agentgate.task.scheduler - INFO - 开始扫描 PENDING 状态任务...
2026-09-01 21:29:27,835 - agentgate.task.scheduler - INFO - 找到 0 个待执行任务
2026-09-01 21:29:37,841 - agentgate.task.scheduler - INFO - 开始扫描 PENDING 状态任务...
2026-09-01 21:29:37,842 - agentgate.task.scheduler - INFO - 找到 0 个待执行任务
2026-09-01 21:29:47,857 - agentgate.task.scheduler - INFO - 开始扫描 PENDING 状态任务...
2026-09-01 21:29:47,858 - agentgate.task.scheduler - INFO - 找到 0 个待执行任务
2026-09-01 21:29:57,874 - agentgate.task.scheduler - INFO - 开始扫描 PENDING 状态任务...
2026-09-01 21:29:57,876 - agentgate.task.scheduler - INFO - 找到 0 个待执行任务
2026-09-01 21:30:07,891 - agentgate.task.scheduler - INFO - 开始扫描 PENDING 状态任务...
2026-09-01 21:30:07,892 - agentgate.task.scheduler - INFO - 找到 0 个待执行任务
2026-09-01 21:30:17,899 - agentgate.task.scheduler - INFO - 开始扫描 PENDING 状态任务...
2026-09-01 21:30:17,900 - agentgate.task.scheduler - INFO - 找到 0 个待执行任务
2026-09-01 21:30:27,903 - agentgate.task.scheduler - INFO - 开始扫描 PENDING 状态任务...
2026-09-01 21:30:27,904 - agentgate.task.scheduler - INFO - 找到 0 个待执行任务
2026-09-01 21:30:37,908 - agentgate.task.scheduler - INFO - 开始扫描 PENDING 状态任务...
2026-09-01 21:30:37,910 - agentgate.task.scheduler - INFO - 找到 0 个待执行任务
2026-09-01 21:30:47,919 - agentgate.task.scheduler - INFO - 开始扫描 PENDING 状态任务...
2026-09-01 21:30:47,921 - agentgate.task.scheduler - INFO - 找到 0 个待执行任务
2026-09-01 21:30:57,926 - agentgate.task.scheduler - INFO - 开始扫描 PENDING 状态任务...
2026-09-01 21:30:57,927 - agentgate.task.scheduler - INFO - 找到 0 个待执行任务
2026-09-01 21:31:07,936 - agentgate.task.scheduler - INFO - 开始扫描 PENDING 状态任务...
2026-09-01 21:31:07,938 - agentgate.task.scheduler - INFO - 找到 0 个待执行任务
2026-09-01 21:31:17,950 - agentgate.task.scheduler - INFO - 开始扫描 PENDING 状态任务...
2026-09-01 21:31:17,952 - agentgate.task.scheduler - INFO - 找到 0 个待执行任务
2026-09-01 21:31:27,963 - agentgate.task.scheduler - INFO - 开始扫描 PENDING 状态任务...
2026-09-01 21:31:27,965 - agentgate.task.scheduler - INFO - 找到 0 个待执行任务
2026-09-01 21:31:37,969 - agentgate.task.scheduler - INFO - 开始扫描 PENDING 状态任务...
2026-09-01 21:31:37,971 - agentgate.task.scheduler - INFO - 找到 0 个待执行任务
2026-09-01 21:31:47,984 - agentgate.task.scheduler - INFO - 开始扫描 PENDING 状态任务...
2026-09-01 21:31:47,986 - agentgate.task.scheduler - INFO - 找到 0 个待执行任务
2026-09-01 21:31:57,993 - agentgate.task.scheduler - INFO - 开始扫描 PENDING 状态任务...
2026-09-01 21:31:57,995 - agentgate.task.scheduler - INFO - 找到 0 个待执行任务
2026-09-01 21:32:08,005 - agentgate.task.scheduler - INFO - 开始扫描 PENDING 状态任务...
2026-09-01 21:32:08,007 - agentgate.task.scheduler - INFO - 找到 0 个待执行任务
2026-09-01 21:32:18,017 - agentgate.task.scheduler - INFO - 开始扫描 PENDING 状态任务...
2026-09-01 21:32:18,019 - agentgate.task.scheduler - INFO - 找到 0 个待执行任务
2026-09-01 21:32:28,027 - agentgate.task.scheduler - INFO - 开始扫描 PENDING 状态任务...
2026-09-01 21:32:28,028 - agentgate.task.scheduler - INFO - 找到 0 个待执行任务
2026-09-01 21:32:38,039 - agentgate.task.scheduler - INFO - 开始扫描 PENDING 状态任务...
2026-09-01 21:32:38,042 - agentgate.task.scheduler - INFO - 找到 0 个待执行任务
2026-09-01 21:32:48,043 - agentgate.task.scheduler - INFO - 开始扫描 PENDING 状态任务...
2026-09-01 21:32:48,044 - agentgate.task.scheduler - INFO - 找到 0 个待执行任务
2026-09-01 21:32:58,046 - agentgate.task.scheduler - INFO - 开始扫描 PENDING 状态任务...
2026-09-01 21:32:58,047 - agentgate.task.scheduler - INFO - 找到 0 个待执行任务
2026-09-01 21:33:08,057 - agentgate.task.scheduler - INFO - 开始扫描 PENDING 状态任务...
2026-09-01 21:33:08,059 - agentgate.task.scheduler - INFO - 找到 0 个待执行任务
2026-09-01 21:33:18,073 - agentgate.task.scheduler - INFO - 开始扫描 PENDING 状态任务...
2026-09-01 21:33:18,074 - agentgate.task.scheduler - INFO - 找到 0 个待执行任务
2026-09-01 21:33:28,078 - agentgate.task.scheduler - INFO - 开始扫描 PENDING 状态任务...
2026-09-01 21:33:28,080 - agentgate.task.scheduler - INFO - 找到 0 个待执行任务
2026-09-01 21:33:38,089 - agentgate.task.scheduler - INFO - 开始扫描 PENDING 状态任务...
2026-09-01 21:33:38,090 - agentgate.task.scheduler - INFO - 找到 0 个待执行任务
2026-09-01 21:33:48,091 - agentgate.task.scheduler - INFO - 开始扫描 PENDING 状态任务...
2026-09-01 21:33:48,092 - agentgate.task.scheduler - INFO - 找到 0 个待执行任务
2026-09-01 21:33:58,104 - agentgate.task.scheduler - INFO - 开始扫描 PENDING 状态任务...
2026-09-01 21:33:58,105 - agentgate.task.scheduler - INFO - 找到 0 个待执行任务
2026-09-01 21:34:08,114 - agentgate.task.scheduler - INFO - 开始扫描 PENDING 状态任务...
2026-09-01 21:34:08,116 - agentgate.task.scheduler - INFO - 找到 0 个待执行任务
2026-09-01 21:34:18,122 - agentgate.task.scheduler - INFO - 开始扫描 PENDING 状态任务...
2026-09-01 21:34:18,123 - agentgate.task.scheduler - INFO - 找到 0 个待执行任务
2026-09-01 21:34:28,130 - agentgate.task.scheduler - INFO - 开始扫描 PENDING 状态任务...
2026-09-01 21:34:28,132 - agentgate.task.scheduler - INFO - 找到 0 个待执行任务
2026-09-01 21:34:38,134 - agentgate.task.scheduler - INFO - 开始扫描 PENDING 状态任务...
2026-09-01 21:34:38,136 - agentgate.task.scheduler - INFO - 找到 0 个待执行任务
2026-09-01 21:34:48,137 - agentgate.task.scheduler - INFO - 开始扫描 PENDING 状态任务...
2026-09-01 21:34:48,139 - agentgate.task.scheduler - INFO - 找到 0 个待执行任务
2026-09-01 21:34:58,153 - agentgate.task.scheduler - INFO - 开始扫描 PENDING 状态任务...
2026-09-01 21:34:58,155 - agentgate.task.scheduler - INFO - 找到 0 个待执行任务
2026-09-01 21:35:08,161 - agentgate.task.scheduler - INFO - 开始扫描 PENDING 状态任务...
2026-09-01 21:35:08,163 - agentgate.task.scheduler - INFO - 找到 0 个待执行任务
2026-09-01 21:35:18,174 - agentgate.task.scheduler - INFO - 开始扫描 PENDING 状态任务...
2026-09-01 21:35:18,176 - agentgate.task.scheduler - INFO - 找到 0 个待执行任务
2026-09-01 21:35:28,184 - agentgate.task.scheduler - INFO - 开始扫描 PENDING 状态任务...
2026-09-01 21:35:28,186 - agentgate.task.scheduler - INFO - 找到 0 个待执行任务
2026-09-01 21:35:38,190 - agentgate.task.scheduler - INFO - 开始扫描 PENDING 状态任务...
2026-09-01 21:35:38,191 - agentgate.task.scheduler - INFO - 找到 0 个待执行任务
2026-09-01 21:35:48,203 - agentgate.task.scheduler - INFO - 开始扫描 PENDING 状态任务...
2026-09-01 21:35:48,205 - agentgate.task.scheduler - INFO - 找到 0 个待执行任务
2026-09-01 21:35:58,210 - agentgate.task.scheduler - INFO - 开始扫描 PENDING 状态任务...
2026-09-01 21:35:58,212 - agentgate.task.scheduler - INFO - 找到 0 个待执行任务
2026-09-01 21:36:08,225 - agentgate.task.scheduler - INFO - 开始扫描 PENDING 状态任务...
2026-09-01 21:36:08,226 - agentgate.task.scheduler - INFO - 找到 0 个待执行任务
2026-09-01 21:36:18,228 - agentgate.task.scheduler - INFO - 开始扫描 PENDING 状态任务...
2026-09-01 21:36:18,229 - agentgate.task.scheduler - INFO - 找到 0 个待执行任务
2026-09-01 21:36:28,243 - agentgate.task.scheduler - INFO - 开始扫描 PENDING 状态任务...
2026-09-01 21:36:28,244 - agentgate.task.scheduler - INFO - 找到 0 个待执行任务
2026-09-01 21:36:38,255 - agentgate.task.scheduler - INFO - 开始扫描 PENDING 状态任务...
2026-09-01 21:36:38,256 - agentgate.task.scheduler - INFO - 找到 0 个待执行任务
2026-09-01 21:36:48,265 - agentgate.task.scheduler - INFO - 开始扫描 PENDING 状态任务...
2026-09-01 21:36:48,267 - agentgate.task.scheduler - INFO - 找到 0 个待执行任务
2026-09-01 21:36:58,274 - agentgate.task.scheduler - INFO - 开始扫描 PENDING 状态任务...
2026-09-01 21:36:58,275 - agentgate.task.scheduler - INFO - 找到 0 个待执行任务
2026-09-01 21:37:08,277 - agentgate.task.scheduler - INFO - 开始扫描 PENDING 状态任务...
2026-09-01 21:37:08,279 - agentgate.task.scheduler - INFO - 找到 0 个待执行任务
2026-09-01 21:37:18,294 - agentgate.task.scheduler - INFO - 开始扫描 PENDING 状态任务...
2026-09-01 21:37:18,296 - agentgate.task.scheduler - INFO - 找到 0 个待执行任务
2026-09-01 21:37:28,306 - agentgate.task.scheduler - INFO - 开始扫描 PENDING 状态任务...
2026-09-01 21:37:28,308 - agentgate.task.scheduler - INFO - 找到 0 个待执行任务
2026-09-01 21:37:38,320 - agentgate.task.scheduler - INFO - 开始扫描 PENDING 状态任务...
2026-09-01 21:37:38,322 - agentgate.task.scheduler - INFO - 找到 0 个待执行任务
2026-09-01 21:37:48,333 - agentgate.task.scheduler - INFO - 开始扫描 PENDING 状态任务...
2026-09-01 21:37:48,335 - agentgate.task.scheduler - INFO - 找到 0 个待执行任务
2026-09-01 21:37:58,338 - agentgate.task.scheduler - INFO - 开始扫描 PENDING 状态任务...
2026-09-01 21:37:58,339 - agentgate.task.scheduler - INFO - 找到 0 个待执行任务
2026-09-01 21:38:08,351 - agentgate.task.scheduler - INFO - 开始扫描 PENDING 状态任务...
2026-09-01 21:38:08,352 - agentgate.task.scheduler - INFO - 找到 0 个待执行任务
2026-09-01 21:38:18,364 - agentgate.task.scheduler - INFO - 开始扫描 PENDING 状态任务...
2026-09-01 21:38:18,366 - agentgate.task.scheduler - INFO - 找到 0 个待执行任务
2026-09-01 21:38:28,374 - agentgate.task.scheduler - INFO - 开始扫描 PENDING 状态任务...
2026-09-01 21:38:28,376 - agentgate.task.scheduler - INFO - 找到 0 个待执行任务
2026-09-01 21:38:38,389 - agentgate.task.scheduler - INFO - 开始扫描 PENDING 状态任务...
2026-09-01 21:38:38,390 - agentgate.task.scheduler - INFO - 找到 0 个待执行任务
2026-09-01 21:38:48,394 - agentgate.task.scheduler - INFO - 开始扫描 PENDING 状态任务...
2026-09-01 21:38:48,396 - agentgate.task.scheduler - INFO - 找到 0 个待执行任务
2026-09-01 21:38:58,406 - agentgate.task.scheduler - INFO - 开始扫描 PENDING 状态任务...
2026-09-01 21:38:58,408 - agentgate.task.scheduler - INFO - 找到 0 个待执行任务
2026-09-01 21:39:08,424 - agentgate.task.scheduler - INFO - 开始扫描 PENDING 状态任务...
2026-09-01 21:39:08,426 - agentgate.task.scheduler - INFO - 找到 0 个待执行任务
2026-09-01 21:39:18,431 - agentgate.task.scheduler - INFO - 开始扫描 PENDING 状态任务...
2026-09-01 21:39:18,433 - agentgate.task.scheduler - INFO - 找到 0 个待执行任务
2026-09-01 21:39:28,438 - agentgate.task.scheduler - INFO - 开始扫描 PENDING 状态任务...
2026-09-01 21:39:28,439 - agentgate.task.scheduler - INFO - 找到 0 个待执行任务
2026-09-01 21:39:38,445 - agentgate.task.scheduler - INFO - 开始扫描 PENDING 状态任务...
2026-09-01 21:39:38,447 - agentgate.task.scheduler - INFO - 找到 0 个待执行任务
2026-09-01 21:39:48,460 - agentgate.task.scheduler - INFO - 开始扫描 PENDING 状态任务...
2026-09-01 21:39:48,462 - agentgate.task.scheduler - INFO - 找到 0 个待执行任务
2026-09-01 21:39:58,478 - agentgate.task.scheduler - INFO - 开始扫描 PENDING 状态任务...
2026-09-01 21:39:58,479 - agentgate.task.scheduler - INFO - 找到 0 个待执行任务
2026-09-01 21:40:08,489 - agentgate.task.scheduler - INFO - 开始扫描 PENDING 状态任务...
2026-09-01 21:40:08,491 - agentgate.task.scheduler - INFO - 找到 0 个待执行任务
2026-09-01 21:40:18,501 - agentgate.task.scheduler - INFO - 开始扫描 PENDING 状态任务...
2026-09-01 21:40:18,502 - agentgate.task.scheduler - INFO - 找到 0 个待执行任务
2026-09-01 21:40:28,518 - agentgate.task.scheduler - INFO - 开始扫描 PENDING 状态任务...
2026-09-01 21:40:28,520 - agentgate.task.scheduler - INFO - 找到 0 个待执行任务
2026-09-01 21:40:38,524 - agentgate.task.scheduler - INFO - 开始扫描 PENDING 状态任务...
2026-09-01 21:40:38,525 - agentgate.task.scheduler - INFO - 找到 0 个待执行任务
2026-09-01 21:40:48,540 - agentgate.task.scheduler - INFO - 开始扫描 PENDING 状态任务...
2026-09-01 21:40:48,542 - agentgate.task.scheduler - INFO - 找到 0 个待执行任务
2026-09-01 21:40:58,557 - agentgate.task.scheduler - INFO - 开始扫描 PENDING 状态任务...
2026-09-01 21:40:58,559 - agentgate.task.scheduler - INFO - 找到 0 个待执行任务
2026-09-01 21:41:08,567 - agentgate.task.scheduler - INFO - 开始扫描 PENDING 状态任务...
2026-09-01 21:41:08,568 - agentgate.task.scheduler - INFO - 找到 0 个待执行任务
2026-09-01 21:41:18,575 - agentgate.task.scheduler - INFO - 开始扫描 PENDING 状态任务...
2026-09-01 21:41:18,577 - agentgate.task.scheduler - INFO - 找到 0 个待执行任务
2026-09-01 21:41:28,587 - agentgate.task.scheduler - INFO - 开始扫描 PENDING 状态任务...
2026-09-01 21:41:28,589 - agentgate.task.scheduler - INFO - 找到 0 个待执行任务
2026-09-01 21:41:38,600 - agentgate.task.scheduler - INFO - 开始扫描 PENDING 状态任务...
2026-09-01 21:41:38,602 - agentgate.task.scheduler - INFO - 找到 0 个待执行任务
2026-09-01 21:41:48,610 - agentgate.task.scheduler - INFO - 开始扫描 PENDING 状态任务...
2026-09-01 21:41:48,612 - agentgate.task.scheduler - INFO - 找到 0 个待执行任务
2026-09-01 21:41:58,625 - agentgate.task.scheduler - INFO - 开始扫描 PENDING 状态任务...
2026-09-01 21:41:58,627 - agentgate.task.scheduler - INFO - 找到 0 个待执行任务
2026-09-01 21:42:08,639 - agentgate.task.scheduler - INFO - 开始扫描 PENDING 状态任务...
2026-09-01 21:42:08,640 - agentgate.task.scheduler - INFO - 找到 0 个待执行任务
2026-09-01 21:42:18,647 - agentgate.task.scheduler - INFO - 开始扫描 PENDING 状态任务...
2026-09-01 21:42:18,649 - agentgate.task.scheduler - INFO - 找到 0 个待执行任务
2026-09-01 21:42:28,658 - agentgate.task.scheduler - INFO - 开始扫描 PENDING 状态任务...
2026-09-01 21:42:28,660 - agentgate.task.scheduler - INFO - 找到 0 个待执行任务
2026-09-01 21:42:38,667 - agentgate.task.scheduler - INFO - 开始扫描 PENDING 状态任务...
2026-09-01 21:42:38,669 - agentgate.task.scheduler - INFO - 找到 0 个待执行任务
2026-09-01 21:42:48,685 - agentgate.task.scheduler - INFO - 开始扫描 PENDING 状态任务...
2026-09-01 21:42:48,687 - agentgate.task.scheduler - INFO - 找到 0 个待执行任务
2026-09-01 21:42:58,696 - agentgate.task.scheduler - INFO - 开始扫描 PENDING 状态任务...
2026-09-01 21:42:58,697 - agentgate.task.scheduler - INFO - 找到 0 个待执行任务
2026-09-01 21:43:08,702 - agentgate.task.scheduler - INFO - 开始扫描 PENDING 状态任务...
2026-09-01 21:43:08,703 - agentgate.task.scheduler - INFO - 找到 0 个待执行任务
2026-09-01 21:43:18,712 - agentgate.task.scheduler - INFO - 开始扫描 PENDING 状态任务...
2026-09-01 21:43:18,713 - agentgate.task.scheduler - INFO - 找到 0 个待执行任务
2026-09-01 21:43:28,714 - agentgate.task.scheduler - INFO - 开始扫描 PENDING 状态任务...
2026-09-01 21:43:28,715 - agentgate.task.scheduler - INFO - 找到 0 个待执行任务
2026-09-01 21:43:38,731 - agentgate.task.scheduler - INFO - 开始扫描 PENDING 状态任务...
2026-09-01 21:43:38,734 - agentgate.task.scheduler - INFO - 找到 0 个待执行任务
2026-09-01 21:43:48,750 - agentgate.task.scheduler - INFO - 开始扫描 PENDING 状态任务...
2026-09-01 21:43:48,751 - agentgate.task.scheduler - INFO - 找到 0 个待执行任务
2026-09-01 21:43:58,758 - agentgate.task.scheduler - INFO - 开始扫描 PENDING 状态任务...
2026-09-01 21:43:58,759 - agentgate.task.scheduler - INFO - 找到 0 个待执行任务
2026-09-01 21:44:08,768 - agentgate.task.scheduler - INFO - 开始扫描 PENDING 状态任务...
2026-09-01 21:44:08,770 - agentgate.task.scheduler - INFO - 找到 0 个待执行任务
2026-09-01 21:44:18,777 - agentgate.task.scheduler - INFO - 开始扫描 PENDING 状态任务...
2026-09-01 21:44:18,778 - agentgate.task.scheduler - INFO - 找到 0 个待执行任务
2026-09-01 21:44:28,793 - agentgate.task.scheduler - INFO - 开始扫描 PENDING 状态任务...
2026-09-01 21:44:28,794 - agentgate.task.scheduler - INFO - 找到 0 个待执行任务
2026-09-01 21:44:38,797 - agentgate.task.scheduler - INFO - 开始扫描 PENDING 状态任务...
2026-09-01 21:44:38,799 - agentgate.task.scheduler - INFO - 找到 0 个待执行任务
2026-09-01 21:44:48,801 - agentgate.task.scheduler - INFO - 开始扫描 PENDING 状态任务...
2026-09-01 21:44:48,802 - agentgate.task.scheduler - INFO - 找到 0 个待执行任务
2026-09-01 21:44:58,806 - agentgate.task.scheduler - INFO - 开始扫描 PENDING 状态任务...
2026-09-01 21:44:58,808 - agentgate.task.scheduler - INFO - 找到 0 个待执行任务
2026-09-01 21:45:08,815 - agentgate.task.scheduler - INFO - 开始扫描 PENDING 状态任务...
2026-09-01 21:45:08,816 - agentgate.task.scheduler - INFO - 找到 0 个待执行任务
2026-09-01 21:45:18,819 - agentgate.task.scheduler - INFO - 开始扫描 PENDING 状态任务...
2026-09-01 21:45:18,821 - agentgate.task.scheduler - INFO - 找到 0 个待执行任务
2026-09-01 21:45:28,829 - agentgate.task.scheduler - INFO - 开始扫描 PENDING 状态任务...
2026-09-01 21:45:28,830 - agentgate.task.scheduler - INFO - 找到 0 个待执行任务
2026-09-01 21:45:38,847 - agentgate.task.scheduler - INFO - 开始扫描 PENDING 状态任务...
2026-09-01 21:45:38,849 - agentgate.task.scheduler - INFO - 找到 0 个待执行任务
2026-09-01 21:45:48,858 - agentgate.task.scheduler - INFO - 开始扫描 PENDING 状态任务...
2026-09-01 21:45:48,859 - agentgate.task.scheduler - INFO - 找到 0 个待执行任务
2026-09-01 21:45:58,875 - agentgate.task.scheduler - INFO - 开始扫描 PENDING 状态任务...
2026-09-01 21:45:58,876 - agentgate.task.scheduler - INFO - 找到 0 个待执行任务
2026-09-01 21:46:08,885 - agentgate.task.scheduler - INFO - 开始扫描 PENDING 状态任务...
2026-09-01 21:46:08,887 - agentgate.task.scheduler - INFO - 找到 0 个待执行任务
2026-09-01 21:46:18,898 - agentgate.task.scheduler - INFO - 开始扫描 PENDING 状态任务...
2026-09-01 21:46:18,900 - agentgate.task.scheduler - INFO - 找到 0 个待执行任务
2026-09-01 21:46:28,914 - agentgate.task.scheduler - INFO - 开始扫描 PENDING 状态任务...
2026-09-01 21:46:28,915 - agentgate.task.scheduler - INFO - 找到 0 个待执行任务
2026-09-01 21:46:38,929 - agentgate.task.scheduler - INFO - 开始扫描 PENDING 状态任务...
2026-09-01 21:46:38,930 - agentgate.task.scheduler - INFO - 找到 0 个待执行任务
2026-09-01 21:46:48,941 - agentgate.task.scheduler - INFO - 开始扫描 PENDING 状态任务...
2026-09-01 21:46:48,943 - agentgate.task.scheduler - INFO - 找到 0 个待执行任务
2026-09-01 21:46:58,946 - agentgate.task.scheduler - INFO - 开始扫描 PENDING 状态任务...
2026-09-01 21:46:58,948 - agentgate.task.scheduler - INFO - 找到 0 个待执行任务
2026-09-01 21:47:08,950 - agentgate.task.scheduler - INFO - 开始扫描 PENDING 状态任务...
2026-09-01 21:47:08,951 - agentgate.task.scheduler - INFO - 找到 0 个待执行任务
2026-09-01 21:47:18,966 - agentgate.task.scheduler - INFO - 开始扫描 PENDING 状态任务...
2026-09-01 21:47:18,967 - agentgate.task.scheduler - INFO - 找到 0 个待执行任务
2026-09-01 21:47:28,979 - agentgate.task.scheduler - INFO - 开始扫描 PENDING 状态任务...
2026-09-01 21:47:28,980 - agentgate.task.scheduler - INFO - 找到 0 个待执行任务
2026-09-01 21:47:38,989 - agentgate.task.scheduler - INFO - 开始扫描 PENDING 状态任务...
2026-09-01 21:47:38,991 - agentgate.task.scheduler - INFO - 找到 0 个待执行任务
2026-09-01 21:47:49,001 - agentgate.task.scheduler - INFO - 开始扫描 PENDING 状态任务...
2026-09-01 21:47:49,003 - agentgate.task.scheduler - INFO - 找到 0 个待执行任务
2026-09-01 21:47:59,007 - agentgate.task.scheduler - INFO - 开始扫描 PENDING 状态任务...
2026-09-01 21:47:59,008 - agentgate.task.scheduler - INFO - 找到 0 个待执行任务
2026-09-01 21:48:09,019 - agentgate.task.scheduler - INFO - 开始扫描 PENDING 状态任务...
2026-09-01 21:48:09,020 - agentgate.task.scheduler - INFO - 找到 0 个待执行任务
2026-09-01 21:48:19,025 - agentgate.task.scheduler - INFO - 开始扫描 PENDING 状态任务...
2026-09-01 21:48:19,027 - agentgate.task.scheduler - INFO - 找到 0 个待执行任务
2026-09-01 21:48:29,040 - agentgate.task.scheduler - INFO - 开始扫描 PENDING 状态任务...
2026-09-01 21:48:29,041 - agentgate.task.scheduler - INFO - 找到 0 个待执行任务
2026-09-01 21:48:39,048 - agentgate.task.scheduler - INFO - 开始扫描 PENDING 状态任务...
2026-09-01 21:48:39,050 - agentgate.task.scheduler - INFO - 找到 0 个待执行任务
2026-09-01 21:48:49,064 - agentgate.task.scheduler - INFO - 开始扫描 PENDING 状态任务...
2026-09-01 21:48:49,065 - agentgate.task.scheduler - INFO - 找到 0 个待执行任务
2026-09-01 21:48:59,078 - agentgate.task.scheduler - INFO - 开始扫描 PENDING 状态任务...
2026-09-01 21:48:59,080 - agentgate.task.scheduler - INFO - 找到 0 个待执行任务
2026-09-01 21:49:09,090 - agentgate.task.scheduler - INFO - 开始扫描 PENDING 状态任务...
2026-09-01 21:49:09,091 - agentgate.task.scheduler - INFO - 找到 0 个待执行任务
2026-09-01 21:49:19,105 - agentgate.task.scheduler - INFO - 开始扫描 PENDING 状态任务...
2026-09-01 21:49:19,106 - agentgate.task.scheduler - INFO - 找到 0 个待执行任务
2026-09-01 21:49:29,114 - agentgate.task.scheduler - INFO - 开始扫描 PENDING 状态任务...
2026-09-01 21:49:29,116 - agentgate.task.scheduler - INFO - 找到 0 个待执行任务
2026-09-01 21:49:39,132 - agentgate.task.scheduler - INFO - 开始扫描 PENDING 状态任务...
2026-09-01 21:49:39,133 - agentgate.task.scheduler - INFO - 找到 0 个待执行任务
2026-09-01 21:49:49,145 - agentgate.task.scheduler - INFO - 开始扫描 PENDING 状态任务...
2026-09-01 21:49:49,147 - agentgate.task.scheduler - INFO - 找到 0 个待执行任务
2026-09-01 21:49:59,150 - agentgate.task.scheduler - INFO - 开始扫描 PENDING 状态任务...
2026-09-01 21:49:59,151 - agentgate.task.scheduler - INFO - 找到 0 个待执行任务
2026-09-01 21:50:09,153 - agentgate.task.scheduler - INFO - 开始扫描 PENDING 状态任务...
2026-09-01 21:50:09,155 - agentgate.task.scheduler - INFO - 找到 0 个待执行任务
2026-09-01 21:50:19,169 - agentgate.task.scheduler - INFO - 开始扫描 PENDING 状态任务...
2026-09-01 21:50:19,171 - agentgate.task.scheduler - INFO - 找到 0 个待执行任务
2026-09-01 21:50:29,176 - agentgate.task.scheduler - INFO - 开始扫描 PENDING 状态任务...
2026-09-01 21:50:29,178 - agentgate.task.scheduler - INFO - 找到 0 个待执行任务
2026-09-01 21:50:39,183 - agentgate.task.scheduler - INFO - 开始扫描 PENDING 状态任务...
2026-09-01 21:50:39,184 - agentgate.task.scheduler - INFO - 找到 0 个待执行任务
2026-09-01 21:50:49,187 - agentgate.task.scheduler - INFO - 开始扫描 PENDING 状态任务...
2026-09-01 21:50:49,188 - agentgate.task.scheduler - INFO - 找到 0 个待执行任务
2026-09-01 21:50:59,200 - agentgate.task.scheduler - INFO - 开始扫描 PENDING 状态任务...
2026-09-01 21:50:59,201 - agentgate.task.scheduler - INFO - 找到 0 个待执行任务
2026-09-01 21:51:09,208 - agentgate.task.scheduler - INFO - 开始扫描 PENDING 状态任务...
2026-09-01 21:51:09,210 - agentgate.task.scheduler - INFO - 找到 0 个待执行任务
2026-09-01 21:51:19,215 - agentgate.task.scheduler - INFO - 开始扫描 PENDING 状态任务...
2026-09-01 21:51:19,216 - agentgate.task.scheduler - INFO - 找到 0 个待执行任务
2026-09-01 21:51:29,225 - agentgate.task.scheduler - INFO - 开始扫描 PENDING 状态任务...
2026-09-01 21:51:29,226 - agentgate.task.scheduler - INFO - 找到 0 个待执行任务
2026-09-01 21:51:39,235 - agentgate.task.scheduler - INFO - 开始扫描 PENDING 状态任务...
2026-09-01 21:51:39,236 - agentgate.task.scheduler - INFO - 找到 0 个待执行任务
2026-09-01 21:51:49,247 - agentgate.task.scheduler - INFO - 开始扫描 PENDING 状态任务...
2026-09-01 21:51:49,248 - agentgate.task.scheduler - INFO - 找到 0 个待执行任务
2026-09-01 21:51:59,259 - agentgate.task.scheduler - INFO - 开始扫描 PENDING 状态任务...
2026-09-01 21:51:59,261 - agentgate.task.scheduler - INFO - 找到 0 个待执行任务
2026-09-01 21:52:09,268 - agentgate.task.scheduler - INFO - 开始扫描 PENDING 状态任务...
2026-09-01 21:52:09,269 - agentgate.task.scheduler - INFO - 找到 0 个待执行任务
2026-09-01 21:52:19,274 - agentgate.task.scheduler - INFO - 开始扫描 PENDING 状态任务...
2026-09-01 21:52:19,276 - agentgate.task.scheduler - INFO - 找到 0 个待执行任务
2026-09-01 21:52:29,284 - agentgate.task.scheduler - INFO - 开始扫描 PENDING 状态任务...
2026-09-01 21:52:29,286 - agentgate.task.scheduler - INFO - 找到 0 个待执行任务
2026-09-01 21:52:39,288 - agentgate.task.scheduler - INFO - 开始扫描 PENDING 状态任务...
2026-09-01 21:52:39,289 - agentgate.task.scheduler - INFO - 找到 0 个待执行任务
2026-09-01 21:52:49,291 - agentgate.task.scheduler - INFO - 开始扫描 PENDING 状态任务...
2026-09-01 21:52:49,293 - agentgate.task.scheduler - INFO - 找到 0 个待执行任务
2026-09-01 21:52:59,300 - agentgate.task.scheduler - INFO - 开始扫描 PENDING 状态任务...
2026-09-01 21:52:59,302 - agentgate.task.scheduler - INFO - 找到 0 个待执行任务
2026-09-01 21:53:09,316 - agentgate.task.scheduler - INFO - 开始扫描 PENDING 状态任务...
2026-09-01 21:53:09,318 - agentgate.task.scheduler - INFO - 找到 0 个待执行任务
2026-09-01 21:53:19,330 - agentgate.task.scheduler - INFO - 开始扫描 PENDING 状态任务...
2026-09-01 21:53:19,332 - agentgate.task.scheduler - INFO - 找到 0 个待执行任务
2026-09-01 21:53:29,348 - agentgate.task.scheduler - INFO - 开始扫描 PENDING 状态任务...
2026-09-01 21:53:29,349 - agentgate.task.scheduler - INFO - 找到 0 个待执行任务
2026-09-01 21:53:39,362 - agentgate.task.scheduler - INFO - 开始扫描 PENDING 状态任务...
2026-09-01 21:53:39,364 - agentgate.task.scheduler - INFO - 找到 0 个待执行任务
2026-09-01 21:53:49,366 - agentgate.task.scheduler - INFO - 开始扫描 PENDING 状态任务...
2026-09-01 21:53:49,367 - agentgate.task.scheduler - INFO - 找到 0 个待执行任务
2026-09-01 21:53:59,376 - agentgate.task.scheduler - INFO - 开始扫描 PENDING 状态任务...
2026-09-01 21:53:59,377 - agentgate.task.scheduler - INFO - 找到 0 个待执行任务
2026-09-01 21:54:09,387 - agentgate.task.scheduler - INFO - 开始扫描 PENDING 状态任务...
2026-09-01 21:54:09,389 - agentgate.task.scheduler - INFO - 找到 0 个待执行任务
2026-09-01 21:54:19,394 - agentgate.task.scheduler - INFO - 开始扫描 PENDING 状态任务...
2026-09-01 21:54:19,396 - agentgate.task.scheduler - INFO - 找到 0 个待执行任务
2026-09-01 21:54:29,410 - agentgate.task.scheduler - INFO - 开始扫描 PENDING 状态任务...
2026-09-01 21:54:29,411 - agentgate.task.scheduler - INFO - 找到 0 个待执行任务
2026-09-01 21:54:39,421 - agentgate.task.scheduler - INFO - 开始扫描 PENDING 状态任务...
2026-09-01 21:54:39,423 - agentgate.task.scheduler - INFO - 找到 0 个待执行任务
2026-09-01 21:54:49,432 - agentgate.task.scheduler - INFO - 开始扫描 PENDING 状态任务...
2026-09-01 21:54:49,434 - agentgate.task.scheduler - INFO - 找到 0 个待执行任务
2026-09-01 21:54:59,437 - agentgate.task.scheduler - INFO - 开始扫描 PENDING 状态任务...
2026-09-01 21:54:59,439 - agentgate.task.scheduler - INFO - 找到 0 个待执行任务
2026-09-01 21:55:09,455 - agentgate.task.scheduler - INFO - 开始扫描 PENDING 状态任务...
2026-09-01 21:55:09,456 - agentgate.task.scheduler - INFO - 找到 0 个待执行任务
2026-09-01 21:55:19,472 - agentgate.task.scheduler - INFO - 开始扫描 PENDING 状态任务...
2026-09-01 21:55:19,474 - agentgate.task.scheduler - INFO - 找到 0 个待执行任务
2026-09-01 21:55:29,487 - agentgate.task.scheduler - INFO - 开始扫描 PENDING 状态任务...
2026-09-01 21:55:29,489 - agentgate.task.scheduler - INFO - 找到 0 个待执行任务
2026-09-01 21:55:39,498 - agentgate.task.scheduler - INFO - 开始扫描 PENDING 状态任务...
2026-09-01 21:55:39,499 - agentgate.task.scheduler - INFO - 找到 0 个待执行任务
2026-09-01 21:55:49,501 - agentgate.task.scheduler - INFO - 开始扫描 PENDING 状态任务...
2026-09-01 21:55:49,502 - agentgate.task.scheduler - INFO - 找到 0 个待执行任务
2026-09-01 21:55:59,517 - agentgate.task.scheduler - INFO - 开始扫描 PENDING 状态任务...
2026-09-01 21:55:59,519 - agentgate.task.scheduler - INFO - 找到 0 个待执行任务
2026-09-01 21:56:09,524 - agentgate.task.scheduler - INFO - 开始扫描 PENDING 状态任务...
2026-09-01 21:56:09,526 - agentgate.task.scheduler - INFO - 找到 0 个待执行任务
2026-09-01 21:56:19,534 - agentgate.task.scheduler - INFO - 开始扫描 PENDING 状态任务...
2026-09-01 21:56:19,535 - agentgate.task.scheduler - INFO - 找到 0 个待执行任务
2026-09-01 21:56:29,548 - agentgate.task.scheduler - INFO - 开始扫描 PENDING 状态任务...
2026-09-01 21:56:29,549 - agentgate.task.scheduler - INFO - 找到 0 个待执行任务
2026-09-01 21:56:39,566 - agentgate.task.scheduler - INFO - 开始扫描 PENDING 状态任务...
2026-09-01 21:56:39,567 - agentgate.task.scheduler - INFO - 找到 0 个待执行任务
2026-09-01 21:56:49,575 - agentgate.task.scheduler - INFO - 开始扫描 PENDING 状态任务...
2026-09-01 21:56:49,577 - agentgate.task.scheduler - INFO - 找到 0 个待执行任务
2026-09-01 21:56:59,590 - agentgate.task.scheduler - INFO - 开始扫描 PENDING 状态任务...
2026-09-01 21:56:59,591 - agentgate.task.scheduler - INFO - 找到 0 个待执行任务
2026-09-01 21:57:09,596 - agentgate.task.scheduler - INFO - 开始扫描 PENDING 状态任务...
2026-09-01 21:57:09,597 - agentgate.task.scheduler - INFO - 找到 0 个待执行任务
2026-09-01 21:57:19,607 - agentgate.task.scheduler - INFO - 开始扫描 PENDING 状态任务...
2026-09-01 21:57:19,609 - agentgate.task.scheduler - INFO - 找到 0 个待执行任务
2026-09-01 21:57:29,610 - agentgate.task.scheduler - INFO - 开始扫描 PENDING 状态任务...
2026-09-01 21:57:29,611 - agentgate.task.scheduler - INFO - 找到 0 个待执行任务
2026-09-01 21:57:39,615 - agentgate.task.scheduler - INFO - 开始扫描 PENDING 状态任务...
2026-09-01 21:57:39,617 - agentgate.task.scheduler - INFO - 找到 0 个待执行任务
2026-09-01 21:57:49,631 - agentgate.task.scheduler - INFO - 开始扫描 PENDING 状态任务...
2026-09-01 21:57:49,633 - agentgate.task.scheduler - INFO - 找到 0 个待执行任务
2026-09-01 21:57:59,644 - agentgate.task.scheduler - INFO - 开始扫描 PENDING 状态任务...
2026-09-01 21:57:59,646 - agentgate.task.scheduler - INFO - 找到 0 个待执行任务
2026-09-01 21:58:09,659 - agentgate.task.scheduler - INFO - 开始扫描 PENDING 状态任务...
2026-09-01 21:58:09,661 - agentgate.task.scheduler - INFO - 找到 0 个待执行任务
2026-09-01 21:58:19,665 - agentgate.task.scheduler - INFO - 开始扫描 PENDING 状态任务...
2026-09-01 21:58:19,666 - agentgate.task.scheduler - INFO - 找到 0 个待执行任务
2026-09-01 21:58:29,681 - agentgate.task.scheduler - INFO - 开始扫描 PENDING 状态任务...
2026-09-01 21:58:29,683 - agentgate.task.scheduler - INFO - 找到 0 个待执行任务
2026-09-01 21:58:39,695 - agentgate.task.scheduler - INFO - 开始扫描 PENDING 状态任务...
2026-09-01 21:58:39,697 - agentgate.task.scheduler - INFO - 找到 0 个待执行任务
2026-09-01 21:58:49,700 - agentgate.task.scheduler - INFO - 开始扫描 PENDING 状态任务...
2026-09-01 21:58:49,701 - agentgate.task.scheduler - INFO - 找到 0 个待执行任务
2026-09-01 21:58:59,712 - agentgate.task.scheduler - INFO - 开始扫描 PENDING 状态任务...
2026-09-01 21:58:59,714 - agentgate.task.scheduler - INFO - 找到 0 个待执行任务
2026-09-01 21:59:09,721 - agentgate.task.scheduler - INFO - 开始扫描 PENDING 状态任务...
2026-09-01 21:59:09,723 - agentgate.task.scheduler - INFO - 找到 0 个待执行任务
2026-09-01 21:59:19,735 - agentgate.task.scheduler - INFO - 开始扫描 PENDING 状态任务...
2026-09-01 21:59:19,736 - agentgate.task.scheduler - INFO - 找到 0 个待执行任务
2026-09-01 21:59:29,741 - agentgate.task.scheduler - INFO - 开始扫描 PENDING 状态任务...
2026-09-01 21:59:29,742 - agentgate.task.scheduler - INFO - 找到 0 个待执行任务
2026-09-01 21:59:39,753 - agentgate.task.scheduler - INFO - 开始扫描 PENDING 状态任务...
2026-09-01 21:59:39,755 - agentgate.task.scheduler - INFO - 找到 0 个待执行任务
2026-09-01 21:59:49,761 - agentgate.task.scheduler - INFO - 开始扫描 PENDING 状态任务...
2026-09-01 21:59:49,763 - agentgate.task.scheduler - INFO - 找到 0 个待执行任务
2026-09-01 21:59:59,771 - agentgate.task.scheduler - INFO - 开始扫描 PENDING 状态任务...
2026-09-01 21:59:59,772 - agentgate.task.scheduler - INFO - 找到 0 个待执行任务
2026-09-01 22:00:09,782 - agentgate.task.scheduler - INFO - 开始扫描 PENDING 状态任务...
2026-09-01 22:00:09,783 - agentgate.task.scheduler - INFO - 找到 0 个待执行任务
2026-09-01 22:00:19,797 - agentgate.task.scheduler - INFO - 开始扫描 PENDING 状态任务...
2026-09-01 22:00:19,799 - agentgate.task.scheduler - INFO - 找到 0 个待执行任务
2026-09-01 22:00:29,811 - agentgate.task.scheduler - INFO - 开始扫描 PENDING 状态任务...
2026-09-01 22:00:29,813 - agentgate.task.scheduler - INFO - 找到 0 个待执行任务
2026-09-01 22:00:39,826 - agentgate.task.scheduler - INFO - 开始扫描 PENDING 状态任务...
2026-09-01 22:00:39,827 - agentgate.task.scheduler - INFO - 找到 0 个待执行任务
2026-09-01 22:00:49,830 - agentgate.task.scheduler - INFO - 开始扫描 PENDING 状态任务...
2026-09-01 22:00:49,832 - agentgate.task.scheduler - INFO - 找到 0 个待执行任务
2026-09-01 22:00:59,848 - agentgate.task.scheduler - INFO - 开始扫描 PENDING 状态任务...
2026-09-01 22:00:59,849 - agentgate.task.scheduler - INFO - 找到 0 个待执行任务
2026-09-01 22:01:09,863 - agentgate.task.scheduler - INFO - 开始扫描 PENDING 状态任务...
2026-09-01 22:01:09,864 - agentgate.task.scheduler - INFO - 找到 0 个待执行任务
2026-09-01 22:01:19,873 - agentgate.task.scheduler - INFO - 开始扫描 PENDING 状态任务...
2026-09-01 22:01:19,874 - agentgate.task.scheduler - INFO - 找到 0 个待执行任务
2026-09-01 22:01:29,886 - agentgate.task.scheduler - INFO - 开始扫描 PENDING 状态任务...
2026-09-01 22:01:29,887 - agentgate.task.scheduler - INFO - 找到 0 个待执行任务
2026-09-01 22:01:39,903 - agentgate.task.scheduler - INFO - 开始扫描 PENDING 状态任务...
2026-09-01 22:01:39,904 - agentgate.task.scheduler - INFO - 找到 0 个待执行任务
2026-09-01 22:01:49,915 - agentgate.task.scheduler - INFO - 开始扫描 PENDING 状态任务...
2026-09-01 22:01:49,917 - agentgate.task.scheduler - INFO - 找到 0 个待执行任务
2026-09-01 22:01:59,930 - agentgate.task.scheduler - INFO - 开始扫描 PENDING 状态任务...
2026-09-01 22:01:59,931 - agentgate.task.scheduler - INFO - 找到 0 个待执行任务
2026-09-01 22:02:09,936 - agentgate.task.scheduler - INFO - 开始扫描 PENDING 状态任务...
2026-09-01 22:02:09,937 - agentgate.task.scheduler - INFO - 找到 0 个待执行任务
2026-09-01 22:02:19,954 - agentgate.task.scheduler - INFO - 开始扫描 PENDING 状态任务...
2026-09-01 22:02:19,956 - agentgate.task.scheduler - INFO - 找到 0 个待执行任务
2026-09-01 22:02:29,963 - agentgate.task.scheduler - INFO - 开始扫描 PENDING 状态任务...
2026-09-01 22:02:29,964 - agentgate.task.scheduler - INFO - 找到 0 个待执行任务
2026-09-01 22:02:39,978 - agentgate.task.scheduler - INFO - 开始扫描 PENDING 状态任务...
2026-09-01 22:02:39,979 - agentgate.task.scheduler - INFO - 找到 0 个待执行任务
2026-09-01 22:02:49,982 - agentgate.task.scheduler - INFO - 开始扫描 PENDING 状态任务...
2026-09-01 22:02:49,983 - agentgate.task.scheduler - INFO - 找到 0 个待执行任务
2026-09-01 22:02:59,997 - agentgate.task.scheduler - INFO - 开始扫描 PENDING 状态任务...
2026-09-01 22:02:59,999 - agentgate.task.scheduler - INFO - 找到 0 个待执行任务
2026-09-01 22:03:10,004 - agentgate.task.scheduler - INFO - 开始扫描 PENDING 状态任务...
2026-09-01 22:03:10,005 - agentgate.task.scheduler - INFO - 找到 0 个待执行任务
2026-09-01 22:03:20,017 - agentgate.task.scheduler - INFO - 开始扫描 PENDING 状态任务...
2026-09-01 22:03:20,019 - agentgate.task.scheduler - INFO - 找到 0 个待执行任务
2026-09-01 22:03:30,025 - agentgate.task.scheduler - INFO - 开始扫描 PENDING 状态任务...
2026-09-01 22:03:30,026 - agentgate.task.scheduler - INFO - 找到 0 个待执行任务
2026-09-01 22:03:40,033 - agentgate.task.scheduler - INFO - 开始扫描 PENDING 状态任务...
2026-09-01 22:03:40,035 - agentgate.task.scheduler - INFO - 找到 0 个待执行任务
2026-09-01 22:03:50,045 - agentgate.task.scheduler - INFO - 开始扫描 PENDING 状态任务...
2026-09-01 22:03:50,047 - agentgate.task.scheduler - INFO - 找到 0 个待执行任务
2026-09-01 22:04:00,048 - agentgate.task.scheduler - INFO - 开始扫描 PENDING 状态任务...
2026-09-01 22:04:00,049 - agentgate.task.scheduler - INFO - 找到 0 个待执行任务
2026-09-01 22:04:10,053 - agentgate.task.scheduler - INFO - 开始扫描 PENDING 状态任务...
2026-09-01 22:04:10,054 - agentgate.task.scheduler - INFO - 找到 0 个待执行任务
2026-09-01 22:04:20,063 - agentgate.task.scheduler - INFO - 开始扫描 PENDING 状态任务...
2026-09-01 22:04:20,064 - agentgate.task.scheduler - INFO - 找到 0 个待执行任务
2026-09-01 22:04:30,081 - agentgate.task.scheduler - INFO - 开始扫描 PENDING 状态任务...
2026-09-01 22:04:30,082 - agentgate.task.scheduler - INFO - 找到 0 个待执行任务
2026-09-01 22:04:40,099 - agentgate.task.scheduler - INFO - 开始扫描 PENDING 状态任务...
2026-09-01 22:04:40,100 - agentgate.task.scheduler - INFO - 找到 0 个待执行任务
2026-09-01 22:04:50,103 - agentgate.task.scheduler - INFO - 开始扫描 PENDING 状态任务...
2026-09-01 22:04:50,105 - agentgate.task.scheduler - INFO - 找到 0 个待执行任务
2026-09-01 22:05:00,116 - agentgate.task.scheduler - INFO - 开始扫描 PENDING 状态任务...
2026-09-01 22:05:00,118 - agentgate.task.scheduler - INFO - 找到 0 个待执行任务
2026-09-01 22:05:10,123 - agentgate.task.scheduler - INFO - 开始扫描 PENDING 状态任务...
2026-09-01 22:05:10,125 - agentgate.task.scheduler - INFO - 找到 0 个待执行任务
2026-09-01 22:05:20,130 - agentgate.task.scheduler - INFO - 开始扫描 PENDING 状态任务...
2026-09-01 22:05:20,132 - agentgate.task.scheduler - INFO - 找到 0 个待执行任务
2026-09-01 22:05:30,135 - agentgate.task.scheduler - INFO - 开始扫描 PENDING 状态任务...
2026-09-01 22:05:30,138 - agentgate.task.scheduler - INFO - 找到 0 个待执行任务
2026-09-01 22:05:40,145 - agentgate.task.scheduler - INFO - 开始扫描 PENDING 状态任务...
2026-09-01 22:05:40,147 - agentgate.task.scheduler - INFO - 找到 0 个待执行任务
2026-09-01 22:05:50,152 - agentgate.task.scheduler - INFO - 开始扫描 PENDING 状态任务...
2026-09-01 22:05:50,153 - agentgate.task.scheduler - INFO - 找到 0 个待执行任务
2026-09-01 22:06:00,165 - agentgate.task.scheduler - INFO - 开始扫描 PENDING 状态任务...
2026-09-01 22:06:00,167 - agentgate.task.scheduler - INFO - 找到 0 个待执行任务
2026-09-01 22:06:10,177 - agentgate.task.scheduler - INFO - 开始扫描 PENDING 状态任务...
2026-09-01 22:06:10,178 - agentgate.task.scheduler - INFO - 找到 0 个待执行任务
2026-09-01 22:06:20,187 - agentgate.task.scheduler - INFO - 开始扫描 PENDING 状态任务...
2026-09-01 22:06:20,189 - agentgate.task.scheduler - INFO - 找到 0 个待执行任务
2026-09-01 22:06:30,196 - agentgate.task.scheduler - INFO - 开始扫描 PENDING 状态任务...
2026-09-01 22:06:30,198 - agentgate.task.scheduler - INFO - 找到 0 个待执行任务
2026-09-01 22:06:40,199 - agentgate.task.scheduler - INFO - 开始扫描 PENDING 状态任务...
2026-09-01 22:06:40,200 - agentgate.task.scheduler - INFO - 找到 0 个待执行任务
2026-09-01 22:06:50,213 - agentgate.task.scheduler - INFO - 开始扫描 PENDING 状态任务...
2026-09-01 22:06:50,215 - agentgate.task.scheduler - INFO - 找到 0 个待执行任务
2026-09-01 22:07:00,220 - agentgate.task.scheduler - INFO - 开始扫描 PENDING 状态任务...
2026-09-01 22:07:00,222 - agentgate.task.scheduler - INFO - 找到 0 个待执行任务
2026-09-01 22:07:10,223 - agentgate.task.scheduler - INFO - 开始扫描 PENDING 状态任务...
2026-09-01 22:07:10,225 - agentgate.task.scheduler - INFO - 找到 0 个待执行任务
2026-09-01 22:07:20,238 - agentgate.task.scheduler - INFO - 开始扫描 PENDING 状态任务...
2026-09-01 22:07:20,240 - agentgate.task.scheduler - INFO - 找到 0 个待执行任务
2026-09-01 22:07:30,241 - agentgate.task.scheduler - INFO - 开始扫描 PENDING 状态任务...
2026-09-01 22:07:30,243 - agentgate.task.scheduler - INFO - 找到 0 个待执行任务
2026-09-01 22:07:40,249 - agentgate.task.scheduler - INFO - 开始扫描 PENDING 状态任务...
2026-09-01 22:07:40,250 - agentgate.task.scheduler - INFO - 找到 0 个待执行任务
2026-09-01 22:07:50,252 - agentgate.task.scheduler - INFO - 开始扫描 PENDING 状态任务...
2026-09-01 22:07:50,253 - agentgate.task.scheduler - INFO - 找到 0 个待执行任务
2026-09-01 22:08:00,260 - agentgate.task.scheduler - INFO - 开始扫描 PENDING 状态任务...
2026-09-01 22:08:00,261 - agentgate.task.scheduler - INFO - 找到 0 个待执行任务
2026-09-01 22:08:10,265 - agentgate.task.scheduler - INFO - 开始扫描 PENDING 状态任务...
2026-09-01 22:08:10,266 - agentgate.task.scheduler - INFO - 找到 0 个待执行任务
2026-09-01 22:08:20,278 - agentgate.task.scheduler - INFO - 开始扫描 PENDING 状态任务...
2026-09-01 22:08:20,280 - agentgate.task.scheduler - INFO - 找到 0 个待执行任务
2026-09-01 22:08:30,286 - agentgate.task.scheduler - INFO - 开始扫描 PENDING 状态任务...
2026-09-01 22:08:30,288 - agentgate.task.scheduler - INFO - 找到 0 个待执行任务
2026-09-01 22:08:40,295 - agentgate.task.scheduler - INFO - 开始扫描 PENDING 状态任务...
2026-09-01 22:08:40,296 - agentgate.task.scheduler - INFO - 找到 0 个待执行任务
2026-09-01 22:08:50,301 - agentgate.task.scheduler - INFO - 开始扫描 PENDING 状态任务...
2026-09-01 22:08:50,304 - agentgate.task.scheduler - INFO - 找到 0 个待执行任务
2026-09-01 22:09:00,319 - agentgate.task.scheduler - INFO - 开始扫描 PENDING 状态任务...
2026-09-01 22:09:00,321 - agentgate.task.scheduler - INFO - 找到 0 个待执行任务
2026-09-01 22:09:10,331 - agentgate.task.scheduler - INFO - 开始扫描 PENDING 状态任务...
2026-09-01 22:09:10,332 - agentgate.task.scheduler - INFO - 找到 0 个待执行任务
2026-09-01 22:09:20,340 - agentgate.task.scheduler - INFO - 开始扫描 PENDING 状态任务...
2026-09-01 22:09:20,342 - agentgate.task.scheduler - INFO - 找到 0 个待执行任务
2026-09-01 22:09:30,344 - agentgate.task.scheduler - INFO - 开始扫描 PENDING 状态任务...
2026-09-01 22:09:30,346 - agentgate.task.scheduler - INFO - 找到 0 个待执行任务
2026-09-01 22:09:40,358 - agentgate.task.scheduler - INFO - 开始扫描 PENDING 状态任务...
2026-09-01 22:09:40,359 - agentgate.task.scheduler - INFO - 找到 0 个待执行任务
2026-09-01 22:09:50,370 - agentgate.task.scheduler - INFO - 开始扫描 PENDING 状态任务...
2026-09-01 22:09:50,372 - agentgate.task.scheduler - INFO - 找到 0 个待执行任务
2026-09-01 22:10:00,375 - agentgate.task.scheduler - INFO - 开始扫描 PENDING 状态任务...
2026-09-01 22:10:00,376 - agentgate.task.scheduler - INFO - 找到 0 个待执行任务
2026-09-01 22:10:10,377 - agentgate.task.scheduler - INFO - 开始扫描 PENDING 状态任务...
2026-09-01 22:10:10,378 - agentgate.task.scheduler - INFO - 找到 0 个待执行任务
2026-09-01 22:10:20,381 - agentgate.task.scheduler - INFO - 开始扫描 PENDING 状态任务...
2026-09-01 22:10:20,382 - agentgate.task.scheduler - INFO - 找到 0 个待执行任务
2026-09-01 22:10:30,393 - agentgate.task.scheduler - INFO - 开始扫描 PENDING 状态任务...
2026-09-01 22:10:30,394 - agentgate.task.scheduler - INFO - 找到 0 个待执行任务
2026-09-01 22:10:40,406 - agentgate.task.scheduler - INFO - 开始扫描 PENDING 状态任务...
2026-09-01 22:10:40,408 - agentgate.task.scheduler - INFO - 找到 0 个待执行任务
2026-09-01 22:10:50,416 - agentgate.task.scheduler - INFO - 开始扫描 PENDING 状态任务...
2026-09-01 22:10:50,417 - agentgate.task.scheduler - INFO - 找到 0 个待执行任务
2026-09-01 22:11:00,428 - agentgate.task.scheduler - INFO - 开始扫描 PENDING 状态任务...
2026-09-01 22:11:00,430 - agentgate.task.scheduler - INFO - 找到 0 个待执行任务
2026-09-01 22:11:10,438 - agentgate.task.scheduler - INFO - 开始扫描 PENDING 状态任务...
2026-09-01 22:11:10,439 - agentgate.task.scheduler - INFO - 找到 0 个待执行任务
2026-09-01 22:11:20,442 - agentgate.task.scheduler - INFO - 开始扫描 PENDING 状态任务...
2026-09-01 22:11:20,443 - agentgate.task.scheduler - INFO - 找到 0 个待执行任务
2026-09-01 22:11:30,451 - agentgate.task.scheduler - INFO - 开始扫描 PENDING 状态任务...
2026-09-01 22:11:30,453 - agentgate.task.scheduler - INFO - 找到 0 个待执行任务
2026-09-01 22:11:40,460 - agentgate.task.scheduler - INFO - 开始扫描 PENDING 状态任务...
2026-09-01 22:11:40,461 - agentgate.task.scheduler - INFO - 找到 0 个待执行任务
2026-09-01 22:11:50,462 - agentgate.task.scheduler - INFO - 开始扫描 PENDING 状态任务...
2026-09-01 22:11:50,464 - agentgate.task.scheduler - INFO - 找到 0 个待执行任务
2026-09-01 22:12:00,471 - agentgate.task.scheduler - INFO - 开始扫描 PENDING 状态任务...
2026-09-01 22:12:00,473 - agentgate.task.scheduler - INFO - 找到 0 个待执行任务
2026-09-01 22:12:10,479 - agentgate.task.scheduler - INFO - 开始扫描 PENDING 状态任务...
2026-09-01 22:12:10,481 - agentgate.task.scheduler - INFO - 找到 0 个待执行任务
2026-09-01 22:12:20,493 - agentgate.task.scheduler - INFO - 开始扫描 PENDING 状态任务...
2026-09-01 22:12:20,494 - agentgate.task.scheduler - INFO - 找到 0 个待执行任务
2026-09-01 22:12:30,499 - agentgate.task.scheduler - INFO - 开始扫描 PENDING 状态任务...
2026-09-01 22:12:30,500 - agentgate.task.scheduler - INFO - 找到 0 个待执行任务
2026-09-01 22:12:40,504 - agentgate.task.scheduler - INFO - 开始扫描 PENDING 状态任务...
2026-09-01 22:12:40,505 - agentgate.task.scheduler - INFO - 找到 0 个待执行任务
2026-09-01 22:12:50,519 - agentgate.task.scheduler - INFO - 开始扫描 PENDING 状态任务...
2026-09-01 22:12:50,520 - agentgate.task.scheduler - INFO - 找到 0 个待执行任务
2026-09-01 22:13:00,523 - agentgate.task.scheduler - INFO - 开始扫描 PENDING 状态任务...
2026-09-01 22:13:00,525 - agentgate.task.scheduler - INFO - 找到 0 个待执行任务
2026-09-01 22:13:10,526 - agentgate.task.scheduler - INFO - 开始扫描 PENDING 状态任务...
2026-09-01 22:13:10,528 - agentgate.task.scheduler - INFO - 找到 0 个待执行任务
2026-09-01 22:13:20,539 - agentgate.task.scheduler - INFO - 开始扫描 PENDING 状态任务...
2026-09-01 22:13:20,541 - agentgate.task.scheduler - INFO - 找到 0 个待执行任务
2026-09-01 22:13:30,548 - agentgate.task.scheduler - INFO - 开始扫描 PENDING 状态任务...
2026-09-01 22:13:30,550 - agentgate.task.scheduler - INFO - 找到 0 个待执行任务
2026-09-01 22:13:40,561 - agentgate.task.scheduler - INFO - 开始扫描 PENDING 状态任务...
2026-09-01 22:13:40,563 - agentgate.task.scheduler - INFO - 找到 0 个待执行任务
2026-09-01 22:13:50,569 - agentgate.task.scheduler - INFO - 开始扫描 PENDING 状态任务...
2026-09-01 22:13:50,570 - agentgate.task.scheduler - INFO - 找到 0 个待执行任务
2026-09-01 22:14:00,584 - agentgate.task.scheduler - INFO - 开始扫描 PENDING 状态任务...
2026-09-01 22:14:00,585 - agentgate.task.scheduler - INFO - 找到 0 个待执行任务
2026-09-01 22:14:10,591 - agentgate.task.scheduler - INFO - 开始扫描 PENDING 状态任务...
2026-09-01 22:14:10,593 - agentgate.task.scheduler - INFO - 找到 0 个待执行任务
2026-09-01 22:14:20,602 - agentgate.task.scheduler - INFO - 开始扫描 PENDING 状态任务...
2026-09-01 22:14:20,604 - agentgate.task.scheduler - INFO - 找到 0 个待执行任务
2026-09-01 22:14:30,617 - agentgate.task.scheduler - INFO - 开始扫描 PENDING 状态任务...
2026-09-01 22:14:30,620 - agentgate.task.scheduler - INFO - 找到 0 个待执行任务
2026-09-01 22:14:40,623 - agentgate.task.scheduler - INFO - 开始扫描 PENDING 状态任务...
2026-09-01 22:14:40,625 - agentgate.task.scheduler - INFO - 找到 0 个待执行任务
2026-09-01 22:14:50,634 - agentgate.task.scheduler - INFO - 开始扫描 PENDING 状态任务...
2026-09-01 22:14:50,635 - agentgate.task.scheduler - INFO - 找到 0 个待执行任务
2026-09-01 22:15:00,637 - agentgate.task.scheduler - INFO - 开始扫描 PENDING 状态任务...
2026-09-01 22:15:00,638 - agentgate.task.scheduler - INFO - 找到 0 个待执行任务
2026-09-01 22:15:10,648 - agentgate.task.scheduler - INFO - 开始扫描 PENDING 状态任务...
2026-09-01 22:15:10,649 - agentgate.task.scheduler - INFO - 找到 0 个待执行任务
2026-09-01 22:15:20,660 - agentgate.task.scheduler - INFO - 开始扫描 PENDING 状态任务...
2026-09-01 22:15:20,661 - agentgate.task.scheduler - INFO - 找到 0 个待执行任务
2026-09-01 22:15:30,673 - agentgate.task.scheduler - INFO - 开始扫描 PENDING 状态任务...
2026-09-01 22:15:30,675 - agentgate.task.scheduler - INFO - 找到 0 个待执行任务
2026-09-01 22:15:40,676 - agentgate.task.scheduler - INFO - 开始扫描 PENDING 状态任务...
2026-09-01 22:15:40,678 - agentgate.task.scheduler - INFO - 找到 0 个待执行任务
2026-09-01 22:15:50,690 - agentgate.task.scheduler - INFO - 开始扫描 PENDING 状态任务...
2026-09-01 22:15:50,692 - agentgate.task.scheduler - INFO - 找到 0 个待执行任务
2026-09-01 22:16:00,701 - agentgate.task.scheduler - INFO - 开始扫描 PENDING 状态任务...
2026-09-01 22:16:00,702 - agentgate.task.scheduler - INFO - 找到 0 个待执行任务
2026-09-01 22:16:10,708 - agentgate.task.scheduler - INFO - 开始扫描 PENDING 状态任务...
2026-09-01 22:16:10,710 - agentgate.task.scheduler - INFO - 找到 0 个待执行任务
2026-09-01 22:16:20,722 - agentgate.task.scheduler - INFO - 开始扫描 PENDING 状态任务...
2026-09-01 22:16:20,723 - agentgate.task.scheduler - INFO - 找到 0 个待执行任务
2026-09-01 22:16:30,733 - agentgate.task.scheduler - INFO - 开始扫描 PENDING 状态任务...
2026-09-01 22:16:30,735 - agentgate.task.scheduler - INFO - 找到 0 个待执行任务
2026-09-01 22:16:40,746 - agentgate.task.scheduler - INFO - 开始扫描 PENDING 状态任务...
2026-09-01 22:16:40,747 - agentgate.task.scheduler - INFO - 找到 0 个待执行任务
2026-09-01 22:16:50,751 - agentgate.task.scheduler - INFO - 开始扫描 PENDING 状态任务...
2026-09-01 22:16:50,753 - agentgate.task.scheduler - INFO - 找到 0 个待执行任务
2026-09-01 22:17:00,766 - agentgate.task.scheduler - INFO - 开始扫描 PENDING 状态任务...
2026-09-01 22:17:00,767 - agentgate.task.scheduler - INFO - 找到 0 个待执行任务
2026-09-01 22:17:10,771 - agentgate.task.scheduler - INFO - 开始扫描 PENDING 状态任务...
2026-09-01 22:17:10,773 - agentgate.task.scheduler - INFO - 找到 0 个待执行任务
2026-09-01 22:17:20,774 - agentgate.task.scheduler - INFO - 开始扫描 PENDING 状态任务...
2026-09-01 22:17:20,776 - agentgate.task.scheduler - INFO - 找到 0 个待执行任务
2026-09-01 22:17:30,782 - agentgate.task.scheduler - INFO - 开始扫描 PENDING 状态任务...
2026-09-01 22:17:30,783 - agentgate.task.scheduler - INFO - 找到 0 个待执行任务
2026-09-01 22:17:40,799 - agentgate.task.scheduler - INFO - 开始扫描 PENDING 状态任务...
2026-09-01 22:17:40,801 - agentgate.task.scheduler - INFO - 找到 0 个待执行任务
2026-09-01 22:17:50,803 - agentgate.task.scheduler - INFO - 开始扫描 PENDING 状态任务...
2026-09-01 22:17:50,805 - agentgate.task.scheduler - INFO - 找到 0 个待执行任务
2026-09-01 22:18:00,818 - agentgate.task.scheduler - INFO - 开始扫描 PENDING 状态任务...
2026-09-01 22:18:00,819 - agentgate.task.scheduler - INFO - 找到 0 个待执行任务
2026-09-01 22:18:10,823 - agentgate.task.scheduler - INFO - 开始扫描 PENDING 状态任务...
2026-09-01 22:18:10,824 - agentgate.task.scheduler - INFO - 找到 0 个待执行任务
2026-09-01 22:18:20,833 - agentgate.task.scheduler - INFO - 开始扫描 PENDING 状态任务...
2026-09-01 22:18:20,834 - agentgate.task.scheduler - INFO - 找到 0 个待执行任务
2026-09-01 22:18:30,846 - agentgate.task.scheduler - INFO - 开始扫描 PENDING 状态任务...
2026-09-01 22:18:30,848 - agentgate.task.scheduler - INFO - 找到 0 个待执行任务
2026-09-01 22:18:40,853 - agentgate.task.scheduler - INFO - 开始扫描 PENDING 状态任务...
2026-09-01 22:18:40,855 - agentgate.task.scheduler - INFO - 找到 0 个待执行任务
2026-09-01 22:18:50,863 - agentgate.task.scheduler - INFO - 开始扫描 PENDING 状态任务...
2026-09-01 22:18:50,865 - agentgate.task.scheduler - INFO - 找到 0 个待执行任务
2026-09-01 22:19:00,868 - agentgate.task.scheduler - INFO - 开始扫描 PENDING 状态任务...
2026-09-01 22:19:00,870 - agentgate.task.scheduler - INFO - 找到 0 个待执行任务
2026-09-01 22:19:10,879 - agentgate.task.scheduler - INFO - 开始扫描 PENDING 状态任务...
2026-09-01 22:19:10,881 - agentgate.task.scheduler - INFO - 找到 0 个待执行任务
2026-09-01 22:19:20,885 - agentgate.task.scheduler - INFO - 开始扫描 PENDING 状态任务...
2026-09-01 22:19:20,887 - agentgate.task.scheduler - INFO - 找到 0 个待执行任务
2026-09-01 22:19:30,901 - agentgate.task.scheduler - INFO - 开始扫描 PENDING 状态任务...
2026-09-01 22:19:30,902 - agentgate.task.scheduler - INFO - 找到 0 个待执行任务
2026-09-01 22:19:40,910 - agentgate.task.scheduler - INFO - 开始扫描 PENDING 状态任务...
2026-09-01 22:19:40,912 - agentgate.task.scheduler - INFO - 找到 0 个待执行任务
2026-09-01 22:19:50,919 - agentgate.task.scheduler - INFO - 开始扫描 PENDING 状态任务...
2026-09-01 22:19:50,920 - agentgate.task.scheduler - INFO - 找到 0 个待执行任务
2026-09-01 22:20:00,934 - agentgate.task.scheduler - INFO - 开始扫描 PENDING 状态任务...
2026-09-01 22:20:00,936 - agentgate.task.scheduler - INFO - 找到 0 个待执行任务
2026-09-01 22:20:10,941 - agentgate.task.scheduler - INFO - 开始扫描 PENDING 状态任务...
2026-09-01 22:20:10,942 - agentgate.task.scheduler - INFO - 找到 0 个待执行任务
2026-09-01 22:20:20,953 - agentgate.task.scheduler - INFO - 开始扫描 PENDING 状态任务...
2026-09-01 22:20:20,954 - agentgate.task.scheduler - INFO - 找到 0 个待执行任务
2026-09-01 22:20:30,969 - agentgate.task.scheduler - INFO - 开始扫描 PENDING 状态任务...
2026-09-01 22:20:30,971 - agentgate.task.scheduler - INFO - 找到 0 个待执行任务
2026-09-01 22:20:40,984 - agentgate.task.scheduler - INFO - 开始扫描 PENDING 状态任务...
2026-09-01 22:20:40,985 - agentgate.task.scheduler - INFO - 找到 0 个待执行任务
2026-09-01 22:20:50,997 - agentgate.task.scheduler - INFO - 开始扫描 PENDING 状态任务...
2026-09-01 22:20:50,999 - agentgate.task.scheduler - INFO - 找到 0 个待执行任务
2026-09-01 22:21:01,008 - agentgate.task.scheduler - INFO - 开始扫描 PENDING 状态任务...
2026-09-01 22:21:01,009 - agentgate.task.scheduler - INFO - 找到 0 个待执行任务
2026-09-01 22:21:11,019 - agentgate.task.scheduler - INFO - 开始扫描 PENDING 状态任务...
2026-09-01 22:21:11,020 - agentgate.task.scheduler - INFO - 找到 0 个待执行任务
2026-09-01 22:21:21,021 - agentgate.task.scheduler - INFO - 开始扫描 PENDING 状态任务...
2026-09-01 22:21:21,022 - agentgate.task.scheduler - INFO - 找到 0 个待执行任务
2026-09-01 22:21:31,033 - agentgate.task.scheduler - INFO - 开始扫描 PENDING 状态任务...
2026-09-01 22:21:31,034 - agentgate.task.scheduler - INFO - 找到 0 个待执行任务
2026-09-01 22:21:41,050 - agentgate.task.scheduler - INFO - 开始扫描 PENDING 状态任务...
2026-09-01 22:21:41,052 - agentgate.task.scheduler - INFO - 找到 0 个待执行任务
2026-09-01 22:21:51,062 - agentgate.task.scheduler - INFO - 开始扫描 PENDING 状态任务...
2026-09-01 22:21:51,063 - agentgate.task.scheduler - INFO - 找到 0 个待执行任务
2026-09-01 22:22:01,079 - agentgate.task.scheduler - INFO - 开始扫描 PENDING 状态任务...
2026-09-01 22:22:01,080 - agentgate.task.scheduler - INFO - 找到 0 个待执行任务
2026-09-01 22:22:11,091 - agentgate.task.scheduler - INFO - 开始扫描 PENDING 状态任务...
2026-09-01 22:22:11,092 - agentgate.task.scheduler - INFO - 找到 0 个待执行任务
2026-09-01 22:22:21,101 - agentgate.task.scheduler - INFO - 开始扫描 PENDING 状态任务...
2026-09-01 22:22:21,102 - agentgate.task.scheduler - INFO - 找到 0 个待执行任务
2026-09-01 22:22:31,117 - agentgate.task.scheduler - INFO - 开始扫描 PENDING 状态任务...
2026-09-01 22:22:31,119 - agentgate.task.scheduler - INFO - 找到 0 个待执行任务
2026-09-01 22:22:41,133 - agentgate.task.scheduler - INFO - 开始扫描 PENDING 状态任务...
2026-09-01 22:22:41,135 - agentgate.task.scheduler - INFO - 找到 0 个待执行任务
2026-09-01 22:22:51,136 - agentgate.task.scheduler - INFO - 开始扫描 PENDING 状态任务...
2026-09-01 22:22:51,138 - agentgate.task.scheduler - INFO - 找到 0 个待执行任务
2026-09-01 22:23:01,152 - agentgate.task.scheduler - INFO - 开始扫描 PENDING 状态任务...
2026-09-01 22:23:01,153 - agentgate.task.scheduler - INFO - 找到 0 个待执行任务
2026-09-01 22:23:11,168 - agentgate.task.scheduler - INFO - 开始扫描 PENDING 状态任务...
2026-09-01 22:23:11,170 - agentgate.task.scheduler - INFO - 找到 0 个待执行任务
2026-09-01 22:23:21,176 - agentgate.task.scheduler - INFO - 开始扫描 PENDING 状态任务...
2026-09-01 22:23:21,178 - agentgate.task.scheduler - INFO - 找到 0 个待执行任务
2026-09-01 22:23:31,193 - agentgate.task.scheduler - INFO - 开始扫描 PENDING 状态任务...
2026-09-01 22:23:31,194 - agentgate.task.scheduler - INFO - 找到 0 个待执行任务
2026-09-01 22:23:41,202 - agentgate.task.scheduler - INFO - 开始扫描 PENDING 状态任务...
2026-09-01 22:23:41,204 - agentgate.task.scheduler - INFO - 找到 0 个待执行任务
2026-09-01 22:23:51,206 - agentgate.task.scheduler - INFO - 开始扫描 PENDING 状态任务...
2026-09-01 22:23:51,208 - agentgate.task.scheduler - INFO - 找到 0 个待执行任务
2026-09-01 22:24:01,217 - agentgate.task.scheduler - INFO - 开始扫描 PENDING 状态任务...
2026-09-01 22:24:01,218 - agentgate.task.scheduler - INFO - 找到 0 个待执行任务
2026-09-01 22:24:11,219 - agentgate.task.scheduler - INFO - 开始扫描 PENDING 状态任务...
2026-09-01 22:24:11,221 - agentgate.task.scheduler - INFO - 找到 0 个待执行任务
2026-09-01 22:24:21,223 - agentgate.task.scheduler - INFO - 开始扫描 PENDING 状态任务...
2026-09-01 22:24:21,224 - agentgate.task.scheduler - INFO - 找到 0 个待执行任务
2026-09-01 22:24:31,240 - agentgate.task.scheduler - INFO - 开始扫描 PENDING 状态任务...
2026-09-01 22:24:31,242 - agentgate.task.scheduler - INFO - 找到 0 个待执行任务
2026-09-01 22:24:41,249 - agentgate.task.scheduler - INFO - 开始扫描 PENDING 状态任务...
2026-09-01 22:24:41,250 - agentgate.task.scheduler - INFO - 找到 0 个待执行任务
2026-09-01 22:24:51,262 - agentgate.task.scheduler - INFO - 开始扫描 PENDING 状态任务...
2026-09-01 22:24:51,264 - agentgate.task.scheduler - INFO - 找到 0 个待执行任务
2026-09-01 22:25:01,278 - agentgate.task.scheduler - INFO - 开始扫描 PENDING 状态任务...
2026-09-01 22:25:01,279 - agentgate.task.scheduler - INFO - 找到 0 个待执行任务
2026-09-01 22:25:11,293 - agentgate.task.scheduler - INFO - 开始扫描 PENDING 状态任务...
2026-09-01 22:25:11,295 - agentgate.task.scheduler - INFO - 找到 0 个待执行任务
2026-09-01 22:25:21,309 - agentgate.task.scheduler - INFO - 开始扫描 PENDING 状态任务...
2026-09-01 22:25:21,311 - agentgate.task.scheduler - INFO - 找到 0 个待执行任务
2026-09-01 22:25:31,319 - agentgate.task.scheduler - INFO - 开始扫描 PENDING 状态任务...
2026-09-01 22:25:31,320 - agentgate.task.scheduler - INFO - 找到 0 个待执行任务
2026-09-01 22:25:41,326 - agentgate.task.scheduler - INFO - 开始扫描 PENDING 状态任务...
2026-09-01 22:25:41,328 - agentgate.task.scheduler - INFO - 找到 0 个待执行任务
2026-09-01 22:25:51,337 - agentgate.task.scheduler - INFO - 开始扫描 PENDING 状态任务...
2026-09-01 22:25:51,338 - agentgate.task.scheduler - INFO - 找到 0 个待执行任务
2026-09-01 22:26:01,339 - agentgate.task.scheduler - INFO - 开始扫描 PENDING 状态任务...
2026-09-01 22:26:01,341 - agentgate.task.scheduler - INFO - 找到 0 个待执行任务
2026-09-01 22:26:11,352 - agentgate.task.scheduler - INFO - 开始扫描 PENDING 状态任务...
2026-09-01 22:26:11,354 - agentgate.task.scheduler - INFO - 找到 0 个待执行任务
2026-09-01 22:26:21,364 - agentgate.task.scheduler - INFO - 开始扫描 PENDING 状态任务...
2026-09-01 22:26:21,366 - agentgate.task.scheduler - INFO - 找到 0 个待执行任务
2026-09-01 22:26:31,368 - agentgate.task.scheduler - INFO - 开始扫描 PENDING 状态任务...
2026-09-01 22:26:31,370 - agentgate.task.scheduler - INFO - 找到 0 个待执行任务
2026-09-01 22:26:41,379 - agentgate.task.scheduler - INFO - 开始扫描 PENDING 状态任务...
2026-09-01 22:26:41,381 - agentgate.task.scheduler - INFO - 找到 0 个待执行任务
2026-09-01 22:26:51,384 - agentgate.task.scheduler - INFO - 开始扫描 PENDING 状态任务...
2026-09-01 22:26:51,385 - agentgate.task.scheduler - INFO - 找到 0 个待执行任务
2026-09-01 22:27:01,393 - agentgate.task.scheduler - INFO - 开始扫描 PENDING 状态任务...
2026-09-01 22:27:01,395 - agentgate.task.scheduler - INFO - 找到 0 个待执行任务
2026-09-01 22:27:11,410 - agentgate.task.scheduler - INFO - 开始扫描 PENDING 状态任务...
2026-09-01 22:27:11,412 - agentgate.task.scheduler - INFO - 找到 0 个待执行任务
2026-09-01 22:27:21,420 - agentgate.task.scheduler - INFO - 开始扫描 PENDING 状态任务...
2026-09-01 22:27:21,422 - agentgate.task.scheduler - INFO - 找到 0 个待执行任务
2026-09-01 22:27:31,432 - agentgate.task.scheduler - INFO - 开始扫描 PENDING 状态任务...
2026-09-01 22:27:31,433 - agentgate.task.scheduler - INFO - 找到 0 个待执行任务
2026-09-01 22:27:41,440 - agentgate.task.scheduler - INFO - 开始扫描 PENDING 状态任务...
2026-09-01 22:27:41,441 - agentgate.task.scheduler - INFO - 找到 0 个待执行任务
2026-09-01 22:27:51,444 - agentgate.task.scheduler - INFO - 开始扫描 PENDING 状态任务...
2026-09-01 22:27:51,446 - agentgate.task.scheduler - INFO - 找到 0 个待执行任务
2026-09-01 22:28:01,459 - agentgate.task.scheduler - INFO - 开始扫描 PENDING 状态任务...
2026-09-01 22:28:01,462 - agentgate.task.scheduler - INFO - 找到 0 个待执行任务
2026-09-01 22:28:11,468 - agentgate.task.scheduler - INFO - 开始扫描 PENDING 状态任务...
2026-09-01 22:28:11,469 - agentgate.task.scheduler - INFO - 找到 0 个待执行任务
2026-09-01 22:28:21,476 - agentgate.task.scheduler - INFO - 开始扫描 PENDING 状态任务...
2026-09-01 22:28:21,478 - agentgate.task.scheduler - INFO - 找到 0 个待执行任务
2026-09-01 22:28:31,483 - agentgate.task.scheduler - INFO - 开始扫描 PENDING 状态任务...
2026-09-01 22:28:31,485 - agentgate.task.scheduler - INFO - 找到 0 个待执行任务
2026-09-01 22:28:41,488 - agentgate.task.scheduler - INFO - 开始扫描 PENDING 状态任务...
2026-09-01 22:28:41,490 - agentgate.task.scheduler - INFO - 找到 0 个待执行任务
2026-09-01 22:28:51,500 - agentgate.task.scheduler - INFO - 开始扫描 PENDING 状态任务...
2026-09-01 22:28:51,502 - agentgate.task.scheduler - INFO - 找到 0 个待执行任务
2026-09-01 22:29:01,512 - agentgate.task.scheduler - INFO - 开始扫描 PENDING 状态任务...
2026-09-01 22:29:01,513 - agentgate.task.scheduler - INFO - 找到 0 个待执行任务
2026-09-01 22:29:11,528 - agentgate.task.scheduler - INFO - 开始扫描 PENDING 状态任务...
2026-09-01 22:29:11,530 - agentgate.task.scheduler - INFO - 找到 0 个待执行任务
2026-09-01 22:29:21,538 - agentgate.task.scheduler - INFO - 开始扫描 PENDING 状态任务...
2026-09-01 22:29:21,540 - agentgate.task.scheduler - INFO - 找到 0 个待执行任务
2026-09-01 22:29:31,543 - agentgate.task.scheduler - INFO - 开始扫描 PENDING 状态任务...
2026-09-01 22:29:31,545 - agentgate.task.scheduler - INFO - 找到 0 个待执行任务
2026-09-01 22:29:41,561 - agentgate.task.scheduler - INFO - 开始扫描 PENDING 状态任务...
2026-09-01 22:29:41,563 - agentgate.task.scheduler - INFO - 找到 0 个待执行任务
2026-09-01 22:29:51,571 - agentgate.task.scheduler - INFO - 开始扫描 PENDING 状态任务...
2026-09-01 22:29:51,573 - agentgate.task.scheduler - INFO - 找到 0 个待执行任务
2026-09-01 22:30:01,588 - agentgate.task.scheduler - INFO - 开始扫描 PENDING 状态任务...
2026-09-01 22:30:01,590 - agentgate.task.scheduler - INFO - 找到 0 个待执行任务
2026-09-01 22:30:11,603 - agentgate.task.scheduler - INFO - 开始扫描 PENDING 状态任务...
2026-09-01 22:30:11,605 - agentgate.task.scheduler - INFO - 找到 0 个待执行任务
2026-09-01 22:30:21,619 - agentgate.task.scheduler - INFO - 开始扫描 PENDING 状态任务...
2026-09-01 22:30:21,620 - agentgate.task.scheduler - INFO - 找到 0 个待执行任务
2026-09-01 22:30:31,628 - agentgate.task.scheduler - INFO - 开始扫描 PENDING 状态任务...
2026-09-01 22:30:31,629 - agentgate.task.scheduler - INFO - 找到 0 个待执行任务
2026-09-01 22:30:41,639 - agentgate.task.scheduler - INFO - 开始扫描 PENDING 状态任务...
2026-09-01 22:30:41,641 - agentgate.task.scheduler - INFO - 找到 0 个待执行任务
2026-09-01 22:30:51,642 - agentgate.task.scheduler - INFO - 开始扫描 PENDING 状态任务...
2026-09-01 22:30:51,644 - agentgate.task.scheduler - INFO - 找到 0 个待执行任务
2026-09-01 22:31:01,654 - agentgate.task.scheduler - INFO - 开始扫描 PENDING 状态任务...
2026-09-01 22:31:01,655 - agentgate.task.scheduler - INFO - 找到 0 个待执行任务
2026-09-01 22:31:11,658 - agentgate.task.scheduler - INFO - 开始扫描 PENDING 状态任务...
2026-09-01 22:31:11,660 - agentgate.task.scheduler - INFO - 找到 0 个待执行任务
2026-09-01 22:31:21,670 - agentgate.task.scheduler - INFO - 开始扫描 PENDING 状态任务...
2026-09-01 22:31:21,672 - agentgate.task.scheduler - INFO - 找到 0 个待执行任务
2026-09-01 22:31:31,676 - agentgate.task.scheduler - INFO - 开始扫描 PENDING 状态任务...
2026-09-01 22:31:31,678 - agentgate.task.scheduler - INFO - 找到 0 个待执行任务
2026-09-01 22:31:41,692 - agentgate.task.scheduler - INFO - 开始扫描 PENDING 状态任务...
2026-09-01 22:31:41,694 - agentgate.task.scheduler - INFO - 找到 0 个待执行任务
2026-09-01 22:31:51,699 - agentgate.task.scheduler - INFO - 开始扫描 PENDING 状态任务...
2026-09-01 22:31:51,700 - agentgate.task.scheduler - INFO - 找到 0 个待执行任务
2026-09-01 22:32:01,715 - agentgate.task.scheduler - INFO - 开始扫描 PENDING 状态任务...
2026-09-01 22:32:01,717 - agentgate.task.scheduler - INFO - 找到 0 个待执行任务
2026-09-01 22:32:11,732 - agentgate.task.scheduler - INFO - 开始扫描 PENDING 状态任务...
2026-09-01 22:32:11,734 - agentgate.task.scheduler - INFO - 找到 0 个待执行任务
2026-09-01 22:32:21,736 - agentgate.task.scheduler - INFO - 开始扫描 PENDING 状态任务...
2026-09-01 22:32:21,738 - agentgate.task.scheduler - INFO - 找到 0 个待执行任务
2026-09-01 22:32:31,745 - agentgate.task.scheduler - INFO - 开始扫描 PENDING 状态任务...
2026-09-01 22:32:31,746 - agentgate.task.scheduler - INFO - 找到 0 个待执行任务
2026-09-01 22:32:41,756 - agentgate.task.scheduler - INFO - 开始扫描 PENDING 状态任务...
2026-09-01 22:32:41,757 - agentgate.task.scheduler - INFO - 找到 0 个待执行任务
2026-09-01 22:32:51,771 - agentgate.task.scheduler - INFO - 开始扫描 PENDING 状态任务...
2026-09-01 22:32:51,773 - agentgate.task.scheduler - INFO - 找到 0 个待执行任务
2026-09-01 22:33:01,783 - agentgate.task.scheduler - INFO - 开始扫描 PENDING 状态任务...
2026-09-01 22:33:01,784 - agentgate.task.scheduler - INFO - 找到 0 个待执行任务
2026-09-01 22:33:11,787 - agentgate.task.scheduler - INFO - 开始扫描 PENDING 状态任务...
2026-09-01 22:33:11,789 - agentgate.task.scheduler - INFO - 找到 0 个待执行任务
2026-09-01 22:33:21,794 - agentgate.task.scheduler - INFO - 开始扫描 PENDING 状态任务...
2026-09-01 22:33:21,796 - agentgate.task.scheduler - INFO - 找到 0 个待执行任务
2026-09-01 22:33:31,799 - agentgate.task.scheduler - INFO - 开始扫描 PENDING 状态任务...
2026-09-01 22:33:31,800 - agentgate.task.scheduler - INFO - 找到 0 个待执行任务
2026-09-01 22:33:41,812 - agentgate.task.scheduler - INFO - 开始扫描 PENDING 状态任务...
2026-09-01 22:33:41,813 - agentgate.task.scheduler - INFO - 找到 0 个待执行任务
2026-09-01 22:33:51,829 - agentgate.task.scheduler - INFO - 开始扫描 PENDING 状态任务...
2026-09-01 22:33:51,831 - agentgate.task.scheduler - INFO - 找到 0 个待执行任务
2026-09-01 22:34:01,844 - agentgate.task.scheduler - INFO - 开始扫描 PENDING 状态任务...
2026-09-01 22:34:01,845 - agentgate.task.scheduler - INFO - 找到 0 个待执行任务
2026-09-01 22:34:11,857 - agentgate.task.scheduler - INFO - 开始扫描 PENDING 状态任务...
2026-09-01 22:34:11,859 - agentgate.task.scheduler - INFO - 找到 0 个待执行任务
2026-09-01 22:34:21,869 - agentgate.task.scheduler - INFO - 开始扫描 PENDING 状态任务...
2026-09-01 22:34:21,871 - agentgate.task.scheduler - INFO - 找到 0 个待执行任务
2026-09-01 22:34:31,873 - agentgate.task.scheduler - INFO - 开始扫描 PENDING 状态任务...
2026-09-01 22:34:31,874 - agentgate.task.scheduler - INFO - 找到 0 个待执行任务
2026-09-01 22:34:41,875 - agentgate.task.scheduler - INFO - 开始扫描 PENDING 状态任务...
2026-09-01 22:34:41,877 - agentgate.task.scheduler - INFO - 找到 0 个待执行任务
2026-09-01 22:34:51,888 - agentgate.task.scheduler - INFO - 开始扫描 PENDING 状态任务...
2026-09-01 22:34:51,890 - agentgate.task.scheduler - INFO - 找到 0 个待执行任务
2026-09-01 22:35:01,901 - agentgate.task.scheduler - INFO - 开始扫描 PENDING 状态任务...
2026-09-01 22:35:01,902 - agentgate.task.scheduler - INFO - 找到 0 个待执行任务
2026-09-01 22:35:11,912 - agentgate.task.scheduler - INFO - 开始扫描 PENDING 状态任务...
2026-09-01 22:35:11,913 - agentgate.task.scheduler - INFO - 找到 0 个待执行任务
2026-09-01 22:35:21,921 - agentgate.task.scheduler - INFO - 开始扫描 PENDING 状态任务...
2026-09-01 22:35:21,922 - agentgate.task.scheduler - INFO - 找到 0 个待执行任务
2026-09-01 22:35:31,936 - agentgate.task.scheduler - INFO - 开始扫描 PENDING 状态任务...
2026-09-01 22:35:31,937 - agentgate.task.scheduler - INFO - 找到 0 个待执行任务
2026-09-01 22:35:41,946 - agentgate.task.scheduler - INFO - 开始扫描 PENDING 状态任务...
2026-09-01 22:35:41,948 - agentgate.task.scheduler - INFO - 找到 0 个待执行任务
2026-09-01 22:35:51,958 - agentgate.task.scheduler - INFO - 开始扫描 PENDING 状态任务...
2026-09-01 22:35:51,960 - agentgate.task.scheduler - INFO - 找到 0 个待执行任务
2026-09-01 22:36:01,974 - agentgate.task.scheduler - INFO - 开始扫描 PENDING 状态任务...
2026-09-01 22:36:01,975 - agentgate.task.scheduler - INFO - 找到 0 个待执行任务
2026-09-01 22:36:11,991 - agentgate.task.scheduler - INFO - 开始扫描 PENDING 状态任务...
2026-09-01 22:36:11,992 - agentgate.task.scheduler - INFO - 找到 0 个待执行任务
2026-09-01 22:36:21,996 - agentgate.task.scheduler - INFO - 开始扫描 PENDING 状态任务...
2026-09-01 22:36:21,998 - agentgate.task.scheduler - INFO - 找到 0 个待执行任务
2026-09-01 22:36:32,013 - agentgate.task.scheduler - INFO - 开始扫描 PENDING 状态任务...
2026-09-01 22:36:32,015 - agentgate.task.scheduler - INFO - 找到 0 个待执行任务
2026-09-01 22:36:42,030 - agentgate.task.scheduler - INFO - 开始扫描 PENDING 状态任务...
2026-09-01 22:36:42,032 - agentgate.task.scheduler - INFO - 找到 0 个待执行任务
2026-09-01 22:36:52,040 - agentgate.task.scheduler - INFO - 开始扫描 PENDING 状态任务...
2026-09-01 22:36:52,041 - agentgate.task.scheduler - INFO - 找到 0 个待执行任务
2026-09-01 22:37:02,051 - agentgate.task.scheduler - INFO - 开始扫描 PENDING 状态任务...
2026-09-01 22:37:02,052 - agentgate.task.scheduler - INFO - 找到 0 个待执行任务
2026-09-01 22:37:12,065 - agentgate.task.scheduler - INFO - 开始扫描 PENDING 状态任务...
2026-09-01 22:37:12,066 - agentgate.task.scheduler - INFO - 找到 0 个待执行任务
2026-09-01 22:37:22,071 - agentgate.task.scheduler - INFO - 开始扫描 PENDING 状态任务...
2026-09-01 22:37:22,072 - agentgate.task.scheduler - INFO - 找到 0 个待执行任务
2026-09-01 22:37:32,073 - agentgate.task.scheduler - INFO - 开始扫描 PENDING 状态任务...
2026-09-01 22:37:32,075 - agentgate.task.scheduler - INFO - 找到 0 个待执行任务
2026-09-01 22:37:42,082 - agentgate.task.scheduler - INFO - 开始扫描 PENDING 状态任务...
2026-09-01 22:37:42,083 - agentgate.task.scheduler - INFO - 找到 0 个待执行任务
2026-09-01 22:37:52,090 - agentgate.task.scheduler - INFO - 开始扫描 PENDING 状态任务...
2026-09-01 22:37:52,092 - agentgate.task.scheduler - INFO - 找到 0 个待执行任务
2026-09-01 22:38:02,106 - agentgate.task.scheduler - INFO - 开始扫描 PENDING 状态任务...
2026-09-01 22:38:02,107 - agentgate.task.scheduler - INFO - 找到 0 个待执行任务
2026-09-01 22:38:12,114 - agentgate.task.scheduler - INFO - 开始扫描 PENDING 状态任务...
2026-09-01 22:38:12,116 - agentgate.task.scheduler - INFO - 找到 0 个待执行任务
2026-09-01 22:38:22,123 - agentgate.task.scheduler - INFO - 开始扫描 PENDING 状态任务...
2026-09-01 22:38:22,125 - agentgate.task.scheduler - INFO - 找到 0 个待执行任务
2026-09-01 22:38:32,139 - agentgate.task.scheduler - INFO - 开始扫描 PENDING 状态任务...
2026-09-01 22:38:32,141 - agentgate.task.scheduler - INFO - 找到 0 个待执行任务
2026-09-01 22:38:42,151 - agentgate.task.scheduler - INFO - 开始扫描 PENDING 状态任务...
2026-09-01 22:38:42,153 - agentgate.task.scheduler - INFO - 找到 0 个待执行任务
2026-09-01 22:38:52,157 - agentgate.task.scheduler - INFO - 开始扫描 PENDING 状态任务...
2026-09-01 22:38:52,159 - agentgate.task.scheduler - INFO - 找到 0 个待执行任务
2026-09-01 22:39:02,165 - agentgate.task.scheduler - INFO - 开始扫描 PENDING 状态任务...
2026-09-01 22:39:02,166 - agentgate.task.scheduler - INFO - 找到 0 个待执行任务
2026-09-01 22:39:12,172 - agentgate.task.scheduler - INFO - 开始扫描 PENDING 状态任务...
2026-09-01 22:39:12,174 - agentgate.task.scheduler - INFO - 找到 0 个待执行任务
2026-09-01 22:39:22,186 - agentgate.task.scheduler - INFO - 开始扫描 PENDING 状态任务...
2026-09-01 22:39:22,188 - agentgate.task.scheduler - INFO - 找到 0 个待执行任务
2026-09-01 22:39:32,191 - agentgate.task.scheduler - INFO - 开始扫描 PENDING 状态任务...
2026-09-01 22:39:32,192 - agentgate.task.scheduler - INFO - 找到 0 个待执行任务
2026-09-01 22:39:42,204 - agentgate.task.scheduler - INFO - 开始扫描 PENDING 状态任务...
2026-09-01 22:39:42,205 - agentgate.task.scheduler - INFO - 找到 0 个待执行任务
2026-09-01 22:39:52,209 - agentgate.task.scheduler - INFO - 开始扫描 PENDING 状态任务...
2026-09-01 22:39:52,211 - agentgate.task.scheduler - INFO - 找到 0 个待执行任务
2026-09-01 22:40:02,224 - agentgate.task.scheduler - INFO - 开始扫描 PENDING 状态任务...
2026-09-01 22:40:02,225 - agentgate.task.scheduler - INFO - 找到 0 个待执行任务
2026-09-01 22:40:12,230 - agentgate.task.scheduler - INFO - 开始扫描 PENDING 状态任务...
2026-09-01 22:40:12,232 - agentgate.task.scheduler - INFO - 找到 0 个待执行任务
2026-09-01 22:40:22,237 - agentgate.task.scheduler - INFO - 开始扫描 PENDING 状态任务...
2026-09-01 22:40:22,239 - agentgate.task.scheduler - INFO - 找到 0 个待执行任务
2026-09-01 22:40:32,253 - agentgate.task.scheduler - INFO - 开始扫描 PENDING 状态任务...
2026-09-01 22:40:32,255 - agentgate.task.scheduler - INFO - 找到 0 个待执行任务
2026-09-01 22:40:42,264 - agentgate.task.scheduler - INFO - 开始扫描 PENDING 状态任务...
2026-09-01 22:40:42,266 - agentgate.task.scheduler - INFO - 找到 0 个待执行任务
2026-09-01 22:40:52,272 - agentgate.task.scheduler - INFO - 开始扫描 PENDING 状态任务...
2026-09-01 22:40:52,273 - agentgate.task.scheduler - INFO - 找到 0 个待执行任务
2026-09-01 22:41:02,280 - agentgate.task.scheduler - INFO - 开始扫描 PENDING 状态任务...
2026-09-01 22:41:02,282 - agentgate.task.scheduler - INFO - 找到 0 个待执行任务
2026-09-01 22:41:12,289 - agentgate.task.scheduler - INFO - 开始扫描 PENDING 状态任务...
2026-09-01 22:41:12,291 - agentgate.task.scheduler - INFO - 找到 0 个待执行任务
2026-09-01 22:41:22,300 - agentgate.task.scheduler - INFO - 开始扫描 PENDING 状态任务...
2026-09-01 22:41:22,302 - agentgate.task.scheduler - INFO - 找到 0 个待执行任务
2026-09-01 22:41:32,306 - agentgate.task.scheduler - INFO - 开始扫描 PENDING 状态任务...
2026-09-01 22:41:32,308 - agentgate.task.scheduler - INFO - 找到 0 个待执行任务
2026-09-01 22:41:42,321 - agentgate.task.scheduler - INFO - 开始扫描 PENDING 状态任务...
2026-09-01 22:41:42,322 - agentgate.task.scheduler - INFO - 找到 0 个待执行任务
2026-09-01 22:41:52,328 - agentgate.task.scheduler - INFO - 开始扫描 PENDING 状态任务...
2026-09-01 22:41:52,329 - agentgate.task.scheduler - INFO - 找到 0 个待执行任务
2026-09-01 22:42:02,332 - agentgate.task.scheduler - INFO - 开始扫描 PENDING 状态任务...
2026-09-01 22:42:02,334 - agentgate.task.scheduler - INFO - 找到 0 个待执行任务
2026-09-01 22:42:12,347 - agentgate.task.scheduler - INFO - 开始扫描 PENDING 状态任务...
2026-09-01 22:42:12,348 - agentgate.task.scheduler - INFO - 找到 0 个待执行任务
2026-09-01 22:42:22,358 - agentgate.task.scheduler - INFO - 开始扫描 PENDING 状态任务...
2026-09-01 22:42:22,360 - agentgate.task.scheduler - INFO - 找到 0 个待执行任务
2026-09-01 22:42:32,372 - agentgate.task.scheduler - INFO - 开始扫描 PENDING 状态任务...
2026-09-01 22:42:32,374 - agentgate.task.scheduler - INFO - 找到 0 个待执行任务
2026-09-01 22:42:42,382 - agentgate.task.scheduler - INFO - 开始扫描 PENDING 状态任务...
2026-09-01 22:42:42,383 - agentgate.task.scheduler - INFO - 找到 0 个待执行任务
2026-09-01 22:42:52,383 - agentgate.task.scheduler - INFO - 开始扫描 PENDING 状态任务...
2026-09-01 22:42:52,384 - agentgate.task.scheduler - INFO - 找到 0 个待执行任务
2026-09-01 22:43:02,392 - agentgate.task.scheduler - INFO - 开始扫描 PENDING 状态任务...
2026-09-01 22:43:02,393 - agentgate.task.scheduler - INFO - 找到 0 个待执行任务
2026-09-01 22:43:12,404 - agentgate.task.scheduler - INFO - 开始扫描 PENDING 状态任务...
2026-09-01 22:43:12,405 - agentgate.task.scheduler - INFO - 找到 0 个待执行任务
2026-09-01 22:43:22,409 - agentgate.task.scheduler - INFO - 开始扫描 PENDING 状态任务...
2026-09-01 22:43:22,410 - agentgate.task.scheduler - INFO - 找到 0 个待执行任务
2026-09-01 22:43:32,419 - agentgate.task.scheduler - INFO - 开始扫描 PENDING 状态任务...
2026-09-01 22:43:32,421 - agentgate.task.scheduler - INFO - 找到 0 个待执行任务
2026-09-01 22:43:42,422 - agentgate.task.scheduler - INFO - 开始扫描 PENDING 状态任务...
2026-09-01 22:43:42,423 - agentgate.task.scheduler - INFO - 找到 0 个待执行任务
2026-09-01 22:43:52,432 - agentgate.task.scheduler - INFO - 开始扫描 PENDING 状态任务...
2026-09-01 22:43:52,434 - agentgate.task.scheduler - INFO - 找到 0 个待执行任务
2026-09-01 22:44:02,438 - agentgate.task.scheduler - INFO - 开始扫描 PENDING 状态任务...
2026-09-01 22:44:02,440 - agentgate.task.scheduler - INFO - 找到 0 个待执行任务
2026-09-01 22:44:12,442 - agentgate.task.scheduler - INFO - 开始扫描 PENDING 状态任务...
2026-09-01 22:44:12,444 - agentgate.task.scheduler - INFO - 找到 0 个待执行任务
2026-09-01 22:44:22,453 - agentgate.task.scheduler - INFO - 开始扫描 PENDING 状态任务...
2026-09-01 22:44:22,455 - agentgate.task.scheduler - INFO - 找到 0 个待执行任务
2026-09-01 22:44:32,462 - agentgate.task.scheduler - INFO - 开始扫描 PENDING 状态任务...
2026-09-01 22:44:32,464 - agentgate.task.scheduler - INFO - 找到 0 个待执行任务
2026-09-01 22:44:42,466 - agentgate.task.scheduler - INFO - 开始扫描 PENDING 状态任务...
2026-09-01 22:44:42,467 - agentgate.task.scheduler - INFO - 找到 0 个待执行任务
2026-09-01 22:44:52,483 - agentgate.task.scheduler - INFO - 开始扫描 PENDING 状态任务...
2026-09-01 22:44:52,485 - agentgate.task.scheduler - INFO - 找到 0 个待执行任务
2026-09-01 22:45:02,488 - agentgate.task.scheduler - INFO - 开始扫描 PENDING 状态任务...
2026-09-01 22:45:02,490 - agentgate.task.scheduler - INFO - 找到 0 个待执行任务
2026-09-01 22:45:12,498 - agentgate.task.scheduler - INFO - 开始扫描 PENDING 状态任务...
2026-09-01 22:45:12,500 - agentgate.task.scheduler - INFO - 找到 0 个待执行任务
2026-09-01 22:45:22,501 - agentgate.task.scheduler - INFO - 开始扫描 PENDING 状态任务...
2026-09-01 22:45:22,503 - agentgate.task.scheduler - INFO - 找到 0 个待执行任务
2026-09-01 22:45:32,518 - agentgate.task.scheduler - INFO - 开始扫描 PENDING 状态任务...
2026-09-01 22:45:32,520 - agentgate.task.scheduler - INFO - 找到 0 个待执行任务
2026-09-01 22:45:42,530 - agentgate.task.scheduler - INFO - 开始扫描 PENDING 状态任务...
2026-09-01 22:45:42,532 - agentgate.task.scheduler - INFO - 找到 0 个待执行任务
2026-09-01 22:45:52,535 - agentgate.task.scheduler - INFO - 开始扫描 PENDING 状态任务...
2026-09-01 22:45:52,536 - agentgate.task.scheduler - INFO - 找到 0 个待执行任务
2026-09-01 22:46:02,547 - agentgate.task.scheduler - INFO - 开始扫描 PENDING 状态任务...
2026-09-01 22:46:02,548 - agentgate.task.scheduler - INFO - 找到 0 个待执行任务
2026-09-01 22:46:12,564 - agentgate.task.scheduler - INFO - 开始扫描 PENDING 状态任务...
2026-09-01 22:46:12,566 - agentgate.task.scheduler - INFO - 找到 0 个待执行任务
2026-09-01 22:46:22,567 - agentgate.task.scheduler - INFO - 开始扫描 PENDING 状态任务...
2026-09-01 22:46:22,569 - agentgate.task.scheduler - INFO - 找到 0 个待执行任务
2026-09-01 22:46:32,576 - agentgate.task.scheduler - INFO - 开始扫描 PENDING 状态任务...
2026-09-01 22:46:32,578 - agentgate.task.scheduler - INFO - 找到 0 个待执行任务
2026-09-01 22:46:42,587 - agentgate.task.scheduler - INFO - 开始扫描 PENDING 状态任务...
2026-09-01 22:46:42,588 - agentgate.task.scheduler - INFO - 找到 0 个待执行任务
2026-09-01 22:46:52,604 - agentgate.task.scheduler - INFO - 开始扫描 PENDING 状态任务...
2026-09-01 22:46:52,606 - agentgate.task.scheduler - INFO - 找到 0 个待执行任务
2026-09-01 22:47:02,615 - agentgate.task.scheduler - INFO - 开始扫描 PENDING 状态任务...
2026-09-01 22:47:02,617 - agentgate.task.scheduler - INFO - 找到 0 个待执行任务
2026-09-01 22:47:12,629 - agentgate.task.scheduler - INFO - 开始扫描 PENDING 状态任务...
2026-09-01 22:47:12,631 - agentgate.task.scheduler - INFO - 找到 0 个待执行任务
2026-09-01 22:47:22,645 - agentgate.task.scheduler - INFO - 开始扫描 PENDING 状态任务...
2026-09-01 22:47:22,647 - agentgate.task.scheduler - INFO - 找到 0 个待执行任务
2026-09-01 22:47:32,657 - agentgate.task.scheduler - INFO - 开始扫描 PENDING 状态任务...
2026-09-01 22:47:32,659 - agentgate.task.scheduler - INFO - 找到 0 个待执行任务
2026-09-01 22:47:42,669 - agentgate.task.scheduler - INFO - 开始扫描 PENDING 状态任务...
2026-09-01 22:47:42,671 - agentgate.task.scheduler - INFO - 找到 0 个待执行任务
2026-09-01 22:47:52,681 - agentgate.task.scheduler - INFO - 开始扫描 PENDING 状态任务...
2026-09-01 22:47:52,682 - agentgate.task.scheduler - INFO - 找到 0 个待执行任务
2026-09-01 22:48:02,686 - agentgate.task.scheduler - INFO - 开始扫描 PENDING 状态任务...
2026-09-01 22:48:02,688 - agentgate.task.scheduler - INFO - 找到 0 个待执行任务
2026-09-01 22:48:12,703 - agentgate.task.scheduler - INFO - 开始扫描 PENDING 状态任务...
2026-09-01 22:48:12,704 - agentgate.task.scheduler - INFO - 找到 0 个待执行任务
2026-09-01 22:48:22,709 - agentgate.task.scheduler - INFO - 开始扫描 PENDING 状态任务...
2026-09-01 22:48:22,711 - agentgate.task.scheduler - INFO - 找到 0 个待执行任务
2026-09-01 22:48:32,723 - agentgate.task.scheduler - INFO - 开始扫描 PENDING 状态任务...
2026-09-01 22:48:32,724 - agentgate.task.scheduler - INFO - 找到 0 个待执行任务
2026-09-01 22:48:42,739 - agentgate.task.scheduler - INFO - 开始扫描 PENDING 状态任务...
2026-09-01 22:48:42,741 - agentgate.task.scheduler - INFO - 找到 0 个待执行任务
2026-09-01 22:48:52,749 - agentgate.task.scheduler - INFO - 开始扫描 PENDING 状态任务...
2026-09-01 22:48:52,751 - agentgate.task.scheduler - INFO - 找到 0 个待执行任务
2026-09-01 22:49:02,753 - agentgate.task.scheduler - INFO - 开始扫描 PENDING 状态任务...
2026-09-01 22:49:02,754 - agentgate.task.scheduler - INFO - 找到 0 个待执行任务
2026-09-01 22:49:12,768 - agentgate.task.scheduler - INFO - 开始扫描 PENDING 状态任务...
2026-09-01 22:49:12,769 - agentgate.task.scheduler - INFO - 找到 0 个待执行任务
2026-09-01 22:49:22,779 - agentgate.task.scheduler - INFO - 开始扫描 PENDING 状态任务...
2026-09-01 22:49:22,781 - agentgate.task.scheduler - INFO - 找到 0 个待执行任务
2026-09-01 22:49:32,787 - agentgate.task.scheduler - INFO - 开始扫描 PENDING 状态任务...
2026-09-01 22:49:32,789 - agentgate.task.scheduler - INFO - 找到 0 个待执行任务
2026-09-01 22:49:42,801 - agentgate.task.scheduler - INFO - 开始扫描 PENDING 状态任务...
2026-09-01 22:49:42,802 - agentgate.task.scheduler - INFO - 找到 0 个待执行任务
2026-09-01 22:49:52,813 - agentgate.task.scheduler - INFO - 开始扫描 PENDING 状态任务...
2026-09-01 22:49:52,814 - agentgate.task.scheduler - INFO - 找到 0 个待执行任务
2026-09-01 22:50:02,828 - agentgate.task.scheduler - INFO - 开始扫描 PENDING 状态任务...
2026-09-01 22:50:02,830 - agentgate.task.scheduler - INFO - 找到 0 个待执行任务
2026-09-01 22:50:12,840 - agentgate.task.scheduler - INFO - 开始扫描 PENDING 状态任务...
2026-09-01 22:50:12,842 - agentgate.task.scheduler - INFO - 找到 0 个待执行任务
2026-09-01 22:50:22,848 - agentgate.task.scheduler - INFO - 开始扫描 PENDING 状态任务...
2026-09-01 22:50:22,851 - agentgate.task.scheduler - INFO - 找到 0 个待执行任务
2026-09-01 22:50:32,865 - agentgate.task.scheduler - INFO - 开始扫描 PENDING 状态任务...
2026-09-01 22:50:32,867 - agentgate.task.scheduler - INFO - 找到 0 个待执行任务
2026-09-01 22:50:42,879 - agentgate.task.scheduler - INFO - 开始扫描 PENDING 状态任务...
2026-09-01 22:50:42,881 - agentgate.task.scheduler - INFO - 找到 0 个待执行任务
2026-09-01 22:50:52,885 - agentgate.task.scheduler - INFO - 开始扫描 PENDING 状态任务...
2026-09-01 22:50:52,887 - agentgate.task.scheduler - INFO - 找到 0 个待执行任务
2026-09-01 22:51:02,898 - agentgate.task.scheduler - INFO - 开始扫描 PENDING 状态任务...
2026-09-01 22:51:02,900 - agentgate.task.scheduler - INFO - 找到 0 个待执行任务
2026-09-01 22:51:12,914 - agentgate.task.scheduler - INFO - 开始扫描 PENDING 状态任务...
2026-09-01 22:51:12,915 - agentgate.task.scheduler - INFO - 找到 0 个待执行任务
2026-09-01 22:51:22,927 - agentgate.task.scheduler - INFO - 开始扫描 PENDING 状态任务...
2026-09-01 22:51:22,929 - agentgate.task.scheduler - INFO - 找到 0 个待执行任务
2026-09-01 22:51:32,939 - agentgate.task.scheduler - INFO - 开始扫描 PENDING 状态任务...
2026-09-01 22:51:32,941 - agentgate.task.scheduler - INFO - 找到 0 个待执行任务
2026-09-01 22:51:42,948 - agentgate.task.scheduler - INFO - 开始扫描 PENDING 状态任务...
2026-09-01 22:51:42,950 - agentgate.task.scheduler - INFO - 找到 0 个待执行任务
2026-09-01 22:51:52,963 - agentgate.task.scheduler - INFO - 开始扫描 PENDING 状态任务...
2026-09-01 22:51:52,965 - agentgate.task.scheduler - INFO - 找到 0 个待执行任务
2026-09-01 22:52:02,979 - agentgate.task.scheduler - INFO - 开始扫描 PENDING 状态任务...
2026-09-01 22:52:02,981 - agentgate.task.scheduler - INFO - 找到 0 个待执行任务
2026-09-01 22:52:12,988 - agentgate.task.scheduler - INFO - 开始扫描 PENDING 状态任务...
2026-09-01 22:52:12,990 - agentgate.task.scheduler - INFO - 找到 0 个待执行任务
2026-09-01 22:52:23,003 - agentgate.task.scheduler - INFO - 开始扫描 PENDING 状态任务...
2026-09-01 22:52:23,005 - agentgate.task.scheduler - INFO - 找到 0 个待执行任务
2026-09-01 22:52:33,016 - agentgate.task.scheduler - INFO - 开始扫描 PENDING 状态任务...
2026-09-01 22:52:33,018 - agentgate.task.scheduler - INFO - 找到 0 个待执行任务
2026-09-01 22:52:43,032 - agentgate.task.scheduler - INFO - 开始扫描 PENDING 状态任务...
2026-09-01 22:52:43,034 - agentgate.task.scheduler - INFO - 找到 0 个待执行任务
2026-09-01 22:52:53,035 - agentgate.task.scheduler - INFO - 开始扫描 PENDING 状态任务...
2026-09-01 22:52:53,036 - agentgate.task.scheduler - INFO - 找到 0 个待执行任务
2026-09-01 22:53:03,044 - agentgate.task.scheduler - INFO - 开始扫描 PENDING 状态任务...
2026-09-01 22:53:03,045 - agentgate.task.scheduler - INFO - 找到 0 个待执行任务
2026-09-01 22:53:13,047 - agentgate.task.scheduler - INFO - 开始扫描 PENDING 状态任务...
2026-09-01 22:53:13,049 - agentgate.task.scheduler - INFO - 找到 0 个待执行任务
2026-09-01 22:53:23,057 - agentgate.task.scheduler - INFO - 开始扫描 PENDING 状态任务...
2026-09-01 22:53:23,059 - agentgate.task.scheduler - INFO - 找到 0 个待执行任务
2026-09-01 22:53:33,064 - agentgate.task.scheduler - INFO - 开始扫描 PENDING 状态任务...
2026-09-01 22:53:33,066 - agentgate.task.scheduler - INFO - 找到 0 个待执行任务
2026-09-01 22:53:43,070 - agentgate.task.scheduler - INFO - 开始扫描 PENDING 状态任务...
2026-09-01 22:53:43,072 - agentgate.task.scheduler - INFO - 找到 0 个待执行任务
2026-09-01 22:53:53,076 - agentgate.task.scheduler - INFO - 开始扫描 PENDING 状态任务...
2026-09-01 22:53:53,077 - agentgate.task.scheduler - INFO - 找到 0 个待执行任务
2026-09-01 22:54:03,093 - agentgate.task.scheduler - INFO - 开始扫描 PENDING 状态任务...
2026-09-01 22:54:03,095 - agentgate.task.scheduler - INFO - 找到 0 个待执行任务
2026-09-01 22:54:13,102 - agentgate.task.scheduler - INFO - 开始扫描 PENDING 状态任务...
2026-09-01 22:54:13,104 - agentgate.task.scheduler - INFO - 找到 0 个待执行任务
2026-09-01 22:54:23,114 - agentgate.task.scheduler - INFO - 开始扫描 PENDING 状态任务...
2026-09-01 22:54:23,116 - agentgate.task.scheduler - INFO - 找到 0 个待执行任务
2026-09-01 22:54:33,132 - agentgate.task.scheduler - INFO - 开始扫描 PENDING 状态任务...
2026-09-01 22:54:33,133 - agentgate.task.scheduler - INFO - 找到 0 个待执行任务
2026-09-01 22:54:43,146 - agentgate.task.scheduler - INFO - 开始扫描 PENDING 状态任务...
2026-09-01 22:54:43,147 - agentgate.task.scheduler - INFO - 找到 0 个待执行任务
2026-09-01 22:54:53,148 - agentgate.task.scheduler - INFO - 开始扫描 PENDING 状态任务...
2026-09-01 22:54:53,149 - agentgate.task.scheduler - INFO - 找到 0 个待执行任务
2026-09-01 22:55:03,155 - agentgate.task.scheduler - INFO - 开始扫描 PENDING 状态任务...
2026-09-01 22:55:03,156 - agentgate.task.scheduler - INFO - 找到 0 个待执行任务
2026-09-01 22:55:13,165 - agentgate.task.scheduler - INFO - 开始扫描 PENDING 状态任务...
2026-09-01 22:55:13,166 - agentgate.task.scheduler - INFO - 找到 0 个待执行任务
2026-09-01 22:55:23,171 - agentgate.task.scheduler - INFO - 开始扫描 PENDING 状态任务...
2026-09-01 22:55:23,173 - agentgate.task.scheduler - INFO - 找到 0 个待执行任务
2026-09-01 22:55:33,186 - agentgate.task.scheduler - INFO - 开始扫描 PENDING 状态任务...
2026-09-01 22:55:33,188 - agentgate.task.scheduler - INFO - 找到 0 个待执行任务
2026-09-01 22:55:43,201 - agentgate.task.scheduler - INFO - 开始扫描 PENDING 状态任务...
2026-09-01 22:55:43,203 - agentgate.task.scheduler - INFO - 找到 0 个待执行任务
2026-09-01 22:55:53,218 - agentgate.task.scheduler - INFO - 开始扫描 PENDING 状态任务...
2026-09-01 22:55:53,219 - agentgate.task.scheduler - INFO - 找到 0 个待执行任务
2026-09-01 22:56:03,230 - agentgate.task.scheduler - INFO - 开始扫描 PENDING 状态任务...
2026-09-01 22:56:03,232 - agentgate.task.scheduler - INFO - 找到 0 个待执行任务
2026-09-01 22:56:13,239 - agentgate.task.scheduler - INFO - 开始扫描 PENDING 状态任务...
2026-09-01 22:56:13,241 - agentgate.task.scheduler - INFO - 找到 0 个待执行任务
2026-09-01 22:56:23,249 - agentgate.task.scheduler - INFO - 开始扫描 PENDING 状态任务...
2026-09-01 22:56:23,251 - agentgate.task.scheduler - INFO - 找到 0 个待执行任务
2026-09-01 22:56:33,256 - agentgate.task.scheduler - INFO - 开始扫描 PENDING 状态任务...
2026-09-01 22:56:33,258 - agentgate.task.scheduler - INFO - 找到 0 个待执行任务
2026-09-01 22:56:43,262 - agentgate.task.scheduler - INFO - 开始扫描 PENDING 状态任务...
2026-09-01 22:56:43,264 - agentgate.task.scheduler - INFO - 找到 0 个待执行任务
2026-09-01 22:56:53,278 - agentgate.task.scheduler - INFO - 开始扫描 PENDING 状态任务...
2026-09-01 22:56:53,280 - agentgate.task.scheduler - INFO - 找到 0 个待执行任务
2026-09-01 22:57:03,295 - agentgate.task.scheduler - INFO - 开始扫描 PENDING 状态任务...
2026-09-01 22:57:03,297 - agentgate.task.scheduler - INFO - 找到 0 个待执行任务
2026-09-01 22:57:13,311 - agentgate.task.scheduler - INFO - 开始扫描 PENDING 状态任务...
2026-09-01 22:57:13,313 - agentgate.task.scheduler - INFO - 找到 0 个待执行任务
2026-09-01 22:57:23,313 - agentgate.task.scheduler - INFO - 开始扫描 PENDING 状态任务...
2026-09-01 22:57:23,315 - agentgate.task.scheduler - INFO - 找到 0 个待执行任务
2026-09-01 22:57:33,320 - agentgate.task.scheduler - INFO - 开始扫描 PENDING 状态任务...
2026-09-01 22:57:33,322 - agentgate.task.scheduler - INFO - 找到 0 个待执行任务
2026-09-01 22:57:43,337 - agentgate.task.scheduler - INFO - 开始扫描 PENDING 状态任务...
2026-09-01 22:57:43,338 - agentgate.task.scheduler - INFO - 找到 0 个待执行任务
2026-09-01 22:57:53,339 - agentgate.task.scheduler - INFO - 开始扫描 PENDING 状态任务...
2026-09-01 22:57:53,340 - agentgate.task.scheduler - INFO - 找到 0 个待执行任务
2026-09-01 22:58:03,353 - agentgate.task.scheduler - INFO - 开始扫描 PENDING 状态任务...
2026-09-01 22:58:03,354 - agentgate.task.scheduler - INFO - 找到 0 个待执行任务
2026-09-01 22:58:13,368 - agentgate.task.scheduler - INFO - 开始扫描 PENDING 状态任务...
2026-09-01 22:58:13,369 - agentgate.task.scheduler - INFO - 找到 0 个待执行任务
2026-09-01 22:58:23,383 - agentgate.task.scheduler - INFO - 开始扫描 PENDING 状态任务...
2026-09-01 22:58:23,384 - agentgate.task.scheduler - INFO - 找到 0 个待执行任务
2026-09-01 22:58:33,391 - agentgate.task.scheduler - INFO - 开始扫描 PENDING 状态任务...
2026-09-01 22:58:33,392 - agentgate.task.scheduler - INFO - 找到 0 个待执行任务
2026-09-01 22:58:43,394 - agentgate.task.scheduler - INFO - 开始扫描 PENDING 状态任务...
2026-09-01 22:58:43,395 - agentgate.task.scheduler - INFO - 找到 0 个待执行任务
2026-09-01 22:58:53,406 - agentgate.task.scheduler - INFO - 开始扫描 PENDING 状态任务...
2026-09-01 22:58:53,407 - agentgate.task.scheduler - INFO - 找到 0 个待执行任务
2026-09-01 22:59:03,420 - agentgate.task.scheduler - INFO - 开始扫描 PENDING 状态任务...
2026-09-01 22:59:03,421 - agentgate.task.scheduler - INFO - 找到 0 个待执行任务
2026-09-01 22:59:13,435 - agentgate.task.scheduler - INFO - 开始扫描 PENDING 状态任务...
2026-09-01 22:59:13,437 - agentgate.task.scheduler - INFO - 找到 0 个待执行任务
2026-09-01 22:59:23,446 - agentgate.task.scheduler - INFO - 开始扫描 PENDING 状态任务...
2026-09-01 22:59:23,447 - agentgate.task.scheduler - INFO - 找到 0 个待执行任务
2026-09-01 22:59:33,451 - agentgate.task.scheduler - INFO - 开始扫描 PENDING 状态任务...
2026-09-01 22:59:33,452 - agentgate.task.scheduler - INFO - 找到 0 个待执行任务
2026-09-01 22:59:43,469 - agentgate.task.scheduler - INFO - 开始扫描 PENDING 状态任务...
2026-09-01 22:59:43,470 - agentgate.task.scheduler - INFO - 找到 0 个待执行任务
2026-09-01 22:59:53,474 - agentgate.task.scheduler - INFO - 开始扫描 PENDING 状态任务...
2026-09-01 22:59:53,476 - agentgate.task.scheduler - INFO - 找到 0 个待执行任务
2026-09-01 23:00:03,489 - agentgate.task.scheduler - INFO - 开始扫描 PENDING 状态任务...
2026-09-01 23:00:03,490 - agentgate.task.scheduler - INFO - 找到 0 个待执行任务
2026-09-01 23:00:13,498 - agentgate.task.scheduler - INFO - 开始扫描 PENDING 状态任务...
2026-09-01 23:00:13,500 - agentgate.task.scheduler - INFO - 找到 0 个待执行任务
2026-09-01 23:00:23,506 - agentgate.task.scheduler - INFO - 开始扫描 PENDING 状态任务...
2026-09-01 23:00:23,507 - agentgate.task.scheduler - INFO - 找到 0 个待执行任务
2026-09-01 23:00:33,518 - agentgate.task.scheduler - INFO - 开始扫描 PENDING 状态任务...
2026-09-01 23:00:33,520 - agentgate.task.scheduler - INFO - 找到 0 个待执行任务
2026-09-01 23:00:43,528 - agentgate.task.scheduler - INFO - 开始扫描 PENDING 状态任务...
2026-09-01 23:00:43,530 - agentgate.task.scheduler - INFO - 找到 0 个待执行任务
2026-09-01 23:00:53,545 - agentgate.task.scheduler - INFO - 开始扫描 PENDING 状态任务...
2026-09-01 23:00:53,547 - agentgate.task.scheduler - INFO - 找到 0 个待执行任务
2026-09-01 23:01:03,555 - agentgate.task.scheduler - INFO - 开始扫描 PENDING 状态任务...
2026-09-01 23:01:03,556 - agentgate.task.scheduler - INFO - 找到 0 个待执行任务
2026-09-01 23:01:13,568 - agentgate.task.scheduler - INFO - 开始扫描 PENDING 状态任务...
2026-09-01 23:01:13,569 - agentgate.task.scheduler - INFO - 找到 0 个待执行任务
2026-09-01 23:01:23,577 - agentgate.task.scheduler - INFO - 开始扫描 PENDING 状态任务...
2026-09-01 23:01:23,579 - agentgate.task.scheduler - INFO - 找到 0 个待执行任务
2026-09-01 23:01:33,584 - agentgate.task.scheduler - INFO - 开始扫描 PENDING 状态任务...
2026-09-01 23:01:33,585 - agentgate.task.scheduler - INFO - 找到 0 个待执行任务
2026-09-01 23:01:43,592 - agentgate.task.scheduler - INFO - 开始扫描 PENDING 状态任务...
2026-09-01 23:01:43,594 - agentgate.task.scheduler - INFO - 找到 0 个待执行任务
2026-09-01 23:01:53,595 - agentgate.task.scheduler - INFO - 开始扫描 PENDING 状态任务...
2026-09-01 23:01:53,597 - agentgate.task.scheduler - INFO - 找到 0 个待执行任务
2026-09-01 23:02:03,611 - agentgate.task.scheduler - INFO - 开始扫描 PENDING 状态任务...
2026-09-01 23:02:03,612 - agentgate.task.scheduler - INFO - 找到 0 个待执行任务
2026-09-01 23:02:13,623 - agentgate.task.scheduler - INFO - 开始扫描 PENDING 状态任务...
2026-09-01 23:02:13,624 - agentgate.task.scheduler - INFO - 找到 0 个待执行任务
2026-09-01 23:02:23,635 - agentgate.task.scheduler - INFO - 开始扫描 PENDING 状态任务...
2026-09-01 23:02:23,637 - agentgate.task.scheduler - INFO - 找到 0 个待执行任务
2026-09-01 23:02:33,650 - agentgate.task.scheduler - INFO - 开始扫描 PENDING 状态任务...
2026-09-01 23:02:33,652 - agentgate.task.scheduler - INFO - 找到 0 个待执行任务
2026-09-01 23:02:43,660 - agentgate.task.scheduler - INFO - 开始扫描 PENDING 状态任务...
2026-09-01 23:02:43,661 - agentgate.task.scheduler - INFO - 找到 0 个待执行任务
2026-09-01 23:02:53,675 - agentgate.task.scheduler - INFO - 开始扫描 PENDING 状态任务...
2026-09-01 23:02:53,676 - agentgate.task.scheduler - INFO - 找到 0 个待执行任务
2026-09-01 23:03:03,681 - agentgate.task.scheduler - INFO - 开始扫描 PENDING 状态任务...
2026-09-01 23:03:03,683 - agentgate.task.scheduler - INFO - 找到 0 个待执行任务
2026-09-01 23:03:13,696 - agentgate.task.scheduler - INFO - 开始扫描 PENDING 状态任务...
2026-09-01 23:03:13,697 - agentgate.task.scheduler - INFO - 找到 0 个待执行任务
2026-09-01 23:03:23,712 - agentgate.task.scheduler - INFO - 开始扫描 PENDING 状态任务...
2026-09-01 23:03:23,714 - agentgate.task.scheduler - INFO - 找到 0 个待执行任务
2026-09-01 23:03:33,724 - agentgate.task.scheduler - INFO - 开始扫描 PENDING 状态任务...
2026-09-01 23:03:33,725 - agentgate.task.scheduler - INFO - 找到 0 个待执行任务
2026-09-01 23:03:43,741 - agentgate.task.scheduler - INFO - 开始扫描 PENDING 状态任务...
2026-09-01 23:03:43,742 - agentgate.task.scheduler - INFO - 找到 0 个待执行任务
2026-09-01 23:03:53,756 - agentgate.task.scheduler - INFO - 开始扫描 PENDING 状态任务...
2026-09-01 23:03:53,757 - agentgate.task.scheduler - INFO - 找到 0 个待执行任务
2026-09-01 23:04:03,771 - agentgate.task.scheduler - INFO - 开始扫描 PENDING 状态任务...
2026-09-01 23:04:03,772 - agentgate.task.scheduler - INFO - 找到 0 个待执行任务
2026-09-01 23:04:13,782 - agentgate.task.scheduler - INFO - 开始扫描 PENDING 状态任务...
2026-09-01 23:04:13,783 - agentgate.task.scheduler - INFO - 找到 0 个待执行任务
2026-09-01 23:04:23,794 - agentgate.task.scheduler - INFO - 开始扫描 PENDING 状态任务...
2026-09-01 23:04:23,796 - agentgate.task.scheduler - INFO - 找到 0 个待执行任务
2026-09-01 23:04:33,801 - agentgate.task.scheduler - INFO - 开始扫描 PENDING 状态任务...
2026-09-01 23:04:33,803 - agentgate.task.scheduler - INFO - 找到 0 个待执行任务
2026-09-01 23:04:43,805 - agentgate.task.scheduler - INFO - 开始扫描 PENDING 状态任务...
2026-09-01 23:04:43,807 - agentgate.task.scheduler - INFO - 找到 0 个待执行任务
2026-09-01 23:04:53,815 - agentgate.task.scheduler - INFO - 开始扫描 PENDING 状态任务...
2026-09-01 23:04:53,816 - agentgate.task.scheduler - INFO - 找到 0 个待执行任务
2026-09-01 23:05:03,824 - agentgate.task.scheduler - INFO - 开始扫描 PENDING 状态任务...
2026-09-01 23:05:03,826 - agentgate.task.scheduler - INFO - 找到 0 个待执行任务
2026-09-01 23:05:13,839 - agentgate.task.scheduler - INFO - 开始扫描 PENDING 状态任务...
2026-09-01 23:05:13,840 - agentgate.task.scheduler - INFO - 找到 0 个待执行任务
2026-09-01 23:05:23,843 - agentgate.task.scheduler - INFO - 开始扫描 PENDING 状态任务...
2026-09-01 23:05:23,844 - agentgate.task.scheduler - INFO - 找到 0 个待执行任务
2026-09-01 23:05:33,852 - agentgate.task.scheduler - INFO - 开始扫描 PENDING 状态任务...
2026-09-01 23:05:33,853 - agentgate.task.scheduler - INFO - 找到 0 个待执行任务
2026-09-01 23:05:43,866 - agentgate.task.scheduler - INFO - 开始扫描 PENDING 状态任务...
2026-09-01 23:05:43,868 - agentgate.task.scheduler - INFO - 找到 0 个待执行任务
2026-09-01 23:05:53,879 - agentgate.task.scheduler - INFO - 开始扫描 PENDING 状态任务...
2026-09-01 23:05:53,881 - agentgate.task.scheduler - INFO - 找到 0 个待执行任务
2026-09-01 23:06:03,893 - agentgate.task.scheduler - INFO - 开始扫描 PENDING 状态任务...
2026-09-01 23:06:03,894 - agentgate.task.scheduler - INFO - 找到 0 个待执行任务
2026-09-01 23:06:13,905 - agentgate.task.scheduler - INFO - 开始扫描 PENDING 状态任务...
2026-09-01 23:06:13,906 - agentgate.task.scheduler - INFO - 找到 0 个待执行任务
2026-09-01 23:06:23,915 - agentgate.task.scheduler - INFO - 开始扫描 PENDING 状态任务...
2026-09-01 23:06:23,916 - agentgate.task.scheduler - INFO - 找到 0 个待执行任务
2026-09-01 23:06:33,927 - agentgate.task.scheduler - INFO - 开始扫描 PENDING 状态任务...
2026-09-01 23:06:33,928 - agentgate.task.scheduler - INFO - 找到 0 个待执行任务
2026-09-01 23:06:43,933 - agentgate.task.scheduler - INFO - 开始扫描 PENDING 状态任务...
2026-09-01 23:06:43,935 - agentgate.task.scheduler - INFO - 找到 0 个待执行任务
2026-09-01 23:06:53,939 - agentgate.task.scheduler - INFO - 开始扫描 PENDING 状态任务...
2026-09-01 23:06:53,941 - agentgate.task.scheduler - INFO - 找到 0 个待执行任务
2026-09-01 23:07:03,949 - agentgate.task.scheduler - INFO - 开始扫描 PENDING 状态任务...
2026-09-01 23:07:03,950 - agentgate.task.scheduler - INFO - 找到 0 个待执行任务
2026-09-01 23:07:13,966 - agentgate.task.scheduler - INFO - 开始扫描 PENDING 状态任务...
2026-09-01 23:07:13,968 - agentgate.task.scheduler - INFO - 找到 0 个待执行任务
2026-09-01 23:07:23,971 - agentgate.task.scheduler - INFO - 开始扫描 PENDING 状态任务...
2026-09-01 23:07:23,973 - agentgate.task.scheduler - INFO - 找到 0 个待执行任务
2026-09-01 23:07:33,986 - agentgate.task.scheduler - INFO - 开始扫描 PENDING 状态任务...
2026-09-01 23:07:33,988 - agentgate.task.scheduler - INFO - 找到 0 个待执行任务
2026-09-01 23:07:43,993 - agentgate.task.scheduler - INFO - 开始扫描 PENDING 状态任务...
2026-09-01 23:07:43,994 - agentgate.task.scheduler - INFO - 找到 0 个待执行任务
2026-09-01 23:07:54,000 - agentgate.task.scheduler - INFO - 开始扫描 PENDING 状态任务...
2026-09-01 23:07:54,002 - agentgate.task.scheduler - INFO - 找到 0 个待执行任务
2026-09-01 23:08:04,007 - agentgate.task.scheduler - INFO - 开始扫描 PENDING 状态任务...
2026-09-01 23:08:04,009 - agentgate.task.scheduler - INFO - 找到 0 个待执行任务
2026-09-01 23:08:14,017 - agentgate.task.scheduler - INFO - 开始扫描 PENDING 状态任务...
2026-09-01 23:08:14,018 - agentgate.task.scheduler - INFO - 找到 0 个待执行任务
2026-09-01 23:08:24,025 - agentgate.task.scheduler - INFO - 开始扫描 PENDING 状态任务...
2026-09-01 23:08:24,026 - agentgate.task.scheduler - INFO - 找到 0 个待执行任务
2026-09-01 23:08:34,032 - agentgate.task.scheduler - INFO - 开始扫描 PENDING 状态任务...
2026-09-01 23:08:34,033 - agentgate.task.scheduler - INFO - 找到 0 个待执行任务
2026-09-01 23:08:44,038 - agentgate.task.scheduler - INFO - 开始扫描 PENDING 状态任务...
2026-09-01 23:08:44,039 - agentgate.task.scheduler - INFO - 找到 0 个待执行任务
2026-09-01 23:08:54,042 - agentgate.task.scheduler - INFO - 开始扫描 PENDING 状态任务...
2026-09-01 23:08:54,044 - agentgate.task.scheduler - INFO - 找到 0 个待执行任务
2026-09-01 23:09:04,050 - agentgate.task.scheduler - INFO - 开始扫描 PENDING 状态任务...
2026-09-01 23:09:04,052 - agentgate.task.scheduler - INFO - 找到 0 个待执行任务
2026-09-01 23:09:14,067 - agentgate.task.scheduler - INFO - 开始扫描 PENDING 状态任务...
2026-09-01 23:09:14,068 - agentgate.task.scheduler - INFO - 找到 0 个待执行任务
2026-09-01 23:09:24,070 - agentgate.task.scheduler - INFO - 开始扫描 PENDING 状态任务...
2026-09-01 23:09:24,071 - agentgate.task.scheduler - INFO - 找到 0 个待执行任务
2026-09-01 23:09:34,072 - agentgate.task.scheduler - INFO - 开始扫描 PENDING 状态任务...
2026-09-01 23:09:34,074 - agentgate.task.scheduler - INFO - 找到 0 个待执行任务
2026-09-01 23:09:44,080 - agentgate.task.scheduler - INFO - 开始扫描 PENDING 状态任务...
2026-09-01 23:09:44,081 - agentgate.task.scheduler - INFO - 找到 0 个待执行任务
2026-09-01 23:09:54,096 - agentgate.task.scheduler - INFO - 开始扫描 PENDING 状态任务...
2026-09-01 23:09:54,097 - agentgate.task.scheduler - INFO - 找到 0 个待执行任务
2026-09-01 23:10:04,112 - agentgate.task.scheduler - INFO - 开始扫描 PENDING 状态任务...
2026-09-01 23:10:04,114 - agentgate.task.scheduler - INFO - 找到 0 个待执行任务
2026-09-01 23:10:14,123 - agentgate.task.scheduler - INFO - 开始扫描 PENDING 状态任务...
2026-09-01 23:10:14,124 - agentgate.task.scheduler - INFO - 找到 0 个待执行任务
2026-09-01 23:10:24,132 - agentgate.task.scheduler - INFO - 开始扫描 PENDING 状态任务...
2026-09-01 23:10:24,134 - agentgate.task.scheduler - INFO - 找到 0 个待执行任务
2026-09-01 23:10:34,148 - agentgate.task.scheduler - INFO - 开始扫描 PENDING 状态任务...
2026-09-01 23:10:34,150 - agentgate.task.scheduler - INFO - 找到 0 个待执行任务
2026-09-01 23:10:44,151 - agentgate.task.scheduler - INFO - 开始扫描 PENDING 状态任务...
2026-09-01 23:10:44,153 - agentgate.task.scheduler - INFO - 找到 0 个待执行任务
2026-09-01 23:10:54,164 - agentgate.task.scheduler - INFO - 开始扫描 PENDING 状态任务...
2026-09-01 23:10:54,165 - agentgate.task.scheduler - INFO - 找到 0 个待执行任务
2026-09-01 23:11:04,173 - agentgate.task.scheduler - INFO - 开始扫描 PENDING 状态任务...
2026-09-01 23:11:04,174 - agentgate.task.scheduler - INFO - 找到 0 个待执行任务
2026-09-01 23:11:14,177 - agentgate.task.scheduler - INFO - 开始扫描 PENDING 状态任务...
2026-09-01 23:11:14,178 - agentgate.task.scheduler - INFO - 找到 0 个待执行任务
2026-09-01 23:11:24,183 - agentgate.task.scheduler - INFO - 开始扫描 PENDING 状态任务...
2026-09-01 23:11:24,184 - agentgate.task.scheduler - INFO - 找到 0 个待执行任务
2026-09-01 23:11:34,193 - agentgate.task.scheduler - INFO - 开始扫描 PENDING 状态任务...
2026-09-01 23:11:34,195 - agentgate.task.scheduler - INFO - 找到 0 个待执行任务
2026-09-01 23:11:44,200 - agentgate.task.scheduler - INFO - 开始扫描 PENDING 状态任务...
2026-09-01 23:11:44,202 - agentgate.task.scheduler - INFO - 找到 0 个待执行任务
2026-09-01 23:11:54,211 - agentgate.task.scheduler - INFO - 开始扫描 PENDING 状态任务...
2026-09-01 23:11:54,213 - agentgate.task.scheduler - INFO - 找到 0 个待执行任务
2026-09-01 23:12:04,221 - agentgate.task.scheduler - INFO - 开始扫描 PENDING 状态任务...
2026-09-01 23:12:04,222 - agentgate.task.scheduler - INFO - 找到 0 个待执行任务
2026-09-01 23:12:14,225 - agentgate.task.scheduler - INFO - 开始扫描 PENDING 状态任务...
2026-09-01 23:12:14,226 - agentgate.task.scheduler - INFO - 找到 0 个待执行任务
2026-09-01 23:12:24,232 - agentgate.task.scheduler - INFO - 开始扫描 PENDING 状态任务...
2026-09-01 23:12:24,234 - agentgate.task.scheduler - INFO - 找到 0 个待执行任务
2026-09-01 23:12:34,248 - agentgate.task.scheduler - INFO - 开始扫描 PENDING 状态任务...
2026-09-01 23:12:34,250 - agentgate.task.scheduler - INFO - 找到 0 个待执行任务
2026-09-01 23:12:44,256 - agentgate.task.scheduler - INFO - 开始扫描 PENDING 状态任务...
2026-09-01 23:12:44,258 - agentgate.task.scheduler - INFO - 找到 0 个待执行任务
2026-09-01 23:12:54,259 - agentgate.task.scheduler - INFO - 开始扫描 PENDING 状态任务...
2026-09-01 23:12:54,260 - agentgate.task.scheduler - INFO - 找到 0 个待执行任务
2026-09-01 23:13:04,264 - agentgate.task.scheduler - INFO - 开始扫描 PENDING 状态任务...
2026-09-01 23:13:04,266 - agentgate.task.scheduler - INFO - 找到 0 个待执行任务
2026-09-01 23:13:14,281 - agentgate.task.scheduler - INFO - 开始扫描 PENDING 状态任务...
2026-09-01 23:13:14,282 - agentgate.task.scheduler - INFO - 找到 0 个待执行任务
2026-09-01 23:13:24,286 - agentgate.task.scheduler - INFO - 开始扫描 PENDING 状态任务...
2026-09-01 23:13:24,288 - agentgate.task.scheduler - INFO - 找到 0 个待执行任务
2026-09-01 23:13:34,297 - agentgate.task.scheduler - INFO - 开始扫描 PENDING 状态任务...
2026-09-01 23:13:34,299 - agentgate.task.scheduler - INFO - 找到 0 个待执行任务
2026-09-01 23:13:44,314 - agentgate.task.scheduler - INFO - 开始扫描 PENDING 状态任务...
2026-09-01 23:13:44,315 - agentgate.task.scheduler - INFO - 找到 0 个待执行任务
2026-09-01 23:13:54,329 - agentgate.task.scheduler - INFO - 开始扫描 PENDING 状态任务...
2026-09-01 23:13:54,330 - agentgate.task.scheduler - INFO - 找到 0 个待执行任务
2026-09-01 23:14:04,342 - agentgate.task.scheduler - INFO - 开始扫描 PENDING 状态任务...
2026-09-01 23:14:04,344 - agentgate.task.scheduler - INFO - 找到 0 个待执行任务
2026-09-01 23:14:14,348 - agentgate.task.scheduler - INFO - 开始扫描 PENDING 状态任务...
2026-09-01 23:14:14,349 - agentgate.task.scheduler - INFO - 找到 0 个待执行任务
2026-09-01 23:14:24,354 - agentgate.task.scheduler - INFO - 开始扫描 PENDING 状态任务...
2026-09-01 23:14:24,356 - agentgate.task.scheduler - INFO - 找到 0 个待执行任务
2026-09-01 23:14:34,360 - agentgate.task.scheduler - INFO - 开始扫描 PENDING 状态任务...
2026-09-01 23:14:34,362 - agentgate.task.scheduler - INFO - 找到 0 个待执行任务
2026-09-01 23:14:44,370 - agentgate.task.scheduler - INFO - 开始扫描 PENDING 状态任务...
2026-09-01 23:14:44,372 - agentgate.task.scheduler - INFO - 找到 0 个待执行任务
2026-09-01 23:14:54,387 - agentgate.task.scheduler - INFO - 开始扫描 PENDING 状态任务...
2026-09-01 23:14:54,389 - agentgate.task.scheduler - INFO - 找到 0 个待执行任务
2026-09-01 23:15:04,396 - agentgate.task.scheduler - INFO - 开始扫描 PENDING 状态任务...
2026-09-01 23:15:04,397 - agentgate.task.scheduler - INFO - 找到 0 个待执行任务
2026-09-01 23:15:14,407 - agentgate.task.scheduler - INFO - 开始扫描 PENDING 状态任务...
2026-09-01 23:15:14,408 - agentgate.task.scheduler - INFO - 找到 0 个待执行任务
2026-09-01 23:15:24,415 - agentgate.task.scheduler - INFO - 开始扫描 PENDING 状态任务...
2026-09-01 23:15:24,417 - agentgate.task.scheduler - INFO - 找到 0 个待执行任务
2026-09-01 23:15:34,423 - agentgate.task.scheduler - INFO - 开始扫描 PENDING 状态任务...
2026-09-01 23:15:34,424 - agentgate.task.scheduler - INFO - 找到 0 个待执行任务
2026-09-01 23:15:44,430 - agentgate.task.scheduler - INFO - 开始扫描 PENDING 状态任务...
2026-09-01 23:15:44,431 - agentgate.task.scheduler - INFO - 找到 0 个待执行任务
2026-09-01 23:15:54,445 - agentgate.task.scheduler - INFO - 开始扫描 PENDING 状态任务...
2026-09-01 23:15:54,447 - agentgate.task.scheduler - INFO - 找到 0 个待执行任务
2026-09-01 23:16:04,457 - agentgate.task.scheduler - INFO - 开始扫描 PENDING 状态任务...
2026-09-01 23:16:04,459 - agentgate.task.scheduler - INFO - 找到 0 个待执行任务
2026-09-01 23:16:14,470 - agentgate.task.scheduler - INFO - 开始扫描 PENDING 状态任务...
2026-09-01 23:16:14,471 - agentgate.task.scheduler - INFO - 找到 0 个待执行任务
2026-09-01 23:16:24,472 - agentgate.task.scheduler - INFO - 开始扫描 PENDING 状态任务...
2026-09-01 23:16:24,474 - agentgate.task.scheduler - INFO - 找到 0 个待执行任务
2026-09-01 23:16:34,484 - agentgate.task.scheduler - INFO - 开始扫描 PENDING 状态任务...
2026-09-01 23:16:34,485 - agentgate.task.scheduler - INFO - 找到 0 个待执行任务
2026-09-01 23:16:44,497 - agentgate.task.scheduler - INFO - 开始扫描 PENDING 状态任务...
2026-09-01 23:16:44,499 - agentgate.task.scheduler - INFO - 找到 0 个待执行任务
2026-09-01 23:16:54,509 - agentgate.task.scheduler - INFO - 开始扫描 PENDING 状态任务...
2026-09-01 23:16:54,511 - agentgate.task.scheduler - INFO - 找到 0 个待执行任务
2026-09-01 23:17:04,515 - agentgate.task.scheduler - INFO - 开始扫描 PENDING 状态任务...
2026-09-01 23:17:04,517 - agentgate.task.scheduler - INFO - 找到 0 个待执行任务
2026-09-01 23:17:14,518 - agentgate.task.scheduler - INFO - 开始扫描 PENDING 状态任务...
2026-09-01 23:17:14,520 - agentgate.task.scheduler - INFO - 找到 0 个待执行任务
2026-09-01 23:17:24,526 - agentgate.task.scheduler - INFO - 开始扫描 PENDING 状态任务...
2026-09-01 23:17:24,528 - agentgate.task.scheduler - INFO - 找到 0 个待执行任务
2026-09-01 23:17:34,538 - agentgate.task.scheduler - INFO - 开始扫描 PENDING 状态任务...
2026-09-01 23:17:34,540 - agentgate.task.scheduler - INFO - 找到 0 个待执行任务
2026-09-01 23:17:44,544 - agentgate.task.scheduler - INFO - 开始扫描 PENDING 状态任务...
2026-09-01 23:17:44,545 - agentgate.task.scheduler - INFO - 找到 0 个待执行任务
2026-09-01 23:17:54,554 - agentgate.task.scheduler - INFO - 开始扫描 PENDING 状态任务...
2026-09-01 23:17:54,555 - agentgate.task.scheduler - INFO - 找到 0 个待执行任务
2026-09-01 23:18:04,563 - agentgate.task.scheduler - INFO - 开始扫描 PENDING 状态任务...
2026-09-01 23:18:04,564 - agentgate.task.scheduler - INFO - 找到 0 个待执行任务
2026-09-01 23:18:14,581 - agentgate.task.scheduler - INFO - 开始扫描 PENDING 状态任务...
2026-09-01 23:18:14,582 - agentgate.task.scheduler - INFO - 找到 0 个待执行任务
2026-09-01 23:18:24,594 - agentgate.task.scheduler - INFO - 开始扫描 PENDING 状态任务...
2026-09-01 23:18:24,596 - agentgate.task.scheduler - INFO - 找到 0 个待执行任务
2026-09-01 23:18:34,612 - agentgate.task.scheduler - INFO - 开始扫描 PENDING 状态任务...
2026-09-01 23:18:34,613 - agentgate.task.scheduler - INFO - 找到 0 个待执行任务
2026-09-01 23:18:44,620 - agentgate.task.scheduler - INFO - 开始扫描 PENDING 状态任务...
2026-09-01 23:18:44,622 - agentgate.task.scheduler - INFO - 找到 0 个待执行任务
2026-09-01 23:18:54,627 - agentgate.task.scheduler - INFO - 开始扫描 PENDING 状态任务...
2026-09-01 23:18:54,629 - agentgate.task.scheduler - INFO - 找到 0 个待执行任务
2026-09-01 23:19:04,639 - agentgate.task.scheduler - INFO - 开始扫描 PENDING 状态任务...
2026-09-01 23:19:04,640 - agentgate.task.scheduler - INFO - 找到 0 个待执行任务
2026-09-01 23:19:14,647 - agentgate.task.scheduler - INFO - 开始扫描 PENDING 状态任务...
2026-09-01 23:19:14,649 - agentgate.task.scheduler - INFO - 找到 0 个待执行任务
2026-09-01 23:19:24,663 - agentgate.task.scheduler - INFO - 开始扫描 PENDING 状态任务...
2026-09-01 23:19:24,665 - agentgate.task.scheduler - INFO - 找到 0 个待执行任务
2026-09-01 23:19:34,668 - agentgate.task.scheduler - INFO - 开始扫描 PENDING 状态任务...
2026-09-01 23:19:34,670 - agentgate.task.scheduler - INFO - 找到 0 个待执行任务
2026-09-01 23:19:44,685 - agentgate.task.scheduler - INFO - 开始扫描 PENDING 状态任务...
2026-09-01 23:19:44,687 - agentgate.task.scheduler - INFO - 找到 0 个待执行任务
2026-09-01 23:19:54,699 - agentgate.task.scheduler - INFO - 开始扫描 PENDING 状态任务...
2026-09-01 23:19:54,700 - agentgate.task.scheduler - INFO - 找到 0 个待执行任务
2026-09-01 23:20:04,710 - agentgate.task.scheduler - INFO - 开始扫描 PENDING 状态任务...
2026-09-01 23:20:04,712 - agentgate.task.scheduler - INFO - 找到 0 个待执行任务
2026-09-01 23:20:14,725 - agentgate.task.scheduler - INFO - 开始扫描 PENDING 状态任务...
2026-09-01 23:20:14,726 - agentgate.task.scheduler - INFO - 找到 0 个待执行任务
2026-09-01 23:20:24,739 - agentgate.task.scheduler - INFO - 开始扫描 PENDING 状态任务...
2026-09-01 23:20:24,741 - agentgate.task.scheduler - INFO - 找到 0 个待执行任务
2026-09-01 23:20:34,745 - agentgate.task.scheduler - INFO - 开始扫描 PENDING 状态任务...
2026-09-01 23:20:34,747 - agentgate.task.scheduler - INFO - 找到 0 个待执行任务
2026-09-01 23:20:44,752 - agentgate.task.scheduler - INFO - 开始扫描 PENDING 状态任务...
2026-09-01 23:20:44,754 - agentgate.task.scheduler - INFO - 找到 0 个待执行任务
2026-09-01 23:20:54,768 - agentgate.task.scheduler - INFO - 开始扫描 PENDING 状态任务...
2026-09-01 23:20:54,769 - agentgate.task.scheduler - INFO - 找到 0 个待执行任务
2026-09-01 23:21:04,775 - agentgate.task.scheduler - INFO - 开始扫描 PENDING 状态任务...
2026-09-01 23:21:04,777 - agentgate.task.scheduler - INFO - 找到 0 个待执行任务
2026-09-01 23:21:14,790 - agentgate.task.scheduler - INFO - 开始扫描 PENDING 状态任务...
2026-09-01 23:21:14,792 - agentgate.task.scheduler - INFO - 找到 0 个待执行任务
2026-09-01 23:21:24,801 - agentgate.task.scheduler - INFO - 开始扫描 PENDING 状态任务...
2026-09-01 23:21:24,802 - agentgate.task.scheduler - INFO - 找到 0 个待执行任务
2026-09-01 23:21:34,814 - agentgate.task.scheduler - INFO - 开始扫描 PENDING 状态任务...
2026-09-01 23:21:34,815 - agentgate.task.scheduler - INFO - 找到 0 个待执行任务
2026-09-01 23:21:44,828 - agentgate.task.scheduler - INFO - 开始扫描 PENDING 状态任务...
2026-09-01 23:21:44,829 - agentgate.task.scheduler - INFO - 找到 0 个待执行任务
2026-09-01 23:21:54,840 - agentgate.task.scheduler - INFO - 开始扫描 PENDING 状态任务...
2026-09-01 23:21:54,842 - agentgate.task.scheduler - INFO - 找到 0 个待执行任务
2026-09-01 23:22:04,849 - agentgate.task.scheduler - INFO - 开始扫描 PENDING 状态任务...
2026-09-01 23:22:04,851 - agentgate.task.scheduler - INFO - 找到 0 个待执行任务
2026-09-01 23:22:14,856 - agentgate.task.scheduler - INFO - 开始扫描 PENDING 状态任务...
2026-09-01 23:22:14,858 - agentgate.task.scheduler - INFO - 找到 0 个待执行任务
2026-09-01 23:22:24,862 - agentgate.task.scheduler - INFO - 开始扫描 PENDING 状态任务...
2026-09-01 23:22:24,864 - agentgate.task.scheduler - INFO - 找到 0 个待执行任务
2026-09-01 23:22:34,877 - agentgate.task.scheduler - INFO - 开始扫描 PENDING 状态任务...
2026-09-01 23:22:34,878 - agentgate.task.scheduler - INFO - 找到 0 个待执行任务
2026-09-01 23:22:44,893 - agentgate.task.scheduler - INFO - 开始扫描 PENDING 状态任务...
2026-09-01 23:22:44,894 - agentgate.task.scheduler - INFO - 找到 0 个待执行任务
2026-09-01 23:22:54,900 - agentgate.task.scheduler - INFO - 开始扫描 PENDING 状态任务...
2026-09-01 23:22:54,902 - agentgate.task.scheduler - INFO - 找到 0 个待执行任务
2026-09-01 23:23:04,907 - agentgate.task.scheduler - INFO - 开始扫描 PENDING 状态任务...
2026-09-01 23:23:04,908 - agentgate.task.scheduler - INFO - 找到 0 个待执行任务
2026-09-01 23:23:14,919 - agentgate.task.scheduler - INFO - 开始扫描 PENDING 状态任务...
2026-09-01 23:23:14,920 - agentgate.task.scheduler - INFO - 找到 0 个待执行任务
2026-09-01 23:23:24,932 - agentgate.task.scheduler - INFO - 开始扫描 PENDING 状态任务...
2026-09-01 23:23:24,933 - agentgate.task.scheduler - INFO - 找到 0 个待执行任务
2026-09-01 23:23:34,949 - agentgate.task.scheduler - INFO - 开始扫描 PENDING 状态任务...
2026-09-01 23:23:34,951 - agentgate.task.scheduler - INFO - 找到 0 个待执行任务
2026-09-01 23:23:44,956 - agentgate.task.scheduler - INFO - 开始扫描 PENDING 状态任务...
2026-09-01 23:23:44,957 - agentgate.task.scheduler - INFO - 找到 0 个待执行任务
2026-09-01 23:23:54,961 - agentgate.task.scheduler - INFO - 开始扫描 PENDING 状态任务...
2026-09-01 23:23:54,962 - agentgate.task.scheduler - INFO - 找到 0 个待执行任务
2026-09-01 23:24:04,970 - agentgate.task.scheduler - INFO - 开始扫描 PENDING 状态任务...
2026-09-01 23:24:04,972 - agentgate.task.scheduler - INFO - 找到 0 个待执行任务
2026-09-01 23:24:14,977 - agentgate.task.scheduler - INFO - 开始扫描 PENDING 状态任务...
2026-09-01 23:24:14,979 - agentgate.task.scheduler - INFO - 找到 0 个待执行任务
2026-09-01 23:24:24,992 - agentgate.task.scheduler - INFO - 开始扫描 PENDING 状态任务...
2026-09-01 23:24:24,993 - agentgate.task.scheduler - INFO - 找到 0 个待执行任务
2026-09-01 23:24:35,006 - agentgate.task.scheduler - INFO - 开始扫描 PENDING 状态任务...
2026-09-01 23:24:35,008 - agentgate.task.scheduler - INFO - 找到 0 个待执行任务
2026-09-01 23:24:45,016 - agentgate.task.scheduler - INFO - 开始扫描 PENDING 状态任务...
2026-09-01 23:24:45,018 - agentgate.task.scheduler - INFO - 找到 0 个待执行任务
2026-09-01 23:24:55,018 - agentgate.task.scheduler - INFO - 开始扫描 PENDING 状态任务...
2026-09-01 23:24:55,019 - agentgate.task.scheduler - INFO - 找到 0 个待执行任务
2026-09-01 23:25:05,035 - agentgate.task.scheduler - INFO - 开始扫描 PENDING 状态任务...
2026-09-01 23:25:05,037 - agentgate.task.scheduler - INFO - 找到 0 个待执行任务
2026-09-01 23:25:15,052 - agentgate.task.scheduler - INFO - 开始扫描 PENDING 状态任务...
2026-09-01 23:25:15,054 - agentgate.task.scheduler - INFO - 找到 0 个待执行任务
2026-09-01 23:25:25,059 - agentgate.task.scheduler - INFO - 开始扫描 PENDING 状态任务...
2026-09-01 23:25:25,060 - agentgate.task.scheduler - INFO - 找到 0 个待执行任务
2026-09-01 23:25:35,068 - agentgate.task.scheduler - INFO - 开始扫描 PENDING 状态任务...
2026-09-01 23:25:35,070 - agentgate.task.scheduler - INFO - 找到 0 个待执行任务
2026-09-01 23:25:45,079 - agentgate.task.scheduler - INFO - 开始扫描 PENDING 状态任务...
2026-09-01 23:25:45,081 - agentgate.task.scheduler - INFO - 找到 0 个待执行任务
2026-09-01 23:25:55,096 - agentgate.task.scheduler - INFO - 开始扫描 PENDING 状态任务...
2026-09-01 23:25:55,097 - agentgate.task.scheduler - INFO - 找到 0 个待执行任务
2026-09-01 23:26:05,103 - agentgate.task.scheduler - INFO - 开始扫描 PENDING 状态任务...
2026-09-01 23:26:05,105 - agentgate.task.scheduler - INFO - 找到 0 个待执行任务
2026-09-01 23:26:15,118 - agentgate.task.scheduler - INFO - 开始扫描 PENDING 状态任务...
2026-09-01 23:26:15,119 - agentgate.task.scheduler - INFO - 找到 0 个待执行任务
2026-09-01 23:26:25,133 - agentgate.task.scheduler - INFO - 开始扫描 PENDING 状态任务...
2026-09-01 23:26:25,135 - agentgate.task.scheduler - INFO - 找到 0 个待执行任务
2026-09-01 23:26:35,147 - agentgate.task.scheduler - INFO - 开始扫描 PENDING 状态任务...
2026-09-01 23:26:35,149 - agentgate.task.scheduler - INFO - 找到 0 个待执行任务
2026-09-01 23:26:45,151 - agentgate.task.scheduler - INFO - 开始扫描 PENDING 状态任务...
2026-09-01 23:26:45,152 - agentgate.task.scheduler - INFO - 找到 0 个待执行任务
2026-09-01 23:26:55,160 - agentgate.task.scheduler - INFO - 开始扫描 PENDING 状态任务...
2026-09-01 23:26:55,162 - agentgate.task.scheduler - INFO - 找到 0 个待执行任务
2026-09-01 23:27:05,167 - agentgate.task.scheduler - INFO - 开始扫描 PENDING 状态任务...
2026-09-01 23:27:05,169 - agentgate.task.scheduler - INFO - 找到 0 个待执行任务
2026-09-01 23:27:15,177 - agentgate.task.scheduler - INFO - 开始扫描 PENDING 状态任务...
2026-09-01 23:27:15,179 - agentgate.task.scheduler - INFO - 找到 0 个待执行任务
2026-09-01 23:27:25,181 - agentgate.task.scheduler - INFO - 开始扫描 PENDING 状态任务...
2026-09-01 23:27:25,182 - agentgate.task.scheduler - INFO - 找到 0 个待执行任务
2026-09-01 23:27:35,184 - agentgate.task.scheduler - INFO - 开始扫描 PENDING 状态任务...
2026-09-01 23:27:35,186 - agentgate.task.scheduler - INFO - 找到 0 个待执行任务
2026-09-01 23:27:45,202 - agentgate.task.scheduler - INFO - 开始扫描 PENDING 状态任务...
2026-09-01 23:27:45,204 - agentgate.task.scheduler - INFO - 找到 0 个待执行任务
2026-09-01 23:27:55,208 - agentgate.task.scheduler - INFO - 开始扫描 PENDING 状态任务...
2026-09-01 23:27:55,210 - agentgate.task.scheduler - INFO - 找到 0 个待执行任务
2026-09-01 23:28:05,225 - agentgate.task.scheduler - INFO - 开始扫描 PENDING 状态任务...
2026-09-01 23:28:05,226 - agentgate.task.scheduler - INFO - 找到 0 个待执行任务
2026-09-01 23:28:15,236 - agentgate.task.scheduler - INFO - 开始扫描 PENDING 状态任务...
2026-09-01 23:28:15,237 - agentgate.task.scheduler - INFO - 找到 0 个待执行任务
2026-09-01 23:28:25,243 - agentgate.task.scheduler - INFO - 开始扫描 PENDING 状态任务...
2026-09-01 23:28:25,245 - agentgate.task.scheduler - INFO - 找到 0 个待执行任务
2026-09-01 23:28:35,255 - agentgate.task.scheduler - INFO - 开始扫描 PENDING 状态任务...
2026-09-01 23:28:35,257 - agentgate.task.scheduler - INFO - 找到 0 个待执行任务
2026-09-01 23:28:45,273 - agentgate.task.scheduler - INFO - 开始扫描 PENDING 状态任务...
2026-09-01 23:28:45,274 - agentgate.task.scheduler - INFO - 找到 0 个待执行任务
2026-09-01 23:28:55,278 - agentgate.task.scheduler - INFO - 开始扫描 PENDING 状态任务...
2026-09-01 23:28:55,279 - agentgate.task.scheduler - INFO - 找到 0 个待执行任务
2026-09-01 23:29:05,295 - agentgate.task.scheduler - INFO - 开始扫描 PENDING 状态任务...
2026-09-01 23:29:05,296 - agentgate.task.scheduler - INFO - 找到 0 个待执行任务
2026-09-01 23:29:15,305 - agentgate.task.scheduler - INFO - 开始扫描 PENDING 状态任务...
2026-09-01 23:29:15,306 - agentgate.task.scheduler - INFO - 找到 0 个待执行任务
2026-09-01 23:29:25,308 - agentgate.task.scheduler - INFO - 开始扫描 PENDING 状态任务...
2026-09-01 23:29:25,309 - agentgate.task.scheduler - INFO - 找到 0 个待执行任务
2026-09-01 23:29:35,311 - agentgate.task.scheduler - INFO - 开始扫描 PENDING 状态任务...
2026-09-01 23:29:35,313 - agentgate.task.scheduler - INFO - 找到 0 个待执行任务
2026-09-01 23:29:45,317 - agentgate.task.scheduler - INFO - 开始扫描 PENDING 状态任务...
2026-09-01 23:29:45,318 - agentgate.task.scheduler - INFO - 找到 0 个待执行任务
2026-09-01 23:29:55,327 - agentgate.task.scheduler - INFO - 开始扫描 PENDING 状态任务...
2026-09-01 23:29:55,328 - agentgate.task.scheduler - INFO - 找到 0 个待执行任务
2026-09-01 23:30:05,334 - agentgate.task.scheduler - INFO - 开始扫描 PENDING 状态任务...
2026-09-01 23:30:05,336 - agentgate.task.scheduler - INFO - 找到 0 个待执行任务
2026-09-01 23:30:15,341 - agentgate.task.scheduler - INFO - 开始扫描 PENDING 状态任务...
2026-09-01 23:30:15,343 - agentgate.task.scheduler - INFO - 找到 0 个待执行任务
2026-09-01 23:30:25,357 - agentgate.task.scheduler - INFO - 开始扫描 PENDING 状态任务...
2026-09-01 23:30:25,359 - agentgate.task.scheduler - INFO - 找到 0 个待执行任务
2026-09-01 23:30:35,372 - agentgate.task.scheduler - INFO - 开始扫描 PENDING 状态任务...
2026-09-01 23:30:35,374 - agentgate.task.scheduler - INFO - 找到 0 个待执行任务
2026-09-01 23:30:45,378 - agentgate.task.scheduler - INFO - 开始扫描 PENDING 状态任务...
2026-09-01 23:30:45,380 - agentgate.task.scheduler - INFO - 找到 0 个待执行任务
2026-09-01 23:30:55,381 - agentgate.task.scheduler - INFO - 开始扫描 PENDING 状态任务...
2026-09-01 23:30:55,382 - agentgate.task.scheduler - INFO - 找到 0 个待执行任务
2026-09-01 23:31:05,382 - agentgate.task.scheduler - INFO - 开始扫描 PENDING 状态任务...
2026-09-01 23:31:05,384 - agentgate.task.scheduler - INFO - 找到 0 个待执行任务
2026-09-01 23:31:15,397 - agentgate.task.scheduler - INFO - 开始扫描 PENDING 状态任务...
2026-09-01 23:31:15,398 - agentgate.task.scheduler - INFO - 找到 0 个待执行任务
2026-09-01 23:31:25,409 - agentgate.task.scheduler - INFO - 开始扫描 PENDING 状态任务...
2026-09-01 23:31:25,411 - agentgate.task.scheduler - INFO - 找到 0 个待执行任务
2026-09-01 23:31:35,419 - agentgate.task.scheduler - INFO - 开始扫描 PENDING 状态任务...
2026-09-01 23:31:35,421 - agentgate.task.scheduler - INFO - 找到 0 个待执行任务
2026-09-01 23:31:45,425 - agentgate.task.scheduler - INFO - 开始扫描 PENDING 状态任务...
2026-09-01 23:31:45,426 - agentgate.task.scheduler - INFO - 找到 0 个待执行任务
2026-09-01 23:31:55,438 - agentgate.task.scheduler - INFO - 开始扫描 PENDING 状态任务...
2026-09-01 23:31:55,439 - agentgate.task.scheduler - INFO - 找到 0 个待执行任务
2026-09-01 23:32:05,443 - agentgate.task.scheduler - INFO - 开始扫描 PENDING 状态任务...
2026-09-01 23:32:05,444 - agentgate.task.scheduler - INFO - 找到 0 个待执行任务
2026-09-01 23:32:15,457 - agentgate.task.scheduler - INFO - 开始扫描 PENDING 状态任务...
2026-09-01 23:32:15,459 - agentgate.task.scheduler - INFO - 找到 0 个待执行任务
2026-09-01 23:32:25,474 - agentgate.task.scheduler - INFO - 开始扫描 PENDING 状态任务...
2026-09-01 23:32:25,476 - agentgate.task.scheduler - INFO - 找到 0 个待执行任务
2026-09-01 23:32:35,483 - agentgate.task.scheduler - INFO - 开始扫描 PENDING 状态任务...
2026-09-01 23:32:35,485 - agentgate.task.scheduler - INFO - 找到 0 个待执行任务
2026-09-01 23:32:45,494 - agentgate.task.scheduler - INFO - 开始扫描 PENDING 状态任务...
2026-09-01 23:32:45,496 - agentgate.task.scheduler - INFO - 找到 0 个待执行任务
2026-09-01 23:32:55,502 - agentgate.task.scheduler - INFO - 开始扫描 PENDING 状态任务...
2026-09-01 23:32:55,504 - agentgate.task.scheduler - INFO - 找到 0 个待执行任务
2026-09-01 23:33:05,505 - agentgate.task.scheduler - INFO - 开始扫描 PENDING 状态任务...
2026-09-01 23:33:05,506 - agentgate.task.scheduler - INFO - 找到 0 个待执行任务
2026-09-01 23:33:15,511 - agentgate.task.scheduler - INFO - 开始扫描 PENDING 状态任务...
2026-09-01 23:33:15,513 - agentgate.task.scheduler - INFO - 找到 0 个待执行任务
2026-09-01 23:33:25,517 - agentgate.task.scheduler - INFO - 开始扫描 PENDING 状态任务...
2026-09-01 23:33:25,519 - agentgate.task.scheduler - INFO - 找到 0 个待执行任务
2026-09-01 23:33:35,529 - agentgate.task.scheduler - INFO - 开始扫描 PENDING 状态任务...
2026-09-01 23:33:35,531 - agentgate.task.scheduler - INFO - 找到 0 个待执行任务
2026-09-01 23:33:45,545 - agentgate.task.scheduler - INFO - 开始扫描 PENDING 状态任务...
2026-09-01 23:33:45,547 - agentgate.task.scheduler - INFO - 找到 0 个待执行任务
2026-09-01 23:33:55,552 - agentgate.task.scheduler - INFO - 开始扫描 PENDING 状态任务...
2026-09-01 23:33:55,554 - agentgate.task.scheduler - INFO - 找到 0 个待执行任务
2026-09-01 23:34:05,558 - agentgate.task.scheduler - INFO - 开始扫描 PENDING 状态任务...
2026-09-01 23:34:05,559 - agentgate.task.scheduler - INFO - 找到 0 个待执行任务
2026-09-01 23:34:15,569 - agentgate.task.scheduler - INFO - 开始扫描 PENDING 状态任务...
2026-09-01 23:34:15,571 - agentgate.task.scheduler - INFO - 找到 0 个待执行任务
2026-09-01 23:34:25,581 - agentgate.task.scheduler - INFO - 开始扫描 PENDING 状态任务...
2026-09-01 23:34:25,583 - agentgate.task.scheduler - INFO - 找到 0 个待执行任务
2026-09-01 23:34:35,584 - agentgate.task.scheduler - INFO - 开始扫描 PENDING 状态任务...
2026-09-01 23:34:35,586 - agentgate.task.scheduler - INFO - 找到 0 个待执行任务
2026-09-01 23:34:45,599 - agentgate.task.scheduler - INFO - 开始扫描 PENDING 状态任务...
2026-09-01 23:34:45,601 - agentgate.task.scheduler - INFO - 找到 0 个待执行任务
2026-09-01 23:34:55,616 - agentgate.task.scheduler - INFO - 开始扫描 PENDING 状态任务...
2026-09-01 23:34:55,618 - agentgate.task.scheduler - INFO - 找到 0 个待执行任务
2026-09-01 23:35:05,626 - agentgate.task.scheduler - INFO - 开始扫描 PENDING 状态任务...
2026-09-01 23:35:05,627 - agentgate.task.scheduler - INFO - 找到 0 个待执行任务
2026-09-01 23:35:15,630 - agentgate.task.scheduler - INFO - 开始扫描 PENDING 状态任务...
2026-09-01 23:35:15,631 - agentgate.task.scheduler - INFO - 找到 0 个待执行任务
2026-09-01 23:35:25,638 - agentgate.task.scheduler - INFO - 开始扫描 PENDING 状态任务...
2026-09-01 23:35:25,640 - agentgate.task.scheduler - INFO - 找到 0 个待执行任务
2026-09-01 23:35:35,655 - agentgate.task.scheduler - INFO - 开始扫描 PENDING 状态任务...
2026-09-01 23:35:35,656 - agentgate.task.scheduler - INFO - 找到 0 个待执行任务
2026-09-01 23:35:45,659 - agentgate.task.scheduler - INFO - 开始扫描 PENDING 状态任务...
2026-09-01 23:35:45,662 - agentgate.task.scheduler - INFO - 找到 0 个待执行任务
2026-09-01 23:35:55,676 - agentgate.task.scheduler - INFO - 开始扫描 PENDING 状态任务...
2026-09-01 23:35:55,678 - agentgate.task.scheduler - INFO - 找到 0 个待执行任务
2026-09-01 23:36:05,678 - agentgate.task.scheduler - INFO - 开始扫描 PENDING 状态任务...
2026-09-01 23:36:05,680 - agentgate.task.scheduler - INFO - 找到 0 个待执行任务
2026-09-01 23:36:15,691 - agentgate.task.scheduler - INFO - 开始扫描 PENDING 状态任务...
2026-09-01 23:36:15,692 - agentgate.task.scheduler - INFO - 找到 0 个待执行任务
2026-09-01 23:36:25,701 - agentgate.task.scheduler - INFO - 开始扫描 PENDING 状态任务...
2026-09-01 23:36:25,703 - agentgate.task.scheduler - INFO - 找到 0 个待执行任务
2026-09-01 23:36:35,710 - agentgate.task.scheduler - INFO - 开始扫描 PENDING 状态任务...
2026-09-01 23:36:35,712 - agentgate.task.scheduler - INFO - 找到 0 个待执行任务
2026-09-01 23:36:45,713 - agentgate.task.scheduler - INFO - 开始扫描 PENDING 状态任务...
2026-09-01 23:36:45,714 - agentgate.task.scheduler - INFO - 找到 0 个待执行任务
2026-09-01 23:36:55,729 - agentgate.task.scheduler - INFO - 开始扫描 PENDING 状态任务...
2026-09-01 23:36:55,731 - agentgate.task.scheduler - INFO - 找到 0 个待执行任务
2026-09-01 23:37:05,747 - agentgate.task.scheduler - INFO - 开始扫描 PENDING 状态任务...
2026-09-01 23:37:05,748 - agentgate.task.scheduler - INFO - 找到 0 个待执行任务
2026-09-01 23:37:15,762 - agentgate.task.scheduler - INFO - 开始扫描 PENDING 状态任务...
2026-09-01 23:37:15,764 - agentgate.task.scheduler - INFO - 找到 0 个待执行任务
2026-09-01 23:37:25,776 - agentgate.task.scheduler - INFO - 开始扫描 PENDING 状态任务...
2026-09-01 23:37:25,777 - agentgate.task.scheduler - INFO - 找到 0 个待执行任务
2026-09-01 23:37:35,782 - agentgate.task.scheduler - INFO - 开始扫描 PENDING 状态任务...
2026-09-01 23:37:35,783 - agentgate.task.scheduler - INFO - 找到 0 个待执行任务
2026-09-01 23:37:45,795 - agentgate.task.scheduler - INFO - 开始扫描 PENDING 状态任务...
2026-09-01 23:37:45,797 - agentgate.task.scheduler - INFO - 找到 0 个待执行任务
2026-09-01 23:37:55,808 - agentgate.task.scheduler - INFO - 开始扫描 PENDING 状态任务...
2026-09-01 23:37:55,809 - agentgate.task.scheduler - INFO - 找到 0 个待执行任务
2026-09-01 23:38:05,820 - agentgate.task.scheduler - INFO - 开始扫描 PENDING 状态任务...
2026-09-01 23:38:05,822 - agentgate.task.scheduler - INFO - 找到 0 个待执行任务
2026-09-01 23:38:15,836 - agentgate.task.scheduler - INFO - 开始扫描 PENDING 状态任务...
2026-09-01 23:38:15,838 - agentgate.task.scheduler - INFO - 找到 0 个待执行任务
2026-09-01 23:38:25,845 - agentgate.task.scheduler - INFO - 开始扫描 PENDING 状态任务...
2026-09-01 23:38:25,846 - agentgate.task.scheduler - INFO - 找到 0 个待执行任务
2026-09-01 23:38:35,852 - agentgate.task.scheduler - INFO - 开始扫描 PENDING 状态任务...
2026-09-01 23:38:35,853 - agentgate.task.scheduler - INFO - 找到 0 个待执行任务
2026-09-01 23:38:45,859 - agentgate.task.scheduler - INFO - 开始扫描 PENDING 状态任务...
2026-09-01 23:38:45,861 - agentgate.task.scheduler - INFO - 找到 0 个待执行任务
2026-09-01 23:38:55,862 - agentgate.task.scheduler - INFO - 开始扫描 PENDING 状态任务...
2026-09-01 23:38:55,864 - agentgate.task.scheduler - INFO - 找到 0 个待执行任务
2026-09-01 23:39:05,878 - agentgate.task.scheduler - INFO - 开始扫描 PENDING 状态任务...
2026-09-01 23:39:05,879 - agentgate.task.scheduler - INFO - 找到 0 个待执行任务
2026-09-01 23:39:15,894 - agentgate.task.scheduler - INFO - 开始扫描 PENDING 状态任务...
2026-09-01 23:39:15,895 - agentgate.task.scheduler - INFO - 找到 0 个待执行任务
2026-09-01 23:39:25,901 - agentgate.task.scheduler - INFO - 开始扫描 PENDING 状态任务...
2026-09-01 23:39:25,903 - agentgate.task.scheduler - INFO - 找到 0 个待执行任务
2026-09-01 23:39:35,914 - agentgate.task.scheduler - INFO - 开始扫描 PENDING 状态任务...
2026-09-01 23:39:35,916 - agentgate.task.scheduler - INFO - 找到 0 个待执行任务
2026-09-01 23:39:45,924 - agentgate.task.scheduler - INFO - 开始扫描 PENDING 状态任务...
2026-09-01 23:39:45,926 - agentgate.task.scheduler - INFO - 找到 0 个待执行任务
2026-09-01 23:39:55,931 - agentgate.task.scheduler - INFO - 开始扫描 PENDING 状态任务...
2026-09-01 23:39:55,933 - agentgate.task.scheduler - INFO - 找到 0 个待执行任务
2026-09-01 23:40:05,943 - agentgate.task.scheduler - INFO - 开始扫描 PENDING 状态任务...
2026-09-01 23:40:05,944 - agentgate.task.scheduler - INFO - 找到 0 个待执行任务
2026-09-01 23:40:15,957 - agentgate.task.scheduler - INFO - 开始扫描 PENDING 状态任务...
2026-09-01 23:40:15,959 - agentgate.task.scheduler - INFO - 找到 0 个待执行任务
2026-09-01 23:40:25,963 - agentgate.task.scheduler - INFO - 开始扫描 PENDING 状态任务...
2026-09-01 23:40:25,964 - agentgate.task.scheduler - INFO - 找到 0 个待执行任务
2026-09-01 23:40:35,967 - agentgate.task.scheduler - INFO - 开始扫描 PENDING 状态任务...
2026-09-01 23:40:35,969 - agentgate.task.scheduler - INFO - 找到 0 个待执行任务
2026-09-01 23:40:45,971 - agentgate.task.scheduler - INFO - 开始扫描 PENDING 状态任务...
2026-09-01 23:40:45,973 - agentgate.task.scheduler - INFO - 找到 0 个待执行任务
2026-09-01 23:40:55,980 - agentgate.task.scheduler - INFO - 开始扫描 PENDING 状态任务...
2026-09-01 23:40:55,982 - agentgate.task.scheduler - INFO - 找到 0 个待执行任务
2026-09-01 23:41:05,983 - agentgate.task.scheduler - INFO - 开始扫描 PENDING 状态任务...
2026-09-01 23:41:05,985 - agentgate.task.scheduler - INFO - 找到 0 个待执行任务
2026-09-01 23:41:16,002 - agentgate.task.scheduler - INFO - 开始扫描 PENDING 状态任务...
2026-09-01 23:41:16,003 - agentgate.task.scheduler - INFO - 找到 0 个待执行任务
2026-09-01 23:41:26,010 - agentgate.task.scheduler - INFO - 开始扫描 PENDING 状态任务...
2026-09-01 23:41:26,012 - agentgate.task.scheduler - INFO - 找到 0 个待执行任务
2026-09-01 23:41:36,023 - agentgate.task.scheduler - INFO - 开始扫描 PENDING 状态任务...
2026-09-01 23:41:36,025 - agentgate.task.scheduler - INFO - 找到 0 个待执行任务
2026-09-01 23:41:46,025 - agentgate.task.scheduler - INFO - 开始扫描 PENDING 状态任务...
2026-09-01 23:41:46,027 - agentgate.task.scheduler - INFO - 找到 0 个待执行任务
2026-09-01 23:41:56,037 - agentgate.task.scheduler - INFO - 开始扫描 PENDING 状态任务...
2026-09-01 23:41:56,038 - agentgate.task.scheduler - INFO - 找到 0 个待执行任务
2026-09-01 23:42:06,045 - agentgate.task.scheduler - INFO - 开始扫描 PENDING 状态任务...
2026-09-01 23:42:06,046 - agentgate.task.scheduler - INFO - 找到 0 个待执行任务
2026-09-01 23:42:16,052 - agentgate.task.scheduler - INFO - 开始扫描 PENDING 状态任务...
2026-09-01 23:42:16,054 - agentgate.task.scheduler - INFO - 找到 0 个待执行任务
2026-09-01 23:42:26,067 - agentgate.task.scheduler - INFO - 开始扫描 PENDING 状态任务...
2026-09-01 23:42:26,068 - agentgate.task.scheduler - INFO - 找到 0 个待执行任务
2026-09-01 23:42:36,084 - agentgate.task.scheduler - INFO - 开始扫描 PENDING 状态任务...
2026-09-01 23:42:36,085 - agentgate.task.scheduler - INFO - 找到 0 个待执行任务
2026-09-01 23:42:46,097 - agentgate.task.scheduler - INFO - 开始扫描 PENDING 状态任务...
2026-09-01 23:42:46,099 - agentgate.task.scheduler - INFO - 找到 0 个待执行任务
2026-09-01 23:42:56,102 - agentgate.task.scheduler - INFO - 开始扫描 PENDING 状态任务...
2026-09-01 23:42:56,103 - agentgate.task.scheduler - INFO - 找到 0 个待执行任务
2026-09-01 23:43:06,114 - agentgate.task.scheduler - INFO - 开始扫描 PENDING 状态任务...
2026-09-01 23:43:06,116 - agentgate.task.scheduler - INFO - 找到 0 个待执行任务
2026-09-01 23:43:16,129 - agentgate.task.scheduler - INFO - 开始扫描 PENDING 状态任务...
2026-09-01 23:43:16,131 - agentgate.task.scheduler - INFO - 找到 0 个待执行任务
2026-09-01 23:43:26,146 - agentgate.task.scheduler - INFO - 开始扫描 PENDING 状态任务...
2026-09-01 23:43:26,147 - agentgate.task.scheduler - INFO - 找到 0 个待执行任务
2026-09-01 23:43:36,153 - agentgate.task.scheduler - INFO - 开始扫描 PENDING 状态任务...
2026-09-01 23:43:36,155 - agentgate.task.scheduler - INFO - 找到 0 个待执行任务
2026-09-01 23:43:46,159 - agentgate.task.scheduler - INFO - 开始扫描 PENDING 状态任务...
2026-09-01 23:43:46,160 - agentgate.task.scheduler - INFO - 找到 0 个待执行任务
2026-09-01 23:43:56,175 - agentgate.task.scheduler - INFO - 开始扫描 PENDING 状态任务...
2026-09-01 23:43:56,176 - agentgate.task.scheduler - INFO - 找到 0 个待执行任务
2026-09-01 23:44:06,190 - agentgate.task.scheduler - INFO - 开始扫描 PENDING 状态任务...
2026-09-01 23:44:06,191 - agentgate.task.scheduler - INFO - 找到 0 个待执行任务
2026-09-01 23:44:16,192 - agentgate.task.scheduler - INFO - 开始扫描 PENDING 状态任务...
2026-09-01 23:44:16,193 - agentgate.task.scheduler - INFO - 找到 0 个待执行任务
2026-09-01 23:44:26,202 - agentgate.task.scheduler - INFO - 开始扫描 PENDING 状态任务...
2026-09-01 23:44:26,204 - agentgate.task.scheduler - INFO - 找到 0 个待执行任务
2026-09-01 23:44:36,211 - agentgate.task.scheduler - INFO - 开始扫描 PENDING 状态任务...
2026-09-01 23:44:36,212 - agentgate.task.scheduler - INFO - 找到 0 个待执行任务
2026-09-01 23:44:46,217 - agentgate.task.scheduler - INFO - 开始扫描 PENDING 状态任务...
2026-09-01 23:44:46,218 - agentgate.task.scheduler - INFO - 找到 0 个待执行任务
2026-09-01 23:44:56,231 - agentgate.task.scheduler - INFO - 开始扫描 PENDING 状态任务...
2026-09-01 23:44:56,233 - agentgate.task.scheduler - INFO - 找到 0 个待执行任务
2026-09-01 23:45:06,242 - agentgate.task.scheduler - INFO - 开始扫描 PENDING 状态任务...
2026-09-01 23:45:06,244 - agentgate.task.scheduler - INFO - 找到 0 个待执行任务
2026-09-01 23:45:16,244 - agentgate.task.scheduler - INFO - 开始扫描 PENDING 状态任务...
2026-09-01 23:45:16,246 - agentgate.task.scheduler - INFO - 找到 0 个待执行任务
2026-09-01 23:45:26,247 - agentgate.task.scheduler - INFO - 开始扫描 PENDING 状态任务...
2026-09-01 23:45:26,249 - agentgate.task.scheduler - INFO - 找到 0 个待执行任务
2026-09-01 23:45:36,259 - agentgate.task.scheduler - INFO - 开始扫描 PENDING 状态任务...
2026-09-01 23:45:36,260 - agentgate.task.scheduler - INFO - 找到 0 个待执行任务
2026-09-01 23:45:46,272 - agentgate.task.scheduler - INFO - 开始扫描 PENDING 状态任务...
2026-09-01 23:45:46,274 - agentgate.task.scheduler - INFO - 找到 0 个待执行任务
2026-09-01 23:45:56,286 - agentgate.task.scheduler - INFO - 开始扫描 PENDING 状态任务...
2026-09-01 23:45:56,288 - agentgate.task.scheduler - INFO - 找到 0 个待执行任务
2026-09-01 23:46:06,304 - agentgate.task.scheduler - INFO - 开始扫描 PENDING 状态任务...
2026-09-01 23:46:06,306 - agentgate.task.scheduler - INFO - 找到 0 个待执行任务
2026-09-01 23:46:16,321 - agentgate.task.scheduler - INFO - 开始扫描 PENDING 状态任务...
2026-09-01 23:46:16,323 - agentgate.task.scheduler - INFO - 找到 0 个待执行任务
2026-09-01 23:46:26,328 - agentgate.task.scheduler - INFO - 开始扫描 PENDING 状态任务...
2026-09-01 23:46:26,329 - agentgate.task.scheduler - INFO - 找到 0 个待执行任务
2026-09-01 23:46:36,332 - agentgate.task.scheduler - INFO - 开始扫描 PENDING 状态任务...
2026-09-01 23:46:36,334 - agentgate.task.scheduler - INFO - 找到 0 个待执行任务
2026-09-01 23:46:46,349 - agentgate.task.scheduler - INFO - 开始扫描 PENDING 状态任务...
2026-09-01 23:46:46,350 - agentgate.task.scheduler - INFO - 找到 0 个待执行任务
2026-09-01 23:46:56,355 - agentgate.task.scheduler - INFO - 开始扫描 PENDING 状态任务...
2026-09-01 23:46:56,356 - agentgate.task.scheduler - INFO - 找到 0 个待执行任务
2026-09-01 23:47:06,368 - agentgate.task.scheduler - INFO - 开始扫描 PENDING 状态任务...
2026-09-01 23:47:06,370 - agentgate.task.scheduler - INFO - 找到 0 个待执行任务
2026-09-01 23:47:16,378 - agentgate.task.scheduler - INFO - 开始扫描 PENDING 状态任务...
2026-09-01 23:47:16,379 - agentgate.task.scheduler - INFO - 找到 0 个待执行任务
2026-09-01 23:47:26,385 - agentgate.task.scheduler - INFO - 开始扫描 PENDING 状态任务...
2026-09-01 23:47:26,387 - agentgate.task.scheduler - INFO - 找到 0 个待执行任务
2026-09-01 23:47:36,403 - agentgate.task.scheduler - INFO - 开始扫描 PENDING 状态任务...
2026-09-01 23:47:36,404 - agentgate.task.scheduler - INFO - 找到 0 个待执行任务
2026-09-01 23:47:46,412 - agentgate.task.scheduler - INFO - 开始扫描 PENDING 状态任务...
2026-09-01 23:47:46,413 - agentgate.task.scheduler - INFO - 找到 0 个待执行任务
2026-09-01 23:47:56,418 - agentgate.task.scheduler - INFO - 开始扫描 PENDING 状态任务...
2026-09-01 23:47:56,420 - agentgate.task.scheduler - INFO - 找到 0 个待执行任务
2026-09-01 23:48:06,436 - agentgate.task.scheduler - INFO - 开始扫描 PENDING 状态任务...
2026-09-01 23:48:06,438 - agentgate.task.scheduler - INFO - 找到 0 个待执行任务
2026-09-01 23:48:16,446 - agentgate.task.scheduler - INFO - 开始扫描 PENDING 状态任务...
2026-09-01 23:48:16,448 - agentgate.task.scheduler - INFO - 找到 0 个待执行任务
2026-09-01 23:48:26,464 - agentgate.task.scheduler - INFO - 开始扫描 PENDING 状态任务...
2026-09-01 23:48:26,466 - agentgate.task.scheduler - INFO - 找到 0 个待执行任务
2026-09-01 23:48:36,482 - agentgate.task.scheduler - INFO - 开始扫描 PENDING 状态任务...
2026-09-01 23:48:36,483 - agentgate.task.scheduler - INFO - 找到 0 个待执行任务
2026-09-02 08:29:08,884 - agentgate.task.scheduler - INFO - 开始扫描 PENDING 状态任务...
2026-09-02 08:29:08,885 - agentgate.task.scheduler - INFO - 找到 0 个待执行任务
2026-09-02 08:29:23,578 - agentgate.task.scheduler - INFO - 开始扫描 PENDING 状态任务...
2026-09-02 08:29:23,579 - agentgate.task.scheduler - INFO - 找到 0 个待执行任务
2026-09-02 08:29:33,587 - agentgate.task.scheduler - INFO - 开始扫描 PENDING 状态任务...
2026-09-02 08:29:33,588 - agentgate.task.scheduler - INFO - 找到 0 个待执行任务
2026-09-02 08:29:43,598 - agentgate.task.scheduler - INFO - 开始扫描 PENDING 状态任务...
2026-09-02 08:29:43,600 - agentgate.task.scheduler - INFO - 找到 0 个待执行任务
2026-09-02 08:29:53,610 - agentgate.task.scheduler - INFO - 开始扫描 PENDING 状态任务...
2026-09-02 08:29:53,611 - agentgate.task.scheduler - INFO - 找到 0 个待执行任务
2026-09-02 08:30:03,623 - agentgate.task.scheduler - INFO - 开始扫描 PENDING 状态任务...
2026-09-02 08:30:03,624 - agentgate.task.scheduler - INFO - 找到 0 个待执行任务
2026-09-02 08:30:13,639 - agentgate.task.scheduler - INFO - 开始扫描 PENDING 状态任务...
2026-09-02 08:30:13,641 - agentgate.task.scheduler - INFO - 找到 0 个待执行任务
2026-09-02 08:30:23,656 - agentgate.task.scheduler - INFO - 开始扫描 PENDING 状态任务...
2026-09-02 08:30:23,657 - agentgate.task.scheduler - INFO - 找到 0 个待执行任务
2026-09-02 08:30:33,659 - agentgate.task.scheduler - INFO - 开始扫描 PENDING 状态任务...
2026-09-02 08:30:33,661 - agentgate.task.scheduler - INFO - 找到 0 个待执行任务
2026-09-02 08:30:43,671 - agentgate.task.scheduler - INFO - 开始扫描 PENDING 状态任务...
2026-09-02 08:30:43,672 - agentgate.task.scheduler - INFO - 找到 0 个待执行任务
2026-09-02 08:30:53,680 - agentgate.task.scheduler - INFO - 开始扫描 PENDING 状态任务...
2026-09-02 08:30:53,682 - agentgate.task.scheduler - INFO - 找到 0 个待执行任务
2026-09-02 08:31:03,696 - agentgate.task.scheduler - INFO - 开始扫描 PENDING 状态任务...
2026-09-02 08:31:03,698 - agentgate.task.scheduler - INFO - 找到 0 个待执行任务
2026-09-02 08:31:13,706 - agentgate.task.scheduler - INFO - 开始扫描 PENDING 状态任务...
2026-09-02 08:31:13,708 - agentgate.task.scheduler - INFO - 找到 0 个待执行任务
2026-09-02 08:31:23,713 - agentgate.task.scheduler - INFO - 开始扫描 PENDING 状态任务...
2026-09-02 08:31:23,714 - agentgate.task.scheduler - INFO - 找到 0 个待执行任务
2026-09-02 08:31:33,719 - agentgate.task.scheduler - INFO - 开始扫描 PENDING 状态任务...
2026-09-02 08:31:33,721 - agentgate.task.scheduler - INFO - 找到 0 个待执行任务
2026-09-02 08:31:43,727 - agentgate.task.scheduler - INFO - 开始扫描 PENDING 状态任务...
2026-09-02 08:31:43,728 - agentgate.task.scheduler - INFO - 找到 0 个待执行任务
2026-09-02 08:31:53,739 - agentgate.task.scheduler - INFO - 开始扫描 PENDING 状态任务...
2026-09-02 08:31:53,740 - agentgate.task.scheduler - INFO - 找到 0 个待执行任务
2026-09-02 08:32:03,750 - agentgate.task.scheduler - INFO - 开始扫描 PENDING 状态任务...
2026-09-02 08:32:03,751 - agentgate.task.scheduler - INFO - 找到 0 个待执行任务
2026-09-02 08:32:13,754 - agentgate.task.scheduler - INFO - 开始扫描 PENDING 状态任务...
2026-09-02 08:32:13,755 - agentgate.task.scheduler - INFO - 找到 0 个待执行任务
2026-09-02 08:32:23,760 - agentgate.task.scheduler - INFO - 开始扫描 PENDING 状态任务...
2026-09-02 08:32:23,762 - agentgate.task.scheduler - INFO - 找到 0 个待执行任务
2026-09-02 08:32:33,774 - agentgate.task.scheduler - INFO - 开始扫描 PENDING 状态任务...
2026-09-02 08:32:33,776 - agentgate.task.scheduler - INFO - 找到 0 个待执行任务
2026-09-02 08:32:43,789 - agentgate.task.scheduler - INFO - 开始扫描 PENDING 状态任务...
2026-09-02 08:32:43,790 - agentgate.task.scheduler - INFO - 找到 0 个待执行任务
2026-09-02 08:32:53,805 - agentgate.task.scheduler - INFO - 开始扫描 PENDING 状态任务...
2026-09-02 08:32:53,807 - agentgate.task.scheduler - INFO - 找到 0 个待执行任务
2026-09-02 08:33:03,809 - agentgate.task.scheduler - INFO - 开始扫描 PENDING 状态任务...
2026-09-02 08:33:03,810 - agentgate.task.scheduler - INFO - 找到 0 个待执行任务
2026-09-02 08:33:13,819 - agentgate.task.scheduler - INFO - 开始扫描 PENDING 状态任务...
2026-09-02 08:33:13,821 - agentgate.task.scheduler - INFO - 找到 0 个待执行任务
2026-09-02 08:33:23,822 - agentgate.task.scheduler - INFO - 开始扫描 PENDING 状态任务...
2026-09-02 08:33:23,824 - agentgate.task.scheduler - INFO - 找到 0 个待执行任务
2026-09-02 08:33:33,827 - agentgate.task.scheduler - INFO - 开始扫描 PENDING 状态任务...
2026-09-02 08:33:33,828 - agentgate.task.scheduler - INFO - 找到 0 个待执行任务
2026-09-02 08:33:43,839 - agentgate.task.scheduler - INFO - 开始扫描 PENDING 状态任务...
2026-09-02 08:33:43,840 - agentgate.task.scheduler - INFO - 找到 0 个待执行任务
2026-09-02 08:33:53,846 - agentgate.task.scheduler - INFO - 开始扫描 PENDING 状态任务...
2026-09-02 08:33:53,847 - agentgate.task.scheduler - INFO - 找到 0 个待执行任务
2026-09-02 08:34:03,849 - agentgate.task.scheduler - INFO - 开始扫描 PENDING 状态任务...
2026-09-02 08:34:03,851 - agentgate.task.scheduler - INFO - 找到 0 个待执行任务
2026-09-02 08:34:13,862 - agentgate.task.scheduler - INFO - 开始扫描 PENDING 状态任务...
2026-09-02 08:34:13,864 - agentgate.task.scheduler - INFO - 找到 0 个待执行任务
2026-09-02 08:34:23,874 - agentgate.task.scheduler - INFO - 开始扫描 PENDING 状态任务...
2026-09-02 08:34:23,875 - agentgate.task.scheduler - INFO - 找到 0 个待执行任务
2026-09-02 08:34:33,882 - agentgate.task.scheduler - INFO - 开始扫描 PENDING 状态任务...
2026-09-02 08:34:33,883 - agentgate.task.scheduler - INFO - 找到 0 个待执行任务
2026-09-02 08:34:43,890 - agentgate.task.scheduler - INFO - 开始扫描 PENDING 状态任务...
2026-09-02 08:34:43,891 - agentgate.task.scheduler - INFO - 找到 0 个待执行任务
2026-09-02 08:34:53,892 - agentgate.task.scheduler - INFO - 开始扫描 PENDING 状态任务...
2026-09-02 08:34:53,893 - agentgate.task.scheduler - INFO - 找到 0 个待执行任务
2026-09-02 08:35:02,536 - agentgate.task.service - INFO - Created task: 0e2d5c5e-b331-41c9-a7fe-d3d77094a759, name: test
2026-09-02 08:35:03,906 - agentgate.task.scheduler - INFO - 开始扫描 PENDING 状态任务...
2026-09-02 08:35:03,907 - agentgate.task.scheduler - INFO - 找到 0 个待执行任务
2026-09-02 08:35:13,921 - agentgate.task.scheduler - INFO - 开始扫描 PENDING 状态任务...
2026-09-02 08:35:13,923 - agentgate.task.scheduler - INFO - 找到 0 个待执行任务
2026-09-02 08:35:23,933 - agentgate.task.scheduler - INFO - 开始扫描 PENDING 状态任务...
2026-09-02 08:35:23,935 - agentgate.task.scheduler - INFO - 找到 0 个待执行任务
2026-09-02 08:35:33,951 - agentgate.task.scheduler - INFO - 开始扫描 PENDING 状态任务...
2026-09-02 08:35:33,953 - agentgate.task.scheduler - INFO - 找到 0 个待执行任务
2026-09-02 08:35:43,954 - agentgate.task.scheduler - INFO - 开始扫描 PENDING 状态任务...
2026-09-02 08:35:43,955 - agentgate.task.scheduler - INFO - 找到 0 个待执行任务
2026-09-02 08:35:53,969 - agentgate.task.scheduler - INFO - 开始扫描 PENDING 状态任务...
2026-09-02 08:35:53,972 - agentgate.task.scheduler - INFO - 找到 0 个待执行任务
2026-09-02 08:36:03,981 - agentgate.task.scheduler - INFO - 开始扫描 PENDING 状态任务...
2026-09-02 08:36:03,983 - agentgate.task.scheduler - INFO - 找到 0 个待执行任务
2026-09-02 08:36:13,985 - agentgate.task.scheduler - INFO - 开始扫描 PENDING 状态任务...
2026-09-02 08:36:13,986 - agentgate.task.scheduler - INFO - 找到 0 个待执行任务
2026-09-02 08:36:23,997 - agentgate.task.scheduler - INFO - 开始扫描 PENDING 状态任务...
2026-09-02 08:36:23,999 - agentgate.task.scheduler - INFO - 找到 0 个待执行任务
2026-09-02 08:36:34,001 - agentgate.task.scheduler - INFO - 开始扫描 PENDING 状态任务...
2026-09-02 08:36:34,003 - agentgate.task.scheduler - INFO - 找到 0 个待执行任务
2026-09-02 08:36:44,016 - agentgate.task.scheduler - INFO - 开始扫描 PENDING 状态任务...
2026-09-02 08:36:44,017 - agentgate.task.scheduler - INFO - 找到 0 个待执行任务
2026-09-02 08:36:54,020 - agentgate.task.scheduler - INFO - 开始扫描 PENDING 状态任务...
2026-09-02 08:36:54,022 - agentgate.task.scheduler - INFO - 找到 0 个待执行任务
2026-09-02 08:37:04,024 - agentgate.task.scheduler - INFO - 开始扫描 PENDING 状态任务...
2026-09-02 08:37:04,025 - agentgate.task.scheduler - INFO - 找到 0 个待执行任务
2026-09-02 08:37:14,034 - agentgate.task.scheduler - INFO - 开始扫描 PENDING 状态任务...
2026-09-02 08:37:14,036 - agentgate.task.scheduler - INFO - 找到 0 个待执行任务
2026-09-02 08:37:24,044 - agentgate.task.scheduler - INFO - 开始扫描 PENDING 状态任务...
2026-09-02 08:37:24,045 - agentgate.task.scheduler - INFO - 找到 0 个待执行任务
2026-09-02 08:37:34,050 - agentgate.task.scheduler - INFO - 开始扫描 PENDING 状态任务...
2026-09-02 08:37:34,052 - agentgate.task.scheduler - INFO - 找到 0 个待执行任务
2026-09-02 08:37:44,064 - agentgate.task.scheduler - INFO - 开始扫描 PENDING 状态任务...
2026-09-02 08:37:44,065 - agentgate.task.scheduler - INFO - 找到 0 个待执行任务
2026-09-02 08:37:54,067 - agentgate.task.scheduler - INFO - 开始扫描 PENDING 状态任务...
2026-09-02 08:37:54,069 - agentgate.task.scheduler - INFO - 找到 0 个待执行任务
2026-09-02 08:38:04,076 - agentgate.task.scheduler - INFO - 开始扫描 PENDING 状态任务...
2026-09-02 08:38:04,078 - agentgate.task.scheduler - INFO - 找到 0 个待执行任务
2026-09-02 08:38:14,082 - agentgate.task.scheduler - INFO - 开始扫描 PENDING 状态任务...
2026-09-02 08:38:14,084 - agentgate.task.scheduler - INFO - 找到 0 个待执行任务
2026-09-02 08:38:24,098 - agentgate.task.scheduler - INFO - 开始扫描 PENDING 状态任务...
2026-09-02 08:38:24,099 - agentgate.task.scheduler - INFO - 找到 0 个待执行任务
2026-09-02 08:38:34,104 - agentgate.task.scheduler - INFO - 开始扫描 PENDING 状态任务...
2026-09-02 08:38:34,105 - agentgate.task.scheduler - INFO - 找到 0 个待执行任务
2026-09-02 08:38:44,118 - agentgate.task.scheduler - INFO - 开始扫描 PENDING 状态任务...
2026-09-02 08:38:44,120 - agentgate.task.scheduler - INFO - 找到 0 个待执行任务
2026-09-02 08:38:54,121 - agentgate.task.scheduler - INFO - 开始扫描 PENDING 状态任务...
2026-09-02 08:38:54,122 - agentgate.task.scheduler - INFO - 找到 0 个待执行任务
2026-09-02 08:39:04,132 - agentgate.task.scheduler - INFO - 开始扫描 PENDING 状态任务...
2026-09-02 08:39:04,134 - agentgate.task.scheduler - INFO - 找到 0 个待执行任务
2026-09-02 08:39:14,142 - agentgate.task.scheduler - INFO - 开始扫描 PENDING 状态任务...
2026-09-02 08:39:14,144 - agentgate.task.scheduler - INFO - 找到 0 个待执行任务
2026-09-02 08:39:24,155 - agentgate.task.scheduler - INFO - 开始扫描 PENDING 状态任务...
2026-09-02 08:39:24,156 - agentgate.task.scheduler - INFO - 找到 0 个待执行任务
2026-09-02 08:39:34,166 - agentgate.task.scheduler - INFO - 开始扫描 PENDING 状态任务...
2026-09-02 08:39:34,168 - agentgate.task.scheduler - INFO - 找到 0 个待执行任务
2026-09-02 08:39:44,180 - agentgate.task.scheduler - INFO - 开始扫描 PENDING 状态任务...
2026-09-02 08:39:44,181 - agentgate.task.scheduler - INFO - 找到 0 个待执行任务
2026-09-02 08:39:54,183 - agentgate.task.scheduler - INFO - 开始扫描 PENDING 状态任务...
2026-09-02 08:39:54,185 - agentgate.task.scheduler - INFO - 找到 0 个待执行任务
2026-09-02 08:40:04,187 - agentgate.task.scheduler - INFO - 开始扫描 PENDING 状态任务...
2026-09-02 08:40:04,188 - agentgate.task.scheduler - INFO - 找到 0 个待执行任务
2026-09-02 08:40:14,194 - agentgate.task.scheduler - INFO - 开始扫描 PENDING 状态任务...
2026-09-02 08:40:14,196 - agentgate.task.scheduler - INFO - 找到 0 个待执行任务
2026-09-02 08:40:24,207 - agentgate.task.scheduler - INFO - 开始扫描 PENDING 状态任务...
2026-09-02 08:40:24,208 - agentgate.task.scheduler - INFO - 找到 0 个待执行任务
2026-09-02 08:40:34,212 - agentgate.task.scheduler - INFO - 开始扫描 PENDING 状态任务...
2026-09-02 08:40:34,214 - agentgate.task.scheduler - INFO - 找到 0 个待执行任务
2026-09-02 08:40:44,225 - agentgate.task.scheduler - INFO - 开始扫描 PENDING 状态任务...
2026-09-02 08:40:44,226 - agentgate.task.scheduler - INFO - 找到 0 个待执行任务
2026-09-02 08:40:54,240 - agentgate.task.scheduler - INFO - 开始扫描 PENDING 状态任务...
2026-09-02 08:40:54,241 - agentgate.task.scheduler - INFO - 找到 0 个待执行任务
2026-09-02 08:41:04,254 - agentgate.task.scheduler - INFO - 开始扫描 PENDING 状态任务...
2026-09-02 08:41:04,256 - agentgate.task.scheduler - INFO - 找到 0 个待执行任务
2026-09-02 08:41:14,267 - agentgate.task.scheduler - INFO - 开始扫描 PENDING 状态任务...
2026-09-02 08:41:14,268 - agentgate.task.scheduler - INFO - 找到 0 个待执行任务
2026-09-02 08:41:24,275 - agentgate.task.scheduler - INFO - 开始扫描 PENDING 状态任务...
2026-09-02 08:41:24,277 - agentgate.task.scheduler - INFO - 找到 0 个待执行任务
2026-09-02 08:41:34,282 - agentgate.task.scheduler - INFO - 开始扫描 PENDING 状态任务...
2026-09-02 08:41:34,283 - agentgate.task.scheduler - INFO - 找到 0 个待执行任务
2026-09-02 08:41:44,287 - agentgate.task.scheduler - INFO - 开始扫描 PENDING 状态任务...
2026-09-02 08:41:44,289 - agentgate.task.scheduler - INFO - 找到 0 个待执行任务
2026-09-02 08:41:54,303 - agentgate.task.scheduler - INFO - 开始扫描 PENDING 状态任务...
2026-09-02 08:41:54,304 - agentgate.task.scheduler - INFO - 找到 0 个待执行任务
2026-09-02 08:42:04,320 - agentgate.task.scheduler - INFO - 开始扫描 PENDING 状态任务...
2026-09-02 08:42:04,322 - agentgate.task.scheduler - INFO - 找到 0 个待执行任务
2026-09-02 08:42:14,332 - agentgate.task.scheduler - INFO - 开始扫描 PENDING 状态任务...
2026-09-02 08:42:14,334 - agentgate.task.scheduler - INFO - 找到 0 个待执行任务
2026-09-02 08:42:24,348 - agentgate.task.scheduler - INFO - 开始扫描 PENDING 状态任务...
2026-09-02 08:42:24,349 - agentgate.task.scheduler - INFO - 找到 0 个待执行任务
2026-09-02 08:42:34,359 - agentgate.task.scheduler - INFO - 开始扫描 PENDING 状态任务...
2026-09-02 08:42:34,360 - agentgate.task.scheduler - INFO - 找到 0 个待执行任务
2026-09-02 08:42:44,363 - agentgate.task.scheduler - INFO - 开始扫描 PENDING 状态任务...
2026-09-02 08:42:44,365 - agentgate.task.scheduler - INFO - 找到 0 个待执行任务
2026-09-02 08:42:54,379 - agentgate.task.scheduler - INFO - 开始扫描 PENDING 状态任务...
2026-09-02 08:42:54,380 - agentgate.task.scheduler - INFO - 找到 0 个待执行任务
2026-09-02 08:43:04,394 - agentgate.task.scheduler - INFO - 开始扫描 PENDING 状态任务...
2026-09-02 08:43:04,396 - agentgate.task.scheduler - INFO - 找到 0 个待执行任务
2026-09-02 08:43:14,407 - agentgate.task.scheduler - INFO - 开始扫描 PENDING 状态任务...
2026-09-02 08:43:14,409 - agentgate.task.scheduler - INFO - 找到 0 个待执行任务
2026-09-02 08:43:24,414 - agentgate.task.scheduler - INFO - 开始扫描 PENDING 状态任务...
2026-09-02 08:43:24,415 - agentgate.task.scheduler - INFO - 找到 0 个待执行任务
2026-09-02 08:43:34,424 - agentgate.task.scheduler - INFO - 开始扫描 PENDING 状态任务...
2026-09-02 08:43:34,426 - agentgate.task.scheduler - INFO - 找到 0 个待执行任务
2026-09-02 08:43:44,441 - agentgate.task.scheduler - INFO - 开始扫描 PENDING 状态任务...
2026-09-02 08:43:44,443 - agentgate.task.scheduler - INFO - 找到 0 个待执行任务
2026-09-02 08:43:54,451 - agentgate.task.scheduler - INFO - 开始扫描 PENDING 状态任务...
2026-09-02 08:43:54,453 - agentgate.task.scheduler - INFO - 找到 0 个待执行任务
2026-09-02 08:44:04,459 - agentgate.task.scheduler - INFO - 开始扫描 PENDING 状态任务...
2026-09-02 08:44:04,461 - agentgate.task.scheduler - INFO - 找到 0 个待执行任务
2026-09-02 08:44:14,470 - agentgate.task.scheduler - INFO - 开始扫描 PENDING 状态任务...
2026-09-02 08:44:14,471 - agentgate.task.scheduler - INFO - 找到 0 个待执行任务
2026-09-02 08:44:24,481 - agentgate.task.scheduler - INFO - 开始扫描 PENDING 状态任务...
2026-09-02 08:44:24,483 - agentgate.task.scheduler - INFO - 找到 0 个待执行任务
2026-09-02 08:44:34,485 - agentgate.task.scheduler - INFO - 开始扫描 PENDING 状态任务...
2026-09-02 08:44:34,486 - agentgate.task.scheduler - INFO - 找到 0 个待执行任务
2026-09-02 08:44:44,488 - agentgate.task.scheduler - INFO - 开始扫描 PENDING 状态任务...
2026-09-02 08:44:44,490 - agentgate.task.scheduler - INFO - 找到 0 个待执行任务
2026-09-02 08:44:54,501 - agentgate.task.scheduler - INFO - 开始扫描 PENDING 状态任务...
2026-09-02 08:44:54,502 - agentgate.task.scheduler - INFO - 找到 0 个待执行任务
2026-09-02 08:45:04,515 - agentgate.task.scheduler - INFO - 开始扫描 PENDING 状态任务...
2026-09-02 08:45:04,516 - agentgate.task.scheduler - INFO - 找到 0 个待执行任务
2026-09-02 08:45:14,532 - agentgate.task.scheduler - INFO - 开始扫描 PENDING 状态任务...
2026-09-02 08:45:14,534 - agentgate.task.scheduler - INFO - 找到 0 个待执行任务
2026-09-02 08:45:24,546 - agentgate.task.scheduler - INFO - 开始扫描 PENDING 状态任务...
2026-09-02 08:45:24,547 - agentgate.task.scheduler - INFO - 找到 0 个待执行任务
2026-09-02 08:45:34,561 - agentgate.task.scheduler - INFO - 开始扫描 PENDING 状态任务...
2026-09-02 08:45:34,563 - agentgate.task.scheduler - INFO - 找到 0 个待执行任务
2026-09-02 08:45:44,567 - agentgate.task.scheduler - INFO - 开始扫描 PENDING 状态任务...
2026-09-02 08:45:44,568 - agentgate.task.scheduler - INFO - 找到 0 个待执行任务
2026-09-02 08:45:54,580 - agentgate.task.scheduler - INFO - 开始扫描 PENDING 状态任务...
2026-09-02 08:45:54,582 - agentgate.task.scheduler - INFO - 找到 0 个待执行任务
2026-09-02 08:46:04,584 - agentgate.task.scheduler - INFO - 开始扫描 PENDING 状态任务...
2026-09-02 08:46:04,586 - agentgate.task.scheduler - INFO - 找到 0 个待执行任务
2026-09-02 08:46:14,600 - agentgate.task.scheduler - INFO - 开始扫描 PENDING 状态任务...
2026-09-02 08:46:14,602 - agentgate.task.scheduler - INFO - 找到 0 个待执行任务
2026-09-02 08:46:24,611 - agentgate.task.scheduler - INFO - 开始扫描 PENDING 状态任务...
2026-09-02 08:46:24,613 - agentgate.task.scheduler - INFO - 找到 0 个待执行任务
2026-09-02 08:46:34,619 - agentgate.task.scheduler - INFO - 开始扫描 PENDING 状态任务...
2026-09-02 08:46:34,620 - agentgate.task.scheduler - INFO - 找到 0 个待执行任务
2026-09-02 08:46:44,634 - agentgate.task.scheduler - INFO - 开始扫描 PENDING 状态任务...
2026-09-02 08:46:44,636 - agentgate.task.scheduler - INFO - 找到 0 个待执行任务
2026-09-02 08:46:54,643 - agentgate.task.scheduler - INFO - 开始扫描 PENDING 状态任务...
2026-09-02 08:46:54,645 - agentgate.task.scheduler - INFO - 找到 0 个待执行任务
2026-09-02 08:47:04,649 - agentgate.task.scheduler - INFO - 开始扫描 PENDING 状态任务...
2026-09-02 08:47:04,651 - agentgate.task.scheduler - INFO - 找到 0 个待执行任务
2026-09-02 08:47:14,656 - agentgate.task.scheduler - INFO - 开始扫描 PENDING 状态任务...
2026-09-02 08:47:14,658 - agentgate.task.scheduler - INFO - 找到 0 个待执行任务
2026-09-02 08:47:24,670 - agentgate.task.scheduler - INFO - 开始扫描 PENDING 状态任务...
2026-09-02 08:47:24,671 - agentgate.task.scheduler - INFO - 找到 0 个待执行任务
2026-09-02 08:47:34,681 - agentgate.task.scheduler - INFO - 开始扫描 PENDING 状态任务...
2026-09-02 08:47:34,683 - agentgate.task.scheduler - INFO - 找到 0 个待执行任务
2026-09-02 08:47:44,698 - agentgate.task.scheduler - INFO - 开始扫描 PENDING 状态任务...
2026-09-02 08:47:44,699 - agentgate.task.scheduler - INFO - 找到 0 个待执行任务
2026-09-02 08:47:54,706 - agentgate.task.scheduler - INFO - 开始扫描 PENDING 状态任务...
2026-09-02 08:47:54,707 - agentgate.task.scheduler - INFO - 找到 0 个待执行任务
2026-09-02 08:48:04,713 - agentgate.task.scheduler - INFO - 开始扫描 PENDING 状态任务...
2026-09-02 08:48:04,715 - agentgate.task.scheduler - INFO - 找到 0 个待执行任务
2026-09-02 08:48:14,719 - agentgate.task.scheduler - INFO - 开始扫描 PENDING 状态任务...
2026-09-02 08:48:14,721 - agentgate.task.scheduler - INFO - 找到 0 个待执行任务
2026-09-02 08:48:24,730 - agentgate.task.scheduler - INFO - 开始扫描 PENDING 状态任务...
2026-09-02 08:48:24,732 - agentgate.task.scheduler - INFO - 找到 0 个待执行任务
2026-09-02 08:48:34,736 - agentgate.task.scheduler - INFO - 开始扫描 PENDING 状态任务...
2026-09-02 08:48:34,738 - agentgate.task.scheduler - INFO - 找到 0 个待执行任务
2026-09-02 08:48:44,754 - agentgate.task.scheduler - INFO - 开始扫描 PENDING 状态任务...
2026-09-02 08:48:44,757 - agentgate.task.scheduler - INFO - 找到 0 个待执行任务
2026-09-02 08:48:54,767 - agentgate.task.scheduler - INFO - 开始扫描 PENDING 状态任务...
2026-09-02 08:48:54,769 - agentgate.task.scheduler - INFO - 找到 0 个待执行任务
2026-09-02 08:49:04,777 - agentgate.task.scheduler - INFO - 开始扫描 PENDING 状态任务...
2026-09-02 08:49:04,778 - agentgate.task.scheduler - INFO - 找到 0 个待执行任务
2026-09-02 08:49:14,782 - agentgate.task.scheduler - INFO - 开始扫描 PENDING 状态任务...
2026-09-02 08:49:14,784 - agentgate.task.scheduler - INFO - 找到 0 个待执行任务
2026-09-02 08:49:24,794 - agentgate.task.scheduler - INFO - 开始扫描 PENDING 状态任务...
2026-09-02 08:49:24,796 - agentgate.task.scheduler - INFO - 找到 0 个待执行任务
2026-09-02 08:49:34,803 - agentgate.task.scheduler - INFO - 开始扫描 PENDING 状态任务...
2026-09-02 08:49:34,804 - agentgate.task.scheduler - INFO - 找到 0 个待执行任务
2026-09-02 08:49:44,820 - agentgate.task.scheduler - INFO - 开始扫描 PENDING 状态任务...
2026-09-02 08:49:44,822 - agentgate.task.scheduler - INFO - 找到 0 个待执行任务
2026-09-02 08:49:54,832 - agentgate.task.scheduler - INFO - 开始扫描 PENDING 状态任务...
2026-09-02 08:49:54,834 - agentgate.task.scheduler - INFO - 找到 0 个待执行任务
2026-09-02 08:50:04,843 - agentgate.task.scheduler - INFO - 开始扫描 PENDING 状态任务...
2026-09-02 08:50:04,845 - agentgate.task.scheduler - INFO - 找到 0 个待执行任务
2026-09-02 08:50:14,847 - agentgate.task.scheduler - INFO - 开始扫描 PENDING 状态任务...
2026-09-02 08:50:14,848 - agentgate.task.scheduler - INFO - 找到 0 个待执行任务
2026-09-02 08:50:24,861 - agentgate.task.scheduler - INFO - 开始扫描 PENDING 状态任务...
2026-09-02 08:50:24,862 - agentgate.task.scheduler - INFO - 找到 0 个待执行任务
2026-09-02 08:50:34,869 - agentgate.task.scheduler - INFO - 开始扫描 PENDING 状态任务...
2026-09-02 08:50:34,871 - agentgate.task.scheduler - INFO - 找到 0 个待执行任务
2026-09-02 08:50:44,874 - agentgate.task.scheduler - INFO - 开始扫描 PENDING 状态任务...
2026-09-02 08:50:44,876 - agentgate.task.scheduler - INFO - 找到 0 个待执行任务
2026-09-02 08:50:54,886 - agentgate.task.scheduler - INFO - 开始扫描 PENDING 状态任务...
2026-09-02 08:50:54,888 - agentgate.task.scheduler - INFO - 找到 0 个待执行任务
2026-09-02 08:51:04,901 - agentgate.task.scheduler - INFO - 开始扫描 PENDING 状态任务...
2026-09-02 08:51:04,903 - agentgate.task.scheduler - INFO - 找到 0 个待执行任务
2026-09-02 08:51:14,906 - agentgate.task.scheduler - INFO - 开始扫描 PENDING 状态任务...
2026-09-02 08:51:14,908 - agentgate.task.scheduler - INFO - 找到 0 个待执行任务
2026-09-02 08:51:24,918 - agentgate.task.scheduler - INFO - 开始扫描 PENDING 状态任务...
2026-09-02 08:51:24,919 - agentgate.task.scheduler - INFO - 找到 0 个待执行任务
2026-09-02 08:51:34,924 - agentgate.task.scheduler - INFO - 开始扫描 PENDING 状态任务...
2026-09-02 08:51:34,925 - agentgate.task.scheduler - INFO - 找到 0 个待执行任务
2026-09-02 08:51:44,940 - agentgate.task.scheduler - INFO - 开始扫描 PENDING 状态任务...
2026-09-02 08:51:44,942 - agentgate.task.scheduler - INFO - 找到 0 个待执行任务
2026-09-02 08:51:54,949 - agentgate.task.scheduler - INFO - 开始扫描 PENDING 状态任务...
2026-09-02 08:51:54,950 - agentgate.task.scheduler - INFO - 找到 0 个待执行任务
2026-09-02 08:52:04,957 - agentgate.task.scheduler - INFO - 开始扫描 PENDING 状态任务...
2026-09-02 08:52:04,958 - agentgate.task.scheduler - INFO - 找到 0 个待执行任务
2026-09-02 08:52:14,966 - agentgate.task.scheduler - INFO - 开始扫描 PENDING 状态任务...
2026-09-02 08:52:14,967 - agentgate.task.scheduler - INFO - 找到 0 个待执行任务
2026-09-02 08:52:24,979 - agentgate.task.scheduler - INFO - 开始扫描 PENDING 状态任务...
2026-09-02 08:52:24,981 - agentgate.task.scheduler - INFO - 找到 0 个待执行任务
2026-09-02 08:52:34,997 - agentgate.task.scheduler - INFO - 开始扫描 PENDING 状态任务...
2026-09-02 08:52:34,999 - agentgate.task.scheduler - INFO - 找到 0 个待执行任务
2026-09-02 08:52:45,001 - agentgate.task.scheduler - INFO - 开始扫描 PENDING 状态任务...
2026-09-02 08:52:45,003 - agentgate.task.scheduler - INFO - 找到 0 个待执行任务
2026-09-02 08:52:55,015 - agentgate.task.scheduler - INFO - 开始扫描 PENDING 状态任务...
2026-09-02 08:52:55,017 - agentgate.task.scheduler - INFO - 找到 0 个待执行任务
2026-09-02 08:53:05,026 - agentgate.task.scheduler - INFO - 开始扫描 PENDING 状态任务...
2026-09-02 08:53:05,027 - agentgate.task.scheduler - INFO - 找到 0 个待执行任务
2026-09-02 08:53:15,036 - agentgate.task.scheduler - INFO - 开始扫描 PENDING 状态任务...
2026-09-02 08:53:15,038 - agentgate.task.scheduler - INFO - 找到 0 个待执行任务
2026-09-02 08:53:25,045 - agentgate.task.scheduler - INFO - 开始扫描 PENDING 状态任务...
2026-09-02 08:53:25,047 - agentgate.task.scheduler - INFO - 找到 0 个待执行任务
2026-09-02 08:53:35,063 - agentgate.task.scheduler - INFO - 开始扫描 PENDING 状态任务...
2026-09-02 08:53:35,065 - agentgate.task.scheduler - INFO - 找到 0 个待执行任务
2026-09-02 08:53:45,068 - agentgate.task.scheduler - INFO - 开始扫描 PENDING 状态任务...
2026-09-02 08:53:45,070 - agentgate.task.scheduler - INFO - 找到 0 个待执行任务
2026-09-02 08:53:55,082 - agentgate.task.scheduler - INFO - 开始扫描 PENDING 状态任务...
2026-09-02 08:53:55,084 - agentgate.task.scheduler - INFO - 找到 0 个待执行任务
2026-09-02 08:54:05,086 - agentgate.task.scheduler - INFO - 开始扫描 PENDING 状态任务...
2026-09-02 08:54:05,088 - agentgate.task.scheduler - INFO - 找到 0 个待执行任务
2026-09-02 08:54:15,099 - agentgate.task.scheduler - INFO - 开始扫描 PENDING 状态任务...
2026-09-02 08:54:15,101 - agentgate.task.scheduler - INFO - 找到 0 个待执行任务
2026-09-02 08:54:25,112 - agentgate.task.scheduler - INFO - 开始扫描 PENDING 状态任务...
2026-09-02 08:54:25,113 - agentgate.task.scheduler - INFO - 找到 0 个待执行任务
2026-09-02 08:54:35,121 - agentgate.task.scheduler - INFO - 开始扫描 PENDING 状态任务...
2026-09-02 08:54:35,123 - agentgate.task.scheduler - INFO - 找到 0 个待执行任务
2026-09-02 08:54:45,136 - agentgate.task.scheduler - INFO - 开始扫描 PENDING 状态任务...
2026-09-02 08:54:45,138 - agentgate.task.scheduler - INFO - 找到 0 个待执行任务
2026-09-02 08:54:55,142 - agentgate.task.scheduler - INFO - 开始扫描 PENDING 状态任务...
2026-09-02 08:54:55,144 - agentgate.task.scheduler - INFO - 找到 0 个待执行任务
2026-09-02 08:55:05,151 - agentgate.task.scheduler - INFO - 开始扫描 PENDING 状态任务...
2026-09-02 08:55:05,153 - agentgate.task.scheduler - INFO - 找到 0 个待执行任务
2026-09-02 08:55:15,166 - agentgate.task.scheduler - INFO - 开始扫描 PENDING 状态任务...
2026-09-02 08:55:15,168 - agentgate.task.scheduler - INFO - 找到 0 个待执行任务
2026-09-02 08:55:25,176 - agentgate.task.scheduler - INFO - 开始扫描 PENDING 状态任务...
2026-09-02 08:55:25,177 - agentgate.task.scheduler - INFO - 找到 0 个待执行任务
2026-09-02 08:55:35,182 - agentgate.task.scheduler - INFO - 开始扫描 PENDING 状态任务...
2026-09-02 08:55:35,183 - agentgate.task.scheduler - INFO - 找到 0 个待执行任务
2026-09-02 08:55:45,188 - agentgate.task.scheduler - INFO - 开始扫描 PENDING 状态任务...
2026-09-02 08:55:45,190 - agentgate.task.scheduler - INFO - 找到 0 个待执行任务
2026-09-02 08:55:55,194 - agentgate.task.scheduler - INFO - 开始扫描 PENDING 状态任务...
2026-09-02 08:55:55,195 - agentgate.task.scheduler - INFO - 找到 0 个待执行任务
2026-09-02 08:56:05,209 - agentgate.task.scheduler - INFO - 开始扫描 PENDING 状态任务...
2026-09-02 08:56:05,211 - agentgate.task.scheduler - INFO - 找到 0 个待执行任务
2026-09-02 08:56:15,212 - agentgate.task.scheduler - INFO - 开始扫描 PENDING 状态任务...
2026-09-02 08:56:15,213 - agentgate.task.scheduler - INFO - 找到 0 个待执行任务
2026-09-02 08:56:25,228 - agentgate.task.scheduler - INFO - 开始扫描 PENDING 状态任务...
2026-09-02 08:56:25,231 - agentgate.task.scheduler - INFO - 找到 0 个待执行任务
2026-09-02 08:56:35,233 - agentgate.task.scheduler - INFO - 开始扫描 PENDING 状态任务...
2026-09-02 08:56:35,234 - agentgate.task.scheduler - INFO - 找到 0 个待执行任务
2026-09-02 08:56:45,249 - agentgate.task.scheduler - INFO - 开始扫描 PENDING 状态任务...
2026-09-02 08:56:45,251 - agentgate.task.scheduler - INFO - 找到 0 个待执行任务
2026-09-02 08:56:55,264 - agentgate.task.scheduler - INFO - 开始扫描 PENDING 状态任务...
2026-09-02 08:56:55,265 - agentgate.task.scheduler - INFO - 找到 0 个待执行任务
2026-09-02 08:57:05,275 - agentgate.task.scheduler - INFO - 开始扫描 PENDING 状态任务...
2026-09-02 08:57:05,277 - agentgate.task.scheduler - INFO - 找到 0 个待执行任务
2026-09-02 08:57:15,282 - agentgate.task.scheduler - INFO - 开始扫描 PENDING 状态任务...
2026-09-02 08:57:15,284 - agentgate.task.scheduler - INFO - 找到 0 个待执行任务
2026-09-02 08:57:25,288 - agentgate.task.scheduler - INFO - 开始扫描 PENDING 状态任务...
2026-09-02 08:57:25,289 - agentgate.task.scheduler - INFO - 找到 0 个待执行任务
2026-09-02 08:57:35,302 - agentgate.task.scheduler - INFO - 开始扫描 PENDING 状态任务...
2026-09-02 08:57:35,304 - agentgate.task.scheduler - INFO - 找到 0 个待执行任务
2026-09-02 08:57:45,311 - agentgate.task.scheduler - INFO - 开始扫描 PENDING 状态任务...
2026-09-02 08:57:45,313 - agentgate.task.scheduler - INFO - 找到 0 个待执行任务
2026-09-02 08:57:55,318 - agentgate.task.scheduler - INFO - 开始扫描 PENDING 状态任务...
2026-09-02 08:57:55,320 - agentgate.task.scheduler - INFO - 找到 0 个待执行任务
2026-09-02 08:58:05,326 - agentgate.task.scheduler - INFO - 开始扫描 PENDING 状态任务...
2026-09-02 08:58:05,328 - agentgate.task.scheduler - INFO - 找到 0 个待执行任务
2026-09-02 08:58:15,335 - agentgate.task.scheduler - INFO - 开始扫描 PENDING 状态任务...
2026-09-02 08:58:15,337 - agentgate.task.scheduler - INFO - 找到 0 个待执行任务
2026-09-02 08:58:25,338 - agentgate.task.scheduler - INFO - 开始扫描 PENDING 状态任务...
2026-09-02 08:58:25,340 - agentgate.task.scheduler - INFO - 找到 0 个待执行任务
2026-09-02 08:58:35,354 - agentgate.task.scheduler - INFO - 开始扫描 PENDING 状态任务...
2026-09-02 08:58:35,356 - agentgate.task.scheduler - INFO - 找到 0 个待执行任务
2026-09-02 08:58:45,357 - agentgate.task.scheduler - INFO - 开始扫描 PENDING 状态任务...
2026-09-02 08:58:45,359 - agentgate.task.scheduler - INFO - 找到 0 个待执行任务
2026-09-02 08:58:55,365 - agentgate.task.scheduler - INFO - 开始扫描 PENDING 状态任务...
2026-09-02 08:58:55,366 - agentgate.task.scheduler - INFO - 找到 0 个待执行任务
2026-09-02 08:59:05,367 - agentgate.task.scheduler - INFO - 开始扫描 PENDING 状态任务...
2026-09-02 08:59:05,369 - agentgate.task.scheduler - INFO - 找到 0 个待执行任务
2026-09-02 08:59:15,370 - agentgate.task.scheduler - INFO - 开始扫描 PENDING 状态任务...
2026-09-02 08:59:15,372 - agentgate.task.scheduler - INFO - 找到 0 个待执行任务
2026-09-02 08:59:25,382 - agentgate.task.scheduler - INFO - 开始扫描 PENDING 状态任务...
2026-09-02 08:59:25,383 - agentgate.task.scheduler - INFO - 找到 0 个待执行任务
2026-09-02 08:59:35,392 - agentgate.task.scheduler - INFO - 开始扫描 PENDING 状态任务...
2026-09-02 08:59:35,394 - agentgate.task.scheduler - INFO - 找到 0 个待执行任务
2026-09-02 08:59:45,398 - agentgate.task.scheduler - INFO - 开始扫描 PENDING 状态任务...
2026-09-02 08:59:45,400 - agentgate.task.scheduler - INFO - 找到 0 个待执行任务
2026-09-02 08:59:55,406 - agentgate.task.scheduler - INFO - 开始扫描 PENDING 状态任务...
2026-09-02 08:59:55,408 - agentgate.task.scheduler - INFO - 找到 0 个待执行任务
2026-09-02 09:00:05,420 - agentgate.task.scheduler - INFO - 开始扫描 PENDING 状态任务...
2026-09-02 09:00:05,422 - agentgate.task.scheduler - INFO - 找到 0 个待执行任务
2026-09-02 09:00:15,430 - agentgate.task.scheduler - INFO - 开始扫描 PENDING 状态任务...
2026-09-02 09:00:15,431 - agentgate.task.scheduler - INFO - 找到 0 个待执行任务
2026-09-02 09:00:25,438 - agentgate.task.scheduler - INFO - 开始扫描 PENDING 状态任务...
2026-09-02 09:00:25,439 - agentgate.task.scheduler - INFO - 找到 0 个待执行任务
2026-09-02 09:00:35,444 - agentgate.task.scheduler - INFO - 开始扫描 PENDING 状态任务...
2026-09-02 09:00:35,446 - agentgate.task.scheduler - INFO - 找到 0 个待执行任务
2026-09-02 09:00:45,453 - agentgate.task.scheduler - INFO - 开始扫描 PENDING 状态任务...
2026-09-02 09:00:45,454 - agentgate.task.scheduler - INFO - 找到 0 个待执行任务
2026-09-02 09:00:55,459 - agentgate.task.scheduler - INFO - 开始扫描 PENDING 状态任务...
2026-09-02 09:00:55,461 - agentgate.task.scheduler - INFO - 找到 0 个待执行任务
2026-09-02 09:01:05,472 - agentgate.task.scheduler - INFO - 开始扫描 PENDING 状态任务...
2026-09-02 09:01:05,473 - agentgate.task.scheduler - INFO - 找到 0 个待执行任务
2026-09-02 09:01:15,489 - agentgate.task.scheduler - INFO - 开始扫描 PENDING 状态任务...
2026-09-02 09:01:15,491 - agentgate.task.scheduler - INFO - 找到 0 个待执行任务
2026-09-02 09:01:25,494 - agentgate.task.scheduler - INFO - 开始扫描 PENDING 状态任务...
2026-09-02 09:01:25,496 - agentgate.task.scheduler - INFO - 找到 0 个待执行任务
2026-09-02 09:01:35,499 - agentgate.task.scheduler - INFO - 开始扫描 PENDING 状态任务...
2026-09-02 09:01:35,500 - agentgate.task.scheduler - INFO - 找到 0 个待执行任务
2026-09-02 09:01:45,512 - agentgate.task.scheduler - INFO - 开始扫描 PENDING 状态任务...
2026-09-02 09:01:45,514 - agentgate.task.scheduler - INFO - 找到 0 个待执行任务
2026-09-02 09:01:55,527 - agentgate.task.scheduler - INFO - 开始扫描 PENDING 状态任务...
2026-09-02 09:01:55,528 - agentgate.task.scheduler - INFO - 找到 0 个待执行任务
2026-09-02 09:02:05,539 - agentgate.task.scheduler - INFO - 开始扫描 PENDING 状态任务...
2026-09-02 09:02:05,541 - agentgate.task.scheduler - INFO - 找到 0 个待执行任务
2026-09-02 09:02:15,544 - agentgate.task.scheduler - INFO - 开始扫描 PENDING 状态任务...
2026-09-02 09:02:15,546 - agentgate.task.scheduler - INFO - 找到 0 个待执行任务
2026-09-02 09:02:25,558 - agentgate.task.scheduler - INFO - 开始扫描 PENDING 状态任务...
2026-09-02 09:02:25,559 - agentgate.task.scheduler - INFO - 找到 0 个待执行任务
2026-09-02 09:02:35,569 - agentgate.task.scheduler - INFO - 开始扫描 PENDING 状态任务...
2026-09-02 09:02:35,570 - agentgate.task.scheduler - INFO - 找到 0 个待执行任务
2026-09-02 09:02:45,582 - agentgate.task.scheduler - INFO - 开始扫描 PENDING 状态任务...
2026-09-02 09:02:45,584 - agentgate.task.scheduler - INFO - 找到 0 个待执行任务
2026-09-02 09:02:55,586 - agentgate.task.scheduler - INFO - 开始扫描 PENDING 状态任务...
2026-09-02 09:02:55,588 - agentgate.task.scheduler - INFO - 找到 0 个待执行任务
2026-09-02 09:03:05,604 - agentgate.task.scheduler - INFO - 开始扫描 PENDING 状态任务...
2026-09-02 09:03:05,606 - agentgate.task.scheduler - INFO - 找到 0 个待执行任务
2026-09-02 09:03:15,616 - agentgate.task.scheduler - INFO - 开始扫描 PENDING 状态任务...
2026-09-02 09:03:15,618 - agentgate.task.scheduler - INFO - 找到 0 个待执行任务
2026-09-02 09:03:25,625 - agentgate.task.scheduler - INFO - 开始扫描 PENDING 状态任务...
2026-09-02 09:03:25,626 - agentgate.task.scheduler - INFO - 找到 0 个待执行任务
2026-09-02 09:03:35,641 - agentgate.task.scheduler - INFO - 开始扫描 PENDING 状态任务...
2026-09-02 09:03:35,642 - agentgate.task.scheduler - INFO - 找到 0 个待执行任务
2026-09-02 09:03:45,647 - agentgate.task.scheduler - INFO - 开始扫描 PENDING 状态任务...
2026-09-02 09:03:45,649 - agentgate.task.scheduler - INFO - 找到 0 个待执行任务
2026-09-02 09:03:55,658 - agentgate.task.scheduler - INFO - 开始扫描 PENDING 状态任务...
2026-09-02 09:03:55,659 - agentgate.task.scheduler - INFO - 找到 0 个待执行任务
2026-09-02 09:04:05,666 - agentgate.task.scheduler - INFO - 开始扫描 PENDING 状态任务...
2026-09-02 09:04:05,668 - agentgate.task.scheduler - INFO - 找到 0 个待执行任务
2026-09-02 09:04:15,682 - agentgate.task.scheduler - INFO - 开始扫描 PENDING 状态任务...
2026-09-02 09:04:15,684 - agentgate.task.scheduler - INFO - 找到 0 个待执行任务
2026-09-02 09:04:25,688 - agentgate.task.scheduler - INFO - 开始扫描 PENDING 状态任务...
2026-09-02 09:04:25,689 - agentgate.task.scheduler - INFO - 找到 0 个待执行任务
2026-09-02 09:04:35,697 - agentgate.task.scheduler - INFO - 开始扫描 PENDING 状态任务...
2026-09-02 09:04:35,698 - agentgate.task.scheduler - INFO - 找到 0 个待执行任务
2026-09-02 09:04:45,710 - agentgate.task.scheduler - INFO - 开始扫描 PENDING 状态任务...
2026-09-02 09:04:45,711 - agentgate.task.scheduler - INFO - 找到 0 个待执行任务
2026-09-02 09:04:55,725 - agentgate.task.scheduler - INFO - 开始扫描 PENDING 状态任务...
2026-09-02 09:04:55,727 - agentgate.task.scheduler - INFO - 找到 0 个待执行任务
2026-09-02 09:05:05,737 - agentgate.task.scheduler - INFO - 开始扫描 PENDING 状态任务...
2026-09-02 09:05:05,739 - agentgate.task.scheduler - INFO - 找到 0 个待执行任务
2026-09-02 09:05:15,753 - agentgate.task.scheduler - INFO - 开始扫描 PENDING 状态任务...
2026-09-02 09:05:15,755 - agentgate.task.scheduler - INFO - 找到 0 个待执行任务
2026-09-02 09:05:25,763 - agentgate.task.scheduler - INFO - 开始扫描 PENDING 状态任务...
2026-09-02 09:05:25,765 - agentgate.task.scheduler - INFO - 找到 0 个待执行任务
2026-09-02 09:05:35,774 - agentgate.task.scheduler - INFO - 开始扫描 PENDING 状态任务...
2026-09-02 09:05:35,776 - agentgate.task.scheduler - INFO - 找到 0 个待执行任务
2026-09-02 09:05:45,786 - agentgate.task.scheduler - INFO - 开始扫描 PENDING 状态任务...
2026-09-02 09:05:45,787 - agentgate.task.scheduler - INFO - 找到 0 个待执行任务
2026-09-02 09:05:55,791 - agentgate.task.scheduler - INFO - 开始扫描 PENDING 状态任务...
2026-09-02 09:05:55,793 - agentgate.task.scheduler - INFO - 找到 0 个待执行任务
2026-09-02 09:06:05,807 - agentgate.task.scheduler - INFO - 开始扫描 PENDING 状态任务...
2026-09-02 09:06:05,808 - agentgate.task.scheduler - INFO - 找到 0 个待执行任务
2026-09-02 09:06:15,824 - agentgate.task.scheduler - INFO - 开始扫描 PENDING 状态任务...
2026-09-02 09:06:15,826 - agentgate.task.scheduler - INFO - 找到 0 个待执行任务
2026-09-02 09:06:25,836 - agentgate.task.scheduler - INFO - 开始扫描 PENDING 状态任务...
2026-09-02 09:06:25,838 - agentgate.task.scheduler - INFO - 找到 0 个待执行任务
2026-09-02 09:06:35,850 - agentgate.task.scheduler - INFO - 开始扫描 PENDING 状态任务...
2026-09-02 09:06:35,852 - agentgate.task.scheduler - INFO - 找到 0 个待执行任务
2026-09-02 09:06:45,864 - agentgate.task.scheduler - INFO - 开始扫描 PENDING 状态任务...
2026-09-02 09:06:45,865 - agentgate.task.scheduler - INFO - 找到 0 个待执行任务
2026-09-02 09:06:55,878 - agentgate.task.scheduler - INFO - 开始扫描 PENDING 状态任务...
2026-09-02 09:06:55,880 - agentgate.task.scheduler - INFO - 找到 0 个待执行任务
2026-09-02 09:07:05,891 - agentgate.task.scheduler - INFO - 开始扫描 PENDING 状态任务...
2026-09-02 09:07:05,893 - agentgate.task.scheduler - INFO - 找到 0 个待执行任务
2026-09-02 09:07:15,899 - agentgate.task.scheduler - INFO - 开始扫描 PENDING 状态任务...
2026-09-02 09:07:15,901 - agentgate.task.scheduler - INFO - 找到 0 个待执行任务
2026-09-02 09:07:25,905 - agentgate.task.scheduler - INFO - 开始扫描 PENDING 状态任务...
2026-09-02 09:07:25,907 - agentgate.task.scheduler - INFO - 找到 0 个待执行任务
2026-09-02 09:07:35,922 - agentgate.task.scheduler - INFO - 开始扫描 PENDING 状态任务...
2026-09-02 09:07:35,923 - agentgate.task.scheduler - INFO - 找到 0 个待执行任务
2026-09-02 09:07:45,936 - agentgate.task.scheduler - INFO - 开始扫描 PENDING 状态任务...
2026-09-02 09:07:45,938 - agentgate.task.scheduler - INFO - 找到 0 个待执行任务
2026-09-02 09:07:55,945 - agentgate.task.scheduler - INFO - 开始扫描 PENDING 状态任务...
2026-09-02 09:07:55,946 - agentgate.task.scheduler - INFO - 找到 0 个待执行任务
2026-09-02 09:08:05,953 - agentgate.task.scheduler - INFO - 开始扫描 PENDING 状态任务...
2026-09-02 09:08:05,955 - agentgate.task.scheduler - INFO - 找到 0 个待执行任务
2026-09-02 09:08:15,971 - agentgate.task.scheduler - INFO - 开始扫描 PENDING 状态任务...
2026-09-02 09:08:15,973 - agentgate.task.scheduler - INFO - 找到 0 个待执行任务
2026-09-02 09:08:25,984 - agentgate.task.scheduler - INFO - 开始扫描 PENDING 状态任务...
2026-09-02 09:08:25,985 - agentgate.task.scheduler - INFO - 找到 0 个待执行任务
2026-09-02 09:08:36,001 - agentgate.task.scheduler - INFO - 开始扫描 PENDING 状态任务...
2026-09-02 09:08:36,003 - agentgate.task.scheduler - INFO - 找到 0 个待执行任务
2026-09-02 09:08:46,007 - agentgate.task.scheduler - INFO - 开始扫描 PENDING 状态任务...
2026-09-02 09:08:46,008 - agentgate.task.scheduler - INFO - 找到 0 个待执行任务
2026-09-02 09:08:56,020 - agentgate.task.scheduler - INFO - 开始扫描 PENDING 状态任务...
2026-09-02 09:08:56,022 - agentgate.task.scheduler - INFO - 找到 0 个待执行任务
2026-09-02 09:09:06,025 - agentgate.task.scheduler - INFO - 开始扫描 PENDING 状态任务...
2026-09-02 09:09:06,027 - agentgate.task.scheduler - INFO - 找到 0 个待执行任务
2026-09-02 09:09:16,038 - agentgate.task.scheduler - INFO - 开始扫描 PENDING 状态任务...
2026-09-02 09:09:16,040 - agentgate.task.scheduler - INFO - 找到 0 个待执行任务
2026-09-02 09:09:26,050 - agentgate.task.scheduler - INFO - 开始扫描 PENDING 状态任务...
2026-09-02 09:09:26,052 - agentgate.task.scheduler - INFO - 找到 0 个待执行任务
2026-09-02 09:09:36,063 - agentgate.task.scheduler - INFO - 开始扫描 PENDING 状态任务...
2026-09-02 09:09:36,065 - agentgate.task.scheduler - INFO - 找到 0 个待执行任务
2026-09-02 09:09:46,074 - agentgate.task.scheduler - INFO - 开始扫描 PENDING 状态任务...
2026-09-02 09:09:46,075 - agentgate.task.scheduler - INFO - 找到 0 个待执行任务
2026-09-02 09:09:56,084 - agentgate.task.scheduler - INFO - 开始扫描 PENDING 状态任务...
2026-09-02 09:09:56,086 - agentgate.task.scheduler - INFO - 找到 0 个待执行任务
2026-09-02 09:10:06,096 - agentgate.task.scheduler - INFO - 开始扫描 PENDING 状态任务...
2026-09-02 09:10:06,097 - agentgate.task.scheduler - INFO - 找到 0 个待执行任务
2026-09-02 09:10:16,111 - agentgate.task.scheduler - INFO - 开始扫描 PENDING 状态任务...
2026-09-02 09:10:16,112 - agentgate.task.scheduler - INFO - 找到 0 个待执行任务
2026-09-02 09:10:26,123 - agentgate.task.scheduler - INFO - 开始扫描 PENDING 状态任务...
2026-09-02 09:10:26,125 - agentgate.task.scheduler - INFO - 找到 0 个待执行任务
2026-09-02 09:10:36,136 - agentgate.task.scheduler - INFO - 开始扫描 PENDING 状态任务...
2026-09-02 09:10:36,138 - agentgate.task.scheduler - INFO - 找到 0 个待执行任务
2026-09-02 09:10:46,142 - agentgate.task.scheduler - INFO - 开始扫描 PENDING 状态任务...
2026-09-02 09:10:46,143 - agentgate.task.scheduler - INFO - 找到 0 个待执行任务
2026-09-02 09:10:56,151 - agentgate.task.scheduler - INFO - 开始扫描 PENDING 状态任务...
2026-09-02 09:10:56,152 - agentgate.task.scheduler - INFO - 找到 0 个待执行任务
2026-09-02 09:11:06,161 - agentgate.task.scheduler - INFO - 开始扫描 PENDING 状态任务...
2026-09-02 09:11:06,163 - agentgate.task.scheduler - INFO - 找到 0 个待执行任务
2026-09-02 09:11:16,169 - agentgate.task.scheduler - INFO - 开始扫描 PENDING 状态任务...
2026-09-02 09:11:16,171 - agentgate.task.scheduler - INFO - 找到 0 个待执行任务
2026-09-02 09:11:26,184 - agentgate.task.scheduler - INFO - 开始扫描 PENDING 状态任务...
2026-09-02 09:11:26,185 - agentgate.task.scheduler - INFO - 找到 0 个待执行任务
2026-09-02 09:11:36,192 - agentgate.task.scheduler - INFO - 开始扫描 PENDING 状态任务...
2026-09-02 09:11:36,193 - agentgate.task.scheduler - INFO - 找到 0 个待执行任务
2026-09-02 09:11:46,198 - agentgate.task.scheduler - INFO - 开始扫描 PENDING 状态任务...
2026-09-02 09:11:46,199 - agentgate.task.scheduler - INFO - 找到 0 个待执行任务
2026-09-02 09:11:56,208 - agentgate.task.scheduler - INFO - 开始扫描 PENDING 状态任务...
2026-09-02 09:11:56,209 - agentgate.task.scheduler - INFO - 找到 0 个待执行任务
2026-09-02 09:12:06,213 - agentgate.task.scheduler - INFO - 开始扫描 PENDING 状态任务...
2026-09-02 09:12:06,215 - agentgate.task.scheduler - INFO - 找到 0 个待执行任务
2026-09-02 09:12:16,217 - agentgate.task.scheduler - INFO - 开始扫描 PENDING 状态任务...
2026-09-02 09:12:16,218 - agentgate.task.scheduler - INFO - 找到 0 个待执行任务
2026-09-02 09:12:26,228 - agentgate.task.scheduler - INFO - 开始扫描 PENDING 状态任务...
2026-09-02 09:12:26,229 - agentgate.task.scheduler - INFO - 找到 0 个待执行任务
2026-09-02 09:12:36,232 - agentgate.task.scheduler - INFO - 开始扫描 PENDING 状态任务...
2026-09-02 09:12:36,234 - agentgate.task.scheduler - INFO - 找到 0 个待执行任务
2026-09-02 09:12:46,235 - agentgate.task.scheduler - INFO - 开始扫描 PENDING 状态任务...
2026-09-02 09:12:46,237 - agentgate.task.scheduler - INFO - 找到 0 个待执行任务
2026-09-02 09:12:56,239 - agentgate.task.scheduler - INFO - 开始扫描 PENDING 状态任务...
2026-09-02 09:12:56,240 - agentgate.task.scheduler - INFO - 找到 0 个待执行任务
2026-09-02 09:13:06,241 - agentgate.task.scheduler - INFO - 开始扫描 PENDING 状态任务...
2026-09-02 09:13:06,242 - agentgate.task.scheduler - INFO - 找到 0 个待执行任务
2026-09-02 09:13:16,254 - agentgate.task.scheduler - INFO - 开始扫描 PENDING 状态任务...
2026-09-02 09:13:16,255 - agentgate.task.scheduler - INFO - 找到 0 个待执行任务
2026-09-02 09:13:26,267 - agentgate.task.scheduler - INFO - 开始扫描 PENDING 状态任务...
2026-09-02 09:13:26,269 - agentgate.task.scheduler - INFO - 找到 0 个待执行任务
2026-09-02 09:13:36,283 - agentgate.task.scheduler - INFO - 开始扫描 PENDING 状态任务...
2026-09-02 09:13:36,284 - agentgate.task.scheduler - INFO - 找到 0 个待执行任务
2026-09-02 09:13:46,291 - agentgate.task.scheduler - INFO - 开始扫描 PENDING 状态任务...
2026-09-02 09:13:46,292 - agentgate.task.scheduler - INFO - 找到 0 个待执行任务
2026-09-02 09:13:56,296 - agentgate.task.scheduler - INFO - 开始扫描 PENDING 状态任务...
2026-09-02 09:13:56,298 - agentgate.task.scheduler - INFO - 找到 0 个待执行任务
2026-09-02 09:14:06,309 - agentgate.task.scheduler - INFO - 开始扫描 PENDING 状态任务...
2026-09-02 09:14:06,311 - agentgate.task.scheduler - INFO - 找到 0 个待执行任务
2026-09-02 09:14:16,325 - agentgate.task.scheduler - INFO - 开始扫描 PENDING 状态任务...
2026-09-02 09:14:16,326 - agentgate.task.scheduler - INFO - 找到 0 个待执行任务
2026-09-02 09:14:26,341 - agentgate.task.scheduler - INFO - 开始扫描 PENDING 状态任务...
2026-09-02 09:14:26,343 - agentgate.task.scheduler - INFO - 找到 0 个待执行任务
2026-09-02 09:14:36,355 - agentgate.task.scheduler - INFO - 开始扫描 PENDING 状态任务...
2026-09-02 09:14:36,356 - agentgate.task.scheduler - INFO - 找到 0 个待执行任务
2026-09-02 09:14:46,370 - agentgate.task.scheduler - INFO - 开始扫描 PENDING 状态任务...
2026-09-02 09:14:46,371 - agentgate.task.scheduler - INFO - 找到 0 个待执行任务
2026-09-02 09:14:56,378 - agentgate.task.scheduler - INFO - 开始扫描 PENDING 状态任务...
2026-09-02 09:14:56,380 - agentgate.task.scheduler - INFO - 找到 0 个待执行任务
2026-09-02 09:15:06,386 - agentgate.task.scheduler - INFO - 开始扫描 PENDING 状态任务...
2026-09-02 09:15:06,387 - agentgate.task.scheduler - INFO - 找到 0 个待执行任务
2026-09-02 09:15:16,397 - agentgate.task.scheduler - INFO - 开始扫描 PENDING 状态任务...
2026-09-02 09:15:16,399 - agentgate.task.scheduler - INFO - 找到 0 个待执行任务
2026-09-02 09:15:26,412 - agentgate.task.scheduler - INFO - 开始扫描 PENDING 状态任务...
2026-09-02 09:15:26,413 - agentgate.task.scheduler - INFO - 找到 0 个待执行任务
2026-09-02 09:15:36,420 - agentgate.task.scheduler - INFO - 开始扫描 PENDING 状态任务...
2026-09-02 09:15:36,422 - agentgate.task.scheduler - INFO - 找到 0 个待执行任务
2026-09-02 09:15:46,432 - agentgate.task.scheduler - INFO - 开始扫描 PENDING 状态任务...
2026-09-02 09:15:46,433 - agentgate.task.scheduler - INFO - 找到 0 个待执行任务
2026-09-02 09:15:56,446 - agentgate.task.scheduler - INFO - 开始扫描 PENDING 状态任务...
2026-09-02 09:15:56,447 - agentgate.task.scheduler - INFO - 找到 0 个待执行任务
2026-09-02 09:16:06,448 - agentgate.task.scheduler - INFO - 开始扫描 PENDING 状态任务...
2026-09-02 09:16:06,449 - agentgate.task.scheduler - INFO - 找到 0 个待执行任务
2026-09-02 09:16:16,465 - agentgate.task.scheduler - INFO - 开始扫描 PENDING 状态任务...
2026-09-02 09:16:16,466 - agentgate.task.scheduler - INFO - 找到 0 个待执行任务
2026-09-02 09:16:26,477 - agentgate.task.scheduler - INFO - 开始扫描 PENDING 状态任务...
2026-09-02 09:16:26,479 - agentgate.task.scheduler - INFO - 找到 0 个待执行任务
2026-09-02 09:16:36,490 - agentgate.task.scheduler - INFO - 开始扫描 PENDING 状态任务...
2026-09-02 09:16:36,491 - agentgate.task.scheduler - INFO - 找到 0 个待执行任务
2026-09-02 09:16:46,495 - agentgate.task.scheduler - INFO - 开始扫描 PENDING 状态任务...
2026-09-02 09:16:46,496 - agentgate.task.scheduler - INFO - 找到 0 个待执行任务
2026-09-02 09:16:56,498 - agentgate.task.scheduler - INFO - 开始扫描 PENDING 状态任务...
2026-09-02 09:16:56,499 - agentgate.task.scheduler - INFO - 找到 0 个待执行任务
2026-09-02 09:17:06,505 - agentgate.task.scheduler - INFO - 开始扫描 PENDING 状态任务...
2026-09-02 09:17:06,506 - agentgate.task.scheduler - INFO - 找到 0 个待执行任务
2026-09-02 09:17:16,510 - agentgate.task.scheduler - INFO - 开始扫描 PENDING 状态任务...
2026-09-02 09:17:16,511 - agentgate.task.scheduler - INFO - 找到 0 个待执行任务
2026-09-02 09:17:26,525 - agentgate.task.scheduler - INFO - 开始扫描 PENDING 状态任务...
2026-09-02 09:17:26,526 - agentgate.task.scheduler - INFO - 找到 0 个待执行任务
2026-09-02 09:17:36,531 - agentgate.task.scheduler - INFO - 开始扫描 PENDING 状态任务...
2026-09-02 09:17:36,533 - agentgate.task.scheduler - INFO - 找到 0 个待执行任务
2026-09-02 09:17:46,546 - agentgate.task.scheduler - INFO - 开始扫描 PENDING 状态任务...
2026-09-02 09:17:46,548 - agentgate.task.scheduler - INFO - 找到 0 个待执行任务
2026-09-02 09:17:56,554 - agentgate.task.scheduler - INFO - 开始扫描 PENDING 状态任务...
2026-09-02 09:17:56,556 - agentgate.task.scheduler - INFO - 找到 0 个待执行任务
2026-09-02 09:18:06,564 - agentgate.task.scheduler - INFO - 开始扫描 PENDING 状态任务...
2026-09-02 09:18:06,566 - agentgate.task.scheduler - INFO - 找到 0 个待执行任务
2026-09-02 09:18:16,575 - agentgate.task.scheduler - INFO - 开始扫描 PENDING 状态任务...
2026-09-02 09:18:16,577 - agentgate.task.scheduler - INFO - 找到 0 个待执行任务
2026-09-02 09:18:26,591 - agentgate.task.scheduler - INFO - 开始扫描 PENDING 状态任务...
2026-09-02 09:18:26,593 - agentgate.task.scheduler - INFO - 找到 0 个待执行任务
2026-09-02 09:18:36,607 - agentgate.task.scheduler - INFO - 开始扫描 PENDING 状态任务...
2026-09-02 09:18:36,608 - agentgate.task.scheduler - INFO - 找到 0 个待执行任务
2026-09-02 09:18:46,619 - agentgate.task.scheduler - INFO - 开始扫描 PENDING 状态任务...
2026-09-02 09:18:46,620 - agentgate.task.scheduler - INFO - 找到 0 个待执行任务
2026-09-02 09:18:56,631 - agentgate.task.scheduler - INFO - 开始扫描 PENDING 状态任务...
2026-09-02 09:18:56,633 - agentgate.task.scheduler - INFO - 找到 0 个待执行任务
2026-09-02 09:19:06,647 - agentgate.task.scheduler - INFO - 开始扫描 PENDING 状态任务...
2026-09-02 09:19:06,648 - agentgate.task.scheduler - INFO - 找到 0 个待执行任务
2026-09-02 09:19:16,663 - agentgate.task.scheduler - INFO - 开始扫描 PENDING 状态任务...
2026-09-02 09:19:16,664 - agentgate.task.scheduler - INFO - 找到 0 个待执行任务
2026-09-02 09:19:26,670 - agentgate.task.scheduler - INFO - 开始扫描 PENDING 状态任务...
2026-09-02 09:19:26,671 - agentgate.task.scheduler - INFO - 找到 0 个待执行任务
2026-09-02 09:19:36,680 - agentgate.task.scheduler - INFO - 开始扫描 PENDING 状态任务...
2026-09-02 09:19:36,682 - agentgate.task.scheduler - INFO - 找到 0 个待执行任务
2026-09-02 09:19:46,684 - agentgate.task.scheduler - INFO - 开始扫描 PENDING 状态任务...
2026-09-02 09:19:46,685 - agentgate.task.scheduler - INFO - 找到 0 个待执行任务
2026-09-02 09:19:56,694 - agentgate.task.scheduler - INFO - 开始扫描 PENDING 状态任务...
2026-09-02 09:19:56,696 - agentgate.task.scheduler - INFO - 找到 0 个待执行任务
2026-09-02 09:20:06,712 - agentgate.task.scheduler - INFO - 开始扫描 PENDING 状态任务...
2026-09-02 09:20:06,713 - agentgate.task.scheduler - INFO - 找到 0 个待执行任务
2026-09-02 09:20:16,720 - agentgate.task.scheduler - INFO - 开始扫描 PENDING 状态任务...
2026-09-02 09:20:16,721 - agentgate.task.scheduler - INFO - 找到 0 个待执行任务
2026-09-02 09:20:26,732 - agentgate.task.scheduler - INFO - 开始扫描 PENDING 状态任务...
2026-09-02 09:20:26,734 - agentgate.task.scheduler - INFO - 找到 0 个待执行任务
2026-09-02 09:20:36,748 - agentgate.task.scheduler - INFO - 开始扫描 PENDING 状态任务...
2026-09-02 09:20:36,749 - agentgate.task.scheduler - INFO - 找到 0 个待执行任务
2026-09-02 09:20:46,750 - agentgate.task.scheduler - INFO - 开始扫描 PENDING 状态任务...
2026-09-02 09:20:46,751 - agentgate.task.scheduler - INFO - 找到 0 个待执行任务
2026-09-02 09:20:56,754 - agentgate.task.scheduler - INFO - 开始扫描 PENDING 状态任务...
2026-09-02 09:20:56,755 - agentgate.task.scheduler - INFO - 找到 0 个待执行任务
2026-09-02 09:21:06,770 - agentgate.task.scheduler - INFO - 开始扫描 PENDING 状态任务...
2026-09-02 09:21:06,772 - agentgate.task.scheduler - INFO - 找到 0 个待执行任务
2026-09-02 09:21:16,779 - agentgate.task.scheduler - INFO - 开始扫描 PENDING 状态任务...
2026-09-02 09:21:16,781 - agentgate.task.scheduler - INFO - 找到 0 个待执行任务
2026-09-02 09:21:26,787 - agentgate.task.scheduler - INFO - 开始扫描 PENDING 状态任务...
2026-09-02 09:21:26,788 - agentgate.task.scheduler - INFO - 找到 0 个待执行任务
2026-09-02 09:21:36,789 - agentgate.task.scheduler - INFO - 开始扫描 PENDING 状态任务...
2026-09-02 09:21:36,790 - agentgate.task.scheduler - INFO - 找到 0 个待执行任务
2026-09-02 09:21:46,793 - agentgate.task.scheduler - INFO - 开始扫描 PENDING 状态任务...
2026-09-02 09:21:46,794 - agentgate.task.scheduler - INFO - 找到 0 个待执行任务
2026-09-02 09:21:56,799 - agentgate.task.scheduler - INFO - 开始扫描 PENDING 状态任务...
2026-09-02 09:21:56,801 - agentgate.task.scheduler - INFO - 找到 0 个待执行任务
2026-09-02 09:22:06,815 - agentgate.task.scheduler - INFO - 开始扫描 PENDING 状态任务...
2026-09-02 09:22:06,817 - agentgate.task.scheduler - INFO - 找到 0 个待执行任务
2026-09-02 09:22:16,827 - agentgate.task.scheduler - INFO - 开始扫描 PENDING 状态任务...
2026-09-02 09:22:16,828 - agentgate.task.scheduler - INFO - 找到 0 个待执行任务
2026-09-02 09:22:26,839 - agentgate.task.scheduler - INFO - 开始扫描 PENDING 状态任务...
2026-09-02 09:22:26,840 - agentgate.task.scheduler - INFO - 找到 0 个待执行任务
2026-09-02 09:22:36,842 - agentgate.task.scheduler - INFO - 开始扫描 PENDING 状态任务...
2026-09-02 09:22:36,843 - agentgate.task.scheduler - INFO - 找到 0 个待执行任务
2026-09-02 09:22:46,849 - agentgate.task.scheduler - INFO - 开始扫描 PENDING 状态任务...
2026-09-02 09:22:46,851 - agentgate.task.scheduler - INFO - 找到 0 个待执行任务
2026-09-02 09:22:56,859 - agentgate.task.scheduler - INFO - 开始扫描 PENDING 状态任务...
2026-09-02 09:22:56,861 - agentgate.task.scheduler - INFO - 找到 0 个待执行任务
2026-09-02 09:23:06,875 - agentgate.task.scheduler - INFO - 开始扫描 PENDING 状态任务...
2026-09-02 09:23:06,877 - agentgate.task.scheduler - INFO - 找到 0 个待执行任务
2026-09-02 09:23:16,889 - agentgate.task.scheduler - INFO - 开始扫描 PENDING 状态任务...
2026-09-02 09:23:16,890 - agentgate.task.scheduler - INFO - 找到 0 个待执行任务
2026-09-02 09:23:26,906 - agentgate.task.scheduler - INFO - 开始扫描 PENDING 状态任务...
2026-09-02 09:23:26,908 - agentgate.task.scheduler - INFO - 找到 0 个待执行任务
2026-09-02 09:23:36,916 - agentgate.task.scheduler - INFO - 开始扫描 PENDING 状态任务...
2026-09-02 09:23:36,917 - agentgate.task.scheduler - INFO - 找到 0 个待执行任务
2026-09-02 09:23:46,930 - agentgate.task.scheduler - INFO - 开始扫描 PENDING 状态任务...
2026-09-02 09:23:46,931 - agentgate.task.scheduler - INFO - 找到 0 个待执行任务
2026-09-02 09:23:56,933 - agentgate.task.scheduler - INFO - 开始扫描 PENDING 状态任务...
2026-09-02 09:23:56,935 - agentgate.task.scheduler - INFO - 找到 0 个待执行任务
2026-09-02 09:24:06,936 - agentgate.task.scheduler - INFO - 开始扫描 PENDING 状态任务...
2026-09-02 09:24:06,937 - agentgate.task.scheduler - INFO - 找到 0 个待执行任务
2026-09-02 09:24:16,940 - agentgate.task.scheduler - INFO - 开始扫描 PENDING 状态任务...
2026-09-02 09:24:16,941 - agentgate.task.scheduler - INFO - 找到 0 个待执行任务
2026-09-02 09:24:26,950 - agentgate.task.scheduler - INFO - 开始扫描 PENDING 状态任务...
2026-09-02 09:24:26,952 - agentgate.task.scheduler - INFO - 找到 0 个待执行任务
2026-09-02 09:24:36,959 - agentgate.task.scheduler - INFO - 开始扫描 PENDING 状态任务...
2026-09-02 09:24:36,960 - agentgate.task.scheduler - INFO - 找到 0 个待执行任务
2026-09-02 09:24:46,971 - agentgate.task.scheduler - INFO - 开始扫描 PENDING 状态任务...
2026-09-02 09:24:46,972 - agentgate.task.scheduler - INFO - 找到 0 个待执行任务
2026-09-02 09:24:56,974 - agentgate.task.scheduler - INFO - 开始扫描 PENDING 状态任务...
2026-09-02 09:24:56,976 - agentgate.task.scheduler - INFO - 找到 0 个待执行任务
2026-09-02 09:25:06,981 - agentgate.task.scheduler - INFO - 开始扫描 PENDING 状态任务...
2026-09-02 09:25:06,982 - agentgate.task.scheduler - INFO - 找到 0 个待执行任务
2026-09-02 09:25:16,987 - agentgate.task.scheduler - INFO - 开始扫描 PENDING 状态任务...
2026-09-02 09:25:16,989 - agentgate.task.scheduler - INFO - 找到 0 个待执行任务
2026-09-02 09:25:27,000 - agentgate.task.scheduler - INFO - 开始扫描 PENDING 状态任务...
2026-09-02 09:25:27,001 - agentgate.task.scheduler - INFO - 找到 0 个待执行任务
2026-09-02 09:25:37,004 - agentgate.task.scheduler - INFO - 开始扫描 PENDING 状态任务...
2026-09-02 09:25:37,006 - agentgate.task.scheduler - INFO - 找到 0 个待执行任务
2026-09-02 09:25:47,022 - agentgate.task.scheduler - INFO - 开始扫描 PENDING 状态任务...
2026-09-02 09:25:47,024 - agentgate.task.scheduler - INFO - 找到 0 个待执行任务
2026-09-02 09:25:57,034 - agentgate.task.scheduler - INFO - 开始扫描 PENDING 状态任务...
2026-09-02 09:25:57,036 - agentgate.task.scheduler - INFO - 找到 0 个待执行任务
2026-09-02 09:26:07,046 - agentgate.task.scheduler - INFO - 开始扫描 PENDING 状态任务...
2026-09-02 09:26:07,048 - agentgate.task.scheduler - INFO - 找到 0 个待执行任务
2026-09-02 09:26:17,064 - agentgate.task.scheduler - INFO - 开始扫描 PENDING 状态任务...
2026-09-02 09:26:17,065 - agentgate.task.scheduler - INFO - 找到 0 个待执行任务
2026-09-02 09:26:27,069 - agentgate.task.scheduler - INFO - 开始扫描 PENDING 状态任务...
2026-09-02 09:26:27,070 - agentgate.task.scheduler - INFO - 找到 0 个待执行任务
2026-09-02 09:26:37,076 - agentgate.task.scheduler - INFO - 开始扫描 PENDING 状态任务...
2026-09-02 09:26:37,078 - agentgate.task.scheduler - INFO - 找到 0 个待执行任务
2026-09-02 09:26:47,081 - agentgate.task.scheduler - INFO - 开始扫描 PENDING 状态任务...
2026-09-02 09:26:47,082 - agentgate.task.scheduler - INFO - 找到 0 个待执行任务
2026-09-02 09:26:57,089 - agentgate.task.scheduler - INFO - 开始扫描 PENDING 状态任务...
2026-09-02 09:26:57,091 - agentgate.task.scheduler - INFO - 找到 0 个待执行任务
2026-09-02 09:27:07,104 - agentgate.task.scheduler - INFO - 开始扫描 PENDING 状态任务...
2026-09-02 09:27:07,106 - agentgate.task.scheduler - INFO - 找到 0 个待执行任务
2026-09-02 09:27:17,121 - agentgate.task.scheduler - INFO - 开始扫描 PENDING 状态任务...
2026-09-02 09:27:17,123 - agentgate.task.scheduler - INFO - 找到 0 个待执行任务
2026-09-02 09:27:27,129 - agentgate.task.scheduler - INFO - 开始扫描 PENDING 状态任务...
2026-09-02 09:27:27,130 - agentgate.task.scheduler - INFO - 找到 0 个待执行任务
2026-09-02 09:27:37,142 - agentgate.task.scheduler - INFO - 开始扫描 PENDING 状态任务...
2026-09-02 09:27:37,143 - agentgate.task.scheduler - INFO - 找到 0 个待执行任务
2026-09-02 09:27:47,147 - agentgate.task.scheduler - INFO - 开始扫描 PENDING 状态任务...
2026-09-02 09:27:47,149 - agentgate.task.scheduler - INFO - 找到 0 个待执行任务
2026-09-02 09:27:57,155 - agentgate.task.scheduler - INFO - 开始扫描 PENDING 状态任务...
2026-09-02 09:27:57,156 - agentgate.task.scheduler - INFO - 找到 0 个待执行任务
2026-09-02 09:28:07,163 - agentgate.task.scheduler - INFO - 开始扫描 PENDING 状态任务...
2026-09-02 09:28:07,164 - agentgate.task.scheduler - INFO - 找到 0 个待执行任务
2026-09-02 09:28:17,174 - agentgate.task.scheduler - INFO - 开始扫描 PENDING 状态任务...
2026-09-02 09:28:17,176 - agentgate.task.scheduler - INFO - 找到 0 个待执行任务
2026-09-02 09:28:27,177 - agentgate.task.scheduler - INFO - 开始扫描 PENDING 状态任务...
2026-09-02 09:28:27,178 - agentgate.task.scheduler - INFO - 找到 0 个待执行任务
2026-09-02 09:28:37,180 - agentgate.task.scheduler - INFO - 开始扫描 PENDING 状态任务...
2026-09-02 09:28:37,182 - agentgate.task.scheduler - INFO - 找到 0 个待执行任务
2026-09-02 09:28:47,185 - agentgate.task.scheduler - INFO - 开始扫描 PENDING 状态任务...
2026-09-02 09:28:47,187 - agentgate.task.scheduler - INFO - 找到 0 个待执行任务
2026-09-02 09:28:57,198 - agentgate.task.scheduler - INFO - 开始扫描 PENDING 状态任务...
2026-09-02 09:28:57,200 - agentgate.task.scheduler - INFO - 找到 0 个待执行任务
2026-09-02 09:29:07,202 - agentgate.task.scheduler - INFO - 开始扫描 PENDING 状态任务...
2026-09-02 09:29:07,203 - agentgate.task.scheduler - INFO - 找到 0 个待执行任务
2026-09-02 09:29:17,209 - agentgate.task.scheduler - INFO - 开始扫描 PENDING 状态任务...
2026-09-02 09:29:17,210 - agentgate.task.scheduler - INFO - 找到 0 个待执行任务
2026-09-02 09:29:27,215 - agentgate.task.scheduler - INFO - 开始扫描 PENDING 状态任务...
2026-09-02 09:29:27,217 - agentgate.task.scheduler - INFO - 找到 0 个待执行任务
2026-09-02 09:29:37,222 - agentgate.task.scheduler - INFO - 开始扫描 PENDING 状态任务...
2026-09-02 09:29:37,223 - agentgate.task.scheduler - INFO - 找到 0 个待执行任务
2026-09-02 09:29:47,236 - agentgate.task.scheduler - INFO - 开始扫描 PENDING 状态任务...
2026-09-02 09:29:47,237 - agentgate.task.scheduler - INFO - 找到 0 个待执行任务
2026-09-02 09:29:57,247 - agentgate.task.scheduler - INFO - 开始扫描 PENDING 状态任务...
2026-09-02 09:29:57,248 - agentgate.task.scheduler - INFO - 找到 0 个待执行任务
2026-09-02 09:30:07,258 - agentgate.task.scheduler - INFO - 开始扫描 PENDING 状态任务...
2026-09-02 09:30:07,259 - agentgate.task.scheduler - INFO - 找到 0 个待执行任务
2026-09-02 09:30:17,266 - agentgate.task.scheduler - INFO - 开始扫描 PENDING 状态任务...
2026-09-02 09:30:17,267 - agentgate.task.scheduler - INFO - 找到 0 个待执行任务
2026-09-02 09:30:27,281 - agentgate.task.scheduler - INFO - 开始扫描 PENDING 状态任务...
2026-09-02 09:30:27,283 - agentgate.task.scheduler - INFO - 找到 0 个待执行任务
2026-09-02 09:30:37,285 - agentgate.task.scheduler - INFO - 开始扫描 PENDING 状态任务...
2026-09-02 09:30:37,287 - agentgate.task.scheduler - INFO - 找到 0 个待执行任务
2026-09-02 09:30:47,296 - agentgate.task.scheduler - INFO - 开始扫描 PENDING 状态任务...
2026-09-02 09:30:47,297 - agentgate.task.scheduler - INFO - 找到 0 个待执行任务
2026-09-02 09:30:57,305 - agentgate.task.scheduler - INFO - 开始扫描 PENDING 状态任务...
2026-09-02 09:30:57,306 - agentgate.task.scheduler - INFO - 找到 0 个待执行任务
2026-09-02 09:31:07,311 - agentgate.task.scheduler - INFO - 开始扫描 PENDING 状态任务...
2026-09-02 09:31:07,313 - agentgate.task.scheduler - INFO - 找到 0 个待执行任务
2026-09-02 09:31:17,327 - agentgate.task.scheduler - INFO - 开始扫描 PENDING 状态任务...
2026-09-02 09:31:17,328 - agentgate.task.scheduler - INFO - 找到 0 个待执行任务
2026-09-02 09:31:27,336 - agentgate.task.scheduler - INFO - 开始扫描 PENDING 状态任务...
2026-09-02 09:31:27,337 - agentgate.task.scheduler - INFO - 找到 0 个待执行任务
2026-09-02 09:31:37,338 - agentgate.task.scheduler - INFO - 开始扫描 PENDING 状态任务...
2026-09-02 09:31:37,339 - agentgate.task.scheduler - INFO - 找到 0 个待执行任务
2026-09-02 09:31:47,351 - agentgate.task.scheduler - INFO - 开始扫描 PENDING 状态任务...
2026-09-02 09:31:47,353 - agentgate.task.scheduler - INFO - 找到 0 个待执行任务
2026-09-02 09:31:57,361 - agentgate.task.scheduler - INFO - 开始扫描 PENDING 状态任务...
2026-09-02 09:31:57,362 - agentgate.task.scheduler - INFO - 找到 0 个待执行任务
2026-09-02 09:32:07,367 - agentgate.task.scheduler - INFO - 开始扫描 PENDING 状态任务...
2026-09-02 09:32:07,368 - agentgate.task.scheduler - INFO - 找到 0 个待执行任务
2026-09-02 09:32:17,383 - agentgate.task.scheduler - INFO - 开始扫描 PENDING 状态任务...
2026-09-02 09:32:17,384 - agentgate.task.scheduler - INFO - 找到 0 个待执行任务
2026-09-02 09:32:27,393 - agentgate.task.scheduler - INFO - 开始扫描 PENDING 状态任务...
2026-09-02 09:32:27,395 - agentgate.task.scheduler - INFO - 找到 0 个待执行任务
2026-09-02 09:32:37,401 - agentgate.task.scheduler - INFO - 开始扫描 PENDING 状态任务...
2026-09-02 09:32:37,403 - agentgate.task.scheduler - INFO - 找到 0 个待执行任务
2026-09-02 09:32:47,406 - agentgate.task.scheduler - INFO - 开始扫描 PENDING 状态任务...
2026-09-02 09:32:47,407 - agentgate.task.scheduler - INFO - 找到 0 个待执行任务
2026-09-02 09:32:57,421 - agentgate.task.scheduler - INFO - 开始扫描 PENDING 状态任务...
2026-09-02 09:32:57,423 - agentgate.task.scheduler - INFO - 找到 0 个待执行任务
2026-09-02 09:33:07,434 - agentgate.task.scheduler - INFO - 开始扫描 PENDING 状态任务...
2026-09-02 09:33:07,434 - agentgate.task.scheduler - INFO - 找到 0 个待执行任务
2026-09-02 09:33:17,439 - agentgate.task.scheduler - INFO - 开始扫描 PENDING 状态任务...
2026-09-02 09:33:17,441 - agentgate.task.scheduler - INFO - 找到 0 个待执行任务
2026-09-02 09:33:27,445 - agentgate.task.scheduler - INFO - 开始扫描 PENDING 状态任务...
2026-09-02 09:33:27,447 - agentgate.task.scheduler - INFO - 找到 0 个待执行任务
2026-09-02 09:33:37,460 - agentgate.task.scheduler - INFO - 开始扫描 PENDING 状态任务...
2026-09-02 09:33:37,462 - agentgate.task.scheduler - INFO - 找到 0 个待执行任务
2026-09-02 09:33:47,477 - agentgate.task.scheduler - INFO - 开始扫描 PENDING 状态任务...
2026-09-02 09:33:47,479 - agentgate.task.scheduler - INFO - 找到 0 个待执行任务
2026-09-02 09:33:57,484 - agentgate.task.scheduler - INFO - 开始扫描 PENDING 状态任务...
2026-09-02 09:33:57,486 - agentgate.task.scheduler - INFO - 找到 0 个待执行任务
2026-09-02 09:34:07,498 - agentgate.task.scheduler - INFO - 开始扫描 PENDING 状态任务...
2026-09-02 09:34:07,499 - agentgate.task.scheduler - INFO - 找到 0 个待执行任务
2026-09-02 09:34:17,509 - agentgate.task.scheduler - INFO - 开始扫描 PENDING 状态任务...
2026-09-02 09:34:17,510 - agentgate.task.scheduler - INFO - 找到 0 个待执行任务
2026-09-02 09:34:27,520 - agentgate.task.scheduler - INFO - 开始扫描 PENDING 状态任务...
2026-09-02 09:34:27,521 - agentgate.task.scheduler - INFO - 找到 0 个待执行任务
2026-09-02 09:34:37,528 - agentgate.task.scheduler - INFO - 开始扫描 PENDING 状态任务...
2026-09-02 09:34:37,529 - agentgate.task.scheduler - INFO - 找到 0 个待执行任务
2026-09-02 09:34:47,537 - agentgate.task.scheduler - INFO - 开始扫描 PENDING 状态任务...
2026-09-02 09:34:47,539 - agentgate.task.scheduler - INFO - 找到 0 个待执行任务
2026-09-02 09:34:57,550 - agentgate.task.scheduler - INFO - 开始扫描 PENDING 状态任务...
2026-09-02 09:34:57,552 - agentgate.task.scheduler - INFO - 找到 0 个待执行任务
2026-09-02 09:35:07,567 - agentgate.task.scheduler - INFO - 开始扫描 PENDING 状态任务...
2026-09-02 09:35:07,568 - agentgate.task.scheduler - INFO - 找到 0 个待执行任务
2026-09-02 09:35:17,573 - agentgate.task.scheduler - INFO - 开始扫描 PENDING 状态任务...
2026-09-02 09:35:17,574 - agentgate.task.scheduler - INFO - 找到 0 个待执行任务
2026-09-02 09:35:27,577 - agentgate.task.scheduler - INFO - 开始扫描 PENDING 状态任务...
2026-09-02 09:35:27,578 - agentgate.task.scheduler - INFO - 找到 0 个待执行任务
2026-09-02 09:35:37,589 - agentgate.task.scheduler - INFO - 开始扫描 PENDING 状态任务...
2026-09-02 09:35:37,590 - agentgate.task.scheduler - INFO - 找到 0 个待执行任务
2026-09-02 09:35:47,594 - agentgate.task.scheduler - INFO - 开始扫描 PENDING 状态任务...
2026-09-02 09:35:47,595 - agentgate.task.scheduler - INFO - 找到 0 个待执行任务
2026-09-02 09:35:57,602 - agentgate.task.scheduler - INFO - 开始扫描 PENDING 状态任务...
2026-09-02 09:35:57,604 - agentgate.task.scheduler - INFO - 找到 0 个待执行任务
2026-09-02 09:36:07,607 - agentgate.task.scheduler - INFO - 开始扫描 PENDING 状态任务...
2026-09-02 09:36:07,609 - agentgate.task.scheduler - INFO - 找到 0 个待执行任务
2026-09-02 09:36:17,617 - agentgate.task.scheduler - INFO - 开始扫描 PENDING 状态任务...
2026-09-02 09:36:17,619 - agentgate.task.scheduler - INFO - 找到 0 个待执行任务
2026-09-02 09:36:27,621 - agentgate.task.scheduler - INFO - 开始扫描 PENDING 状态任务...
2026-09-02 09:36:27,623 - agentgate.task.scheduler - INFO - 找到 0 个待执行任务
2026-09-02 09:36:37,638 - agentgate.task.scheduler - INFO - 开始扫描 PENDING 状态任务...
2026-09-02 09:36:37,639 - agentgate.task.scheduler - INFO - 找到 0 个待执行任务
2026-09-02 09:36:47,655 - agentgate.task.scheduler - INFO - 开始扫描 PENDING 状态任务...
2026-09-02 09:36:47,656 - agentgate.task.scheduler - INFO - 找到 0 个待执行任务
2026-09-02 09:36:57,673 - agentgate.task.scheduler - INFO - 开始扫描 PENDING 状态任务...
2026-09-02 09:36:57,674 - agentgate.task.scheduler - INFO - 找到 0 个待执行任务
2026-09-02 09:37:07,689 - agentgate.task.scheduler - INFO - 开始扫描 PENDING 状态任务...
2026-09-02 09:37:07,690 - agentgate.task.scheduler - INFO - 找到 0 个待执行任务
2026-09-02 09:37:17,700 - agentgate.task.scheduler - INFO - 开始扫描 PENDING 状态任务...
2026-09-02 09:37:17,702 - agentgate.task.scheduler - INFO - 找到 0 个待执行任务
2026-09-02 09:37:27,707 - agentgate.task.scheduler - INFO - 开始扫描 PENDING 状态任务...
2026-09-02 09:37:27,709 - agentgate.task.scheduler - INFO - 找到 0 个待执行任务
2026-09-02 09:37:37,713 - agentgate.task.scheduler - INFO - 开始扫描 PENDING 状态任务...
2026-09-02 09:37:37,715 - agentgate.task.scheduler - INFO - 找到 0 个待执行任务
2026-09-02 09:37:47,717 - agentgate.task.scheduler - INFO - 开始扫描 PENDING 状态任务...
2026-09-02 09:37:47,719 - agentgate.task.scheduler - INFO - 找到 0 个待执行任务
2026-09-02 09:37:57,726 - agentgate.task.scheduler - INFO - 开始扫描 PENDING 状态任务...
2026-09-02 09:37:57,728 - agentgate.task.scheduler - INFO - 找到 0 个待执行任务
2026-09-02 09:38:07,733 - agentgate.task.scheduler - INFO - 开始扫描 PENDING 状态任务...
2026-09-02 09:38:07,735 - agentgate.task.scheduler - INFO - 找到 0 个待执行任务
2026-09-02 09:38:17,750 - agentgate.task.scheduler - INFO - 开始扫描 PENDING 状态任务...
2026-09-02 09:38:17,751 - agentgate.task.scheduler - INFO - 找到 0 个待执行任务
2026-09-02 09:38:27,767 - agentgate.task.scheduler - INFO - 开始扫描 PENDING 状态任务...
2026-09-02 09:38:27,769 - agentgate.task.scheduler - INFO - 找到 0 个待执行任务
2026-09-02 09:38:37,780 - agentgate.task.scheduler - INFO - 开始扫描 PENDING 状态任务...
2026-09-02 09:38:37,781 - agentgate.task.scheduler - INFO - 找到 0 个待执行任务
2026-09-02 09:38:47,785 - agentgate.task.scheduler - INFO - 开始扫描 PENDING 状态任务...
2026-09-02 09:38:47,787 - agentgate.task.scheduler - INFO - 找到 0 个待执行任务
2026-09-02 09:38:57,794 - agentgate.task.scheduler - INFO - 开始扫描 PENDING 状态任务...
2026-09-02 09:38:57,799 - agentgate.task.scheduler - INFO - 找到 0 个待执行任务
2026-09-02 09:39:07,804 - agentgate.task.scheduler - INFO - 开始扫描 PENDING 状态任务...
2026-09-02 09:39:07,805 - agentgate.task.scheduler - INFO - 找到 0 个待执行任务
2026-09-02 09:39:17,817 - agentgate.task.scheduler - INFO - 开始扫描 PENDING 状态任务...
2026-09-02 09:39:17,818 - agentgate.task.scheduler - INFO - 找到 0 个待执行任务
2026-09-02 09:39:27,820 - agentgate.task.scheduler - INFO - 开始扫描 PENDING 状态任务...
2026-09-02 09:39:27,821 - agentgate.task.scheduler - INFO - 找到 0 个待执行任务
2026-09-02 09:39:37,828 - agentgate.task.scheduler - INFO - 开始扫描 PENDING 状态任务...
2026-09-02 09:39:37,830 - agentgate.task.scheduler - INFO - 找到 0 个待执行任务
2026-09-02 09:39:47,838 - agentgate.task.scheduler - INFO - 开始扫描 PENDING 状态任务...
2026-09-02 09:39:47,839 - agentgate.task.scheduler - INFO - 找到 0 个待执行任务
2026-09-02 09:39:57,846 - agentgate.task.scheduler - INFO - 开始扫描 PENDING 状态任务...
2026-09-02 09:39:57,847 - agentgate.task.scheduler - INFO - 找到 0 个待执行任务
2026-09-02 09:40:07,862 - agentgate.task.scheduler - INFO - 开始扫描 PENDING 状态任务...
2026-09-02 09:40:07,864 - agentgate.task.scheduler - INFO - 找到 0 个待执行任务
2026-09-02 09:40:17,877 - agentgate.task.scheduler - INFO - 开始扫描 PENDING 状态任务...
2026-09-02 09:40:17,878 - agentgate.task.scheduler - INFO - 找到 0 个待执行任务
2026-09-02 09:40:27,878 - agentgate.task.scheduler - INFO - 开始扫描 PENDING 状态任务...
2026-09-02 09:40:27,880 - agentgate.task.scheduler - INFO - 找到 0 个待执行任务
2026-09-02 09:40:37,891 - agentgate.task.scheduler - INFO - 开始扫描 PENDING 状态任务...
2026-09-02 09:40:37,893 - agentgate.task.scheduler - INFO - 找到 0 个待执行任务
2026-09-02 09:40:47,894 - agentgate.task.scheduler - INFO - 开始扫描 PENDING 状态任务...
2026-09-02 09:40:47,896 - agentgate.task.scheduler - INFO - 找到 0 个待执行任务
2026-09-02 09:40:57,898 - agentgate.task.scheduler - INFO - 开始扫描 PENDING 状态任务...
2026-09-02 09:40:57,899 - agentgate.task.scheduler - INFO - 找到 0 个待执行任务
2026-09-02 09:41:07,903 - agentgate.task.scheduler - INFO - 开始扫描 PENDING 状态任务...
2026-09-02 09:41:07,905 - agentgate.task.scheduler - INFO - 找到 0 个待执行任务
2026-09-02 09:41:17,912 - agentgate.task.scheduler - INFO - 开始扫描 PENDING 状态任务...
2026-09-02 09:41:17,914 - agentgate.task.scheduler - INFO - 找到 0 个待执行任务
2026-09-02 09:41:27,924 - agentgate.task.scheduler - INFO - 开始扫描 PENDING 状态任务...
2026-09-02 09:41:27,926 - agentgate.task.scheduler - INFO - 找到 0 个待执行任务
2026-09-02 09:41:37,929 - agentgate.task.scheduler - INFO - 开始扫描 PENDING 状态任务...
2026-09-02 09:41:37,930 - agentgate.task.scheduler - INFO - 找到 0 个待执行任务
2026-09-02 09:41:47,941 - agentgate.task.scheduler - INFO - 开始扫描 PENDING 状态任务...
2026-09-02 09:41:47,943 - agentgate.task.scheduler - INFO - 找到 0 个待执行任务
2026-09-02 09:41:57,950 - agentgate.task.scheduler - INFO - 开始扫描 PENDING 状态任务...
2026-09-02 09:41:57,952 - agentgate.task.scheduler - INFO - 找到 0 个待执行任务
2026-09-02 09:42:07,967 - agentgate.task.scheduler - INFO - 开始扫描 PENDING 状态任务...
2026-09-02 09:42:07,969 - agentgate.task.scheduler - INFO - 找到 0 个待执行任务
2026-09-02 09:42:17,984 - agentgate.task.scheduler - INFO - 开始扫描 PENDING 状态任务...
2026-09-02 09:42:17,986 - agentgate.task.scheduler - INFO - 找到 0 个待执行任务
2026-09-02 09:42:28,003 - agentgate.task.scheduler - INFO - 开始扫描 PENDING 状态任务...
2026-09-02 09:42:28,004 - agentgate.task.scheduler - INFO - 找到 0 个待执行任务
2026-09-02 09:42:38,022 - agentgate.task.scheduler - INFO - 开始扫描 PENDING 状态任务...
2026-09-02 09:42:38,023 - agentgate.task.scheduler - INFO - 找到 0 个待执行任务
2026-09-02 09:42:48,049 - agentgate.task.scheduler - INFO - 开始扫描 PENDING 状态任务...
2026-09-02 09:42:48,050 - agentgate.task.scheduler - INFO - 找到 0 个待执行任务
2026-09-02 09:42:58,069 - agentgate.task.scheduler - INFO - 开始扫描 PENDING 状态任务...
2026-09-02 09:42:58,071 - agentgate.task.scheduler - INFO - 找到 0 个待执行任务
2026-09-02 09:43:08,088 - agentgate.task.scheduler - INFO - 开始扫描 PENDING 状态任务...
2026-09-02 09:43:08,089 - agentgate.task.scheduler - INFO - 找到 0 个待执行任务
2026-09-02 09:43:18,107 - agentgate.task.scheduler - INFO - 开始扫描 PENDING 状态任务...
2026-09-02 09:43:18,108 - agentgate.task.scheduler - INFO - 找到 0 个待执行任务
2026-09-02 09:43:28,130 - agentgate.task.scheduler - INFO - 开始扫描 PENDING 状态任务...
2026-09-02 09:43:28,132 - agentgate.task.scheduler - INFO - 找到 0 个待执行任务
2026-09-02 09:43:38,153 - agentgate.task.scheduler - INFO - 开始扫描 PENDING 状态任务...
2026-09-02 09:43:38,155 - agentgate.task.scheduler - INFO - 找到 0 个待执行任务
2026-09-02 09:43:48,177 - agentgate.task.scheduler - INFO - 开始扫描 PENDING 状态任务...
2026-09-02 09:43:48,179 - agentgate.task.scheduler - INFO - 找到 0 个待执行任务
2026-09-02 09:43:58,194 - agentgate.task.scheduler - INFO - 开始扫描 PENDING 状态任务...
2026-09-02 09:43:58,195 - agentgate.task.scheduler - INFO - 找到 0 个待执行任务
2026-09-02 09:44:08,214 - agentgate.task.scheduler - INFO - 开始扫描 PENDING 状态任务...
2026-09-02 09:44:08,215 - agentgate.task.scheduler - INFO - 找到 0 个待执行任务
2026-09-02 09:44:18,232 - agentgate.task.scheduler - INFO - 开始扫描 PENDING 状态任务...
2026-09-02 09:44:18,233 - agentgate.task.scheduler - INFO - 找到 0 个待执行任务
2026-09-02 09:44:28,259 - agentgate.task.scheduler - INFO - 开始扫描 PENDING 状态任务...
2026-09-02 09:44:28,261 - agentgate.task.scheduler - INFO - 找到 0 个待执行任务
2026-09-02 09:44:38,285 - agentgate.task.scheduler - INFO - 开始扫描 PENDING 状态任务...
2026-09-02 09:44:38,286 - agentgate.task.scheduler - INFO - 找到 0 个待执行任务
2026-09-02 09:44:48,304 - agentgate.task.scheduler - INFO - 开始扫描 PENDING 状态任务...
2026-09-02 09:44:48,305 - agentgate.task.scheduler - INFO - 找到 0 个待执行任务
2026-09-02 09:44:58,331 - agentgate.task.scheduler - INFO - 开始扫描 PENDING 状态任务...
2026-09-02 09:44:58,333 - agentgate.task.scheduler - INFO - 找到 0 个待执行任务
2026-09-02 09:45:08,358 - agentgate.task.scheduler - INFO - 开始扫描 PENDING 状态任务...
2026-09-02 09:45:08,360 - agentgate.task.scheduler - INFO - 找到 0 个待执行任务
2026-09-02 09:45:18,377 - agentgate.task.scheduler - INFO - 开始扫描 PENDING 状态任务...
2026-09-02 09:45:18,378 - agentgate.task.scheduler - INFO - 找到 0 个待执行任务
2026-09-02 09:45:28,395 - agentgate.task.scheduler - INFO - 开始扫描 PENDING 状态任务...
2026-09-02 09:45:28,396 - agentgate.task.scheduler - INFO - 找到 0 个待执行任务
2026-09-02 09:45:38,421 - agentgate.task.scheduler - INFO - 开始扫描 PENDING 状态任务...
2026-09-02 09:45:38,423 - agentgate.task.scheduler - INFO - 找到 0 个待执行任务
2026-09-02 09:45:48,449 - agentgate.task.scheduler - INFO - 开始扫描 PENDING 状态任务...
2026-09-02 09:45:48,451 - agentgate.task.scheduler - INFO - 找到 0 个待执行任务
2026-09-02 09:45:58,465 - agentgate.task.scheduler - INFO - 开始扫描 PENDING 状态任务...
2026-09-02 09:45:58,467 - agentgate.task.scheduler - INFO - 找到 0 个待执行任务
2026-09-02 09:46:08,478 - agentgate.task.scheduler - INFO - 开始扫描 PENDING 状态任务...
2026-09-02 09:46:08,480 - agentgate.task.scheduler - INFO - 找到 0 个待执行任务
2026-09-02 09:46:18,501 - agentgate.task.scheduler - INFO - 开始扫描 PENDING 状态任务...
2026-09-02 09:46:18,503 - agentgate.task.scheduler - INFO - 找到 0 个待执行任务
2026-09-02 09:46:28,518 - agentgate.task.scheduler - INFO - 开始扫描 PENDING 状态任务...
2026-09-02 09:46:28,520 - agentgate.task.scheduler - INFO - 找到 0 个待执行任务
2026-09-02 09:46:38,546 - agentgate.task.scheduler - INFO - 开始扫描 PENDING 状态任务...
2026-09-02 09:46:38,547 - agentgate.task.scheduler - INFO - 找到 0 个待执行任务
2026-09-02 09:46:48,564 - agentgate.task.scheduler - INFO - 开始扫描 PENDING 状态任务...
2026-09-02 09:46:48,566 - agentgate.task.scheduler - INFO - 找到 0 个待执行任务
2026-09-02 09:46:58,578 - agentgate.task.scheduler - INFO - 开始扫描 PENDING 状态任务...
2026-09-02 09:46:58,580 - agentgate.task.scheduler - INFO - 找到 0 个待执行任务
2026-09-02 09:47:08,596 - agentgate.task.scheduler - INFO - 开始扫描 PENDING 状态任务...
2026-09-02 09:47:08,598 - agentgate.task.scheduler - INFO - 找到 0 个待执行任务
2026-09-02 09:47:18,604 - agentgate.task.scheduler - INFO - 开始扫描 PENDING 状态任务...
2026-09-02 09:47:18,605 - agentgate.task.scheduler - INFO - 找到 0 个待执行任务
2026-09-02 09:47:28,611 - agentgate.task.scheduler - INFO - 开始扫描 PENDING 状态任务...
2026-09-02 09:47:28,613 - agentgate.task.scheduler - INFO - 找到 0 个待执行任务
2026-09-02 09:47:38,616 - agentgate.task.scheduler - INFO - 开始扫描 PENDING 状态任务...
2026-09-02 09:47:38,618 - agentgate.task.scheduler - INFO - 找到 0 个待执行任务
2026-09-02 09:47:48,619 - agentgate.task.scheduler - INFO - 开始扫描 PENDING 状态任务...
2026-09-02 09:47:48,621 - agentgate.task.scheduler - INFO - 找到 0 个待执行任务
2026-09-02 09:47:58,636 - agentgate.task.scheduler - INFO - 开始扫描 PENDING 状态任务...
2026-09-02 09:47:58,638 - agentgate.task.scheduler - INFO - 找到 0 个待执行任务
2026-09-02 09:48:08,650 - agentgate.task.scheduler - INFO - 开始扫描 PENDING 状态任务...
2026-09-02 09:48:08,652 - agentgate.task.scheduler - INFO - 找到 0 个待执行任务
2026-09-02 09:48:18,656 - agentgate.task.scheduler - INFO - 开始扫描 PENDING 状态任务...
2026-09-02 09:48:18,658 - agentgate.task.scheduler - INFO - 找到 0 个待执行任务
2026-09-02 09:48:28,664 - agentgate.task.scheduler - INFO - 开始扫描 PENDING 状态任务...
2026-09-02 09:48:28,665 - agentgate.task.scheduler - INFO - 找到 0 个待执行任务
2026-09-02 09:48:38,667 - agentgate.task.scheduler - INFO - 开始扫描 PENDING 状态任务...
2026-09-02 09:48:38,668 - agentgate.task.scheduler - INFO - 找到 0 个待执行任务
2026-09-02 09:48:48,678 - agentgate.task.scheduler - INFO - 开始扫描 PENDING 状态任务...
2026-09-02 09:48:48,679 - agentgate.task.scheduler - INFO - 找到 0 个待执行任务
2026-09-02 09:48:58,683 - agentgate.task.scheduler - INFO - 开始扫描 PENDING 状态任务...
2026-09-02 09:48:58,684 - agentgate.task.scheduler - INFO - 找到 0 个待执行任务
2026-09-02 09:49:08,690 - agentgate.task.scheduler - INFO - 开始扫描 PENDING 状态任务...
2026-09-02 09:49:08,692 - agentgate.task.scheduler - INFO - 找到 0 个待执行任务
2026-09-02 09:49:18,704 - agentgate.task.scheduler - INFO - 开始扫描 PENDING 状态任务...
2026-09-02 09:49:18,706 - agentgate.task.scheduler - INFO - 找到 0 个待执行任务
2026-09-02 09:49:28,714 - agentgate.task.scheduler - INFO - 开始扫描 PENDING 状态任务...
2026-09-02 09:49:28,715 - agentgate.task.scheduler - INFO - 找到 0 个待执行任务
2026-09-02 09:49:38,718 - agentgate.task.scheduler - INFO - 开始扫描 PENDING 状态任务...
2026-09-02 09:49:38,719 - agentgate.task.scheduler - INFO - 找到 0 个待执行任务
2026-09-02 09:49:48,731 - agentgate.task.scheduler - INFO - 开始扫描 PENDING 状态任务...
2026-09-02 09:49:48,733 - agentgate.task.scheduler - INFO - 找到 0 个待执行任务
2026-09-02 09:49:58,746 - agentgate.task.scheduler - INFO - 开始扫描 PENDING 状态任务...
2026-09-02 09:49:58,747 - agentgate.task.scheduler - INFO - 找到 0 个待执行任务
2026-09-02 09:50:08,755 - agentgate.task.scheduler - INFO - 开始扫描 PENDING 状态任务...
2026-09-02 09:50:08,756 - agentgate.task.scheduler - INFO - 找到 0 个待执行任务
2026-09-02 09:50:18,767 - agentgate.task.scheduler - INFO - 开始扫描 PENDING 状态任务...
2026-09-02 09:50:18,769 - agentgate.task.scheduler - INFO - 找到 0 个待执行任务
2026-09-02 09:50:28,774 - agentgate.task.scheduler - INFO - 开始扫描 PENDING 状态任务...
2026-09-02 09:50:28,776 - agentgate.task.scheduler - INFO - 找到 0 个待执行任务
2026-09-02 09:50:38,787 - agentgate.task.scheduler - INFO - 开始扫描 PENDING 状态任务...
2026-09-02 09:50:38,788 - agentgate.task.scheduler - INFO - 找到 0 个待执行任务
2026-09-02 09:50:48,798 - agentgate.task.scheduler - INFO - 开始扫描 PENDING 状态任务...
2026-09-02 09:50:48,800 - agentgate.task.scheduler - INFO - 找到 0 个待执行任务
2026-09-02 09:50:58,807 - agentgate.task.scheduler - INFO - 开始扫描 PENDING 状态任务...
2026-09-02 09:50:58,808 - agentgate.task.scheduler - INFO - 找到 0 个待执行任务
2026-09-02 09:51:08,812 - agentgate.task.scheduler - INFO - 开始扫描 PENDING 状态任务...
2026-09-02 09:51:08,814 - agentgate.task.scheduler - INFO - 找到 0 个待执行任务
2026-09-02 09:51:18,816 - agentgate.task.scheduler - INFO - 开始扫描 PENDING 状态任务...
2026-09-02 09:51:18,818 - agentgate.task.scheduler - INFO - 找到 0 个待执行任务
2026-09-02 09:51:28,826 - agentgate.task.scheduler - INFO - 开始扫描 PENDING 状态任务...
2026-09-02 09:51:28,828 - agentgate.task.scheduler - INFO - 找到 0 个待执行任务
2026-09-02 09:51:38,838 - agentgate.task.scheduler - INFO - 开始扫描 PENDING 状态任务...
2026-09-02 09:51:38,839 - agentgate.task.scheduler - INFO - 找到 0 个待执行任务
2026-09-02 09:51:48,845 - agentgate.task.scheduler - INFO - 开始扫描 PENDING 状态任务...
2026-09-02 09:51:48,847 - agentgate.task.scheduler - INFO - 找到 0 个待执行任务
2026-09-02 09:51:58,850 - agentgate.task.scheduler - INFO - 开始扫描 PENDING 状态任务...
2026-09-02 09:51:58,852 - agentgate.task.scheduler - INFO - 找到 0 个待执行任务
2026-09-02 09:52:08,860 - agentgate.task.scheduler - INFO - 开始扫描 PENDING 状态任务...
2026-09-02 09:52:08,861 - agentgate.task.scheduler - INFO - 找到 0 个待执行任务
2026-09-02 09:52:18,869 - agentgate.task.scheduler - INFO - 开始扫描 PENDING 状态任务...
2026-09-02 09:52:18,870 - agentgate.task.scheduler - INFO - 找到 0 个待执行任务
2026-09-02 09:52:28,875 - agentgate.task.scheduler - INFO - 开始扫描 PENDING 状态任务...
2026-09-02 09:52:28,876 - agentgate.task.scheduler - INFO - 找到 0 个待执行任务
2026-09-02 09:52:38,891 - agentgate.task.scheduler - INFO - 开始扫描 PENDING 状态任务...
2026-09-02 09:52:38,892 - agentgate.task.scheduler - INFO - 找到 0 个待执行任务
2026-09-02 09:52:48,907 - agentgate.task.scheduler - INFO - 开始扫描 PENDING 状态任务...
2026-09-02 09:52:48,909 - agentgate.task.scheduler - INFO - 找到 0 个待执行任务
2026-09-02 09:52:58,917 - agentgate.task.scheduler - INFO - 开始扫描 PENDING 状态任务...
2026-09-02 09:52:58,918 - agentgate.task.scheduler - INFO - 找到 0 个待执行任务
2026-09-02 09:53:08,921 - agentgate.task.scheduler - INFO - 开始扫描 PENDING 状态任务...
2026-09-02 09:53:08,922 - agentgate.task.scheduler - INFO - 找到 0 个待执行任务
2026-09-02 09:53:18,925 - agentgate.task.scheduler - INFO - 开始扫描 PENDING 状态任务...
2026-09-02 09:53:18,927 - agentgate.task.scheduler - INFO - 找到 0 个待执行任务
2026-09-02 09:53:28,939 - agentgate.task.scheduler - INFO - 开始扫描 PENDING 状态任务...
2026-09-02 09:53:28,940 - agentgate.task.scheduler - INFO - 找到 0 个待执行任务
2026-09-02 09:53:38,945 - agentgate.task.scheduler - INFO - 开始扫描 PENDING 状态任务...
2026-09-02 09:53:38,946 - agentgate.task.scheduler - INFO - 找到 0 个待执行任务
2026-09-02 09:53:48,957 - agentgate.task.scheduler - INFO - 开始扫描 PENDING 状态任务...
2026-09-02 09:53:48,959 - agentgate.task.scheduler - INFO - 找到 0 个待执行任务
2026-09-02 09:53:58,972 - agentgate.task.scheduler - INFO - 开始扫描 PENDING 状态任务...
2026-09-02 09:53:58,973 - agentgate.task.scheduler - INFO - 找到 0 个待执行任务
2026-09-02 09:54:08,977 - agentgate.task.scheduler - INFO - 开始扫描 PENDING 状态任务...
2026-09-02 09:54:08,979 - agentgate.task.scheduler - INFO - 找到 0 个待执行任务
2026-09-02 09:54:18,989 - agentgate.task.scheduler - INFO - 开始扫描 PENDING 状态任务...
2026-09-02 09:54:18,990 - agentgate.task.scheduler - INFO - 找到 0 个待执行任务
2026-09-02 09:54:29,003 - agentgate.task.scheduler - INFO - 开始扫描 PENDING 状态任务...
2026-09-02 09:54:29,005 - agentgate.task.scheduler - INFO - 找到 0 个待执行任务
2026-09-02 09:54:39,008 - agentgate.task.scheduler - INFO - 开始扫描 PENDING 状态任务...
2026-09-02 09:54:39,010 - agentgate.task.scheduler - INFO - 找到 0 个待执行任务
2026-09-02 09:54:49,023 - agentgate.task.scheduler - INFO - 开始扫描 PENDING 状态任务...
2026-09-02 09:54:49,025 - agentgate.task.scheduler - INFO - 找到 0 个待执行任务
2026-09-02 09:54:59,032 - agentgate.task.scheduler - INFO - 开始扫描 PENDING 状态任务...
2026-09-02 09:54:59,034 - agentgate.task.scheduler - INFO - 找到 0 个待执行任务
2026-09-02 09:55:09,043 - agentgate.task.scheduler - INFO - 开始扫描 PENDING 状态任务...
2026-09-02 09:55:09,045 - agentgate.task.scheduler - INFO - 找到 0 个待执行任务
2026-09-02 09:55:19,051 - agentgate.task.scheduler - INFO - 开始扫描 PENDING 状态任务...
2026-09-02 09:55:19,053 - agentgate.task.scheduler - INFO - 找到 0 个待执行任务
2026-09-02 09:55:29,056 - agentgate.task.scheduler - INFO - 开始扫描 PENDING 状态任务...
2026-09-02 09:55:29,057 - agentgate.task.scheduler - INFO - 找到 0 个待执行任务
2026-09-02 09:55:39,064 - agentgate.task.scheduler - INFO - 开始扫描 PENDING 状态任务...
2026-09-02 09:55:39,065 - agentgate.task.scheduler - INFO - 找到 0 个待执行任务
2026-09-02 09:55:49,075 - agentgate.task.scheduler - INFO - 开始扫描 PENDING 状态任务...
2026-09-02 09:55:49,077 - agentgate.task.scheduler - INFO - 找到 0 个待执行任务
2026-09-02 09:55:59,085 - agentgate.task.scheduler - INFO - 开始扫描 PENDING 状态任务...
2026-09-02 09:55:59,087 - agentgate.task.scheduler - INFO - 找到 0 个待执行任务
2026-09-02 09:56:09,098 - agentgate.task.scheduler - INFO - 开始扫描 PENDING 状态任务...
2026-09-02 09:56:09,099 - agentgate.task.scheduler - INFO - 找到 0 个待执行任务
2026-09-02 09:56:13,474 - src.agentgate.server.application - INFO - 日志系统初始化完成
2026-09-02 09:56:13,474 - src.agentgate.server.application - INFO - 使用数据库: agentgate.db
2026-09-02 09:56:13,528 - src.agentgate.server.application - INFO - 调度器任务已创建
2026-09-02 09:56:13,529 - agentgate.task.scheduler - INFO - 任务调度器已启动，扫描间隔: 10秒
2026-09-02 09:56:13,529 - agentgate.task.service - INFO - 调度器已启动，间隔: 10秒
2026-09-02 09:56:13,529 - agentgate.task.scheduler - INFO - 开始扫描 PENDING 状态任务...
2026-09-02 09:56:13,539 - agentgate.task.scheduler - INFO - 找到 0 个待执行任务
2026-09-02 09:56:23,542 - agentgate.task.scheduler - INFO - 开始扫描 PENDING 状态任务...
2026-09-02 09:56:23,544 - agentgate.task.scheduler - INFO - 找到 0 个待执行任务
2026-09-02 09:56:33,558 - agentgate.task.scheduler - INFO - 开始扫描 PENDING 状态任务...
2026-09-02 09:56:33,560 - agentgate.task.scheduler - INFO - 找到 0 个待执行任务
2026-09-02 09:56:43,568 - agentgate.task.scheduler - INFO - 开始扫描 PENDING 状态任务...
2026-09-02 09:56:43,569 - agentgate.task.scheduler - INFO - 找到 0 个待执行任务
2026-09-02 09:56:53,582 - agentgate.task.scheduler - INFO - 开始扫描 PENDING 状态任务...
2026-09-02 09:56:53,583 - agentgate.task.scheduler - INFO - 找到 0 个待执行任务
2026-09-02 09:57:03,591 - agentgate.task.scheduler - INFO - 开始扫描 PENDING 状态任务...
2026-09-02 09:57:03,593 - agentgate.task.scheduler - INFO - 找到 0 个待执行任务
2026-09-02 09:57:13,595 - agentgate.task.scheduler - INFO - 开始扫描 PENDING 状态任务...
2026-09-02 09:57:13,597 - agentgate.task.scheduler - INFO - 找到 0 个待执行任务
2026-09-02 09:57:23,611 - agentgate.task.scheduler - INFO - 开始扫描 PENDING 状态任务...
2026-09-02 09:57:23,613 - agentgate.task.scheduler - INFO - 找到 0 个待执行任务
2026-09-02 09:57:33,622 - agentgate.task.scheduler - INFO - 开始扫描 PENDING 状态任务...
2026-09-02 09:57:33,623 - agentgate.task.scheduler - INFO - 找到 0 个待执行任务
2026-09-02 09:57:43,630 - agentgate.task.scheduler - INFO - 开始扫描 PENDING 状态任务...
2026-09-02 09:57:43,632 - agentgate.task.scheduler - INFO - 找到 0 个待执行任务
2026-09-02 09:57:53,638 - agentgate.task.scheduler - INFO - 开始扫描 PENDING 状态任务...
2026-09-02 09:57:53,639 - agentgate.task.scheduler - INFO - 找到 0 个待执行任务
2026-09-02 09:58:03,645 - agentgate.task.scheduler - INFO - 开始扫描 PENDING 状态任务...
2026-09-02 09:58:03,647 - agentgate.task.scheduler - INFO - 找到 0 个待执行任务
2026-09-02 09:58:13,659 - agentgate.task.scheduler - INFO - 开始扫描 PENDING 状态任务...
2026-09-02 09:58:13,660 - agentgate.task.scheduler - INFO - 找到 0 个待执行任务
2026-09-02 09:58:23,669 - agentgate.task.scheduler - INFO - 开始扫描 PENDING 状态任务...
2026-09-02 09:58:23,670 - agentgate.task.scheduler - INFO - 找到 0 个待执行任务
2026-09-02 09:58:33,686 - agentgate.task.scheduler - INFO - 开始扫描 PENDING 状态任务...
2026-09-02 09:58:33,688 - agentgate.task.scheduler - INFO - 找到 0 个待执行任务
2026-09-02 09:58:43,690 - agentgate.task.scheduler - INFO - 开始扫描 PENDING 状态任务...
2026-09-02 09:58:43,692 - agentgate.task.scheduler - INFO - 找到 0 个待执行任务
2026-09-02 09:58:53,703 - agentgate.task.scheduler - INFO - 开始扫描 PENDING 状态任务...
2026-09-02 09:58:53,705 - agentgate.task.scheduler - INFO - 找到 0 个待执行任务
2026-09-02 09:59:03,711 - agentgate.task.scheduler - INFO - 开始扫描 PENDING 状态任务...
2026-09-02 09:59:03,712 - agentgate.task.scheduler - INFO - 找到 0 个待执行任务
2026-09-02 09:59:13,717 - agentgate.task.scheduler - INFO - 开始扫描 PENDING 状态任务...
2026-09-02 09:59:13,718 - agentgate.task.scheduler - INFO - 找到 0 个待执行任务
2026-09-02 09:59:23,726 - agentgate.task.scheduler - INFO - 开始扫描 PENDING 状态任务...
2026-09-02 09:59:23,727 - agentgate.task.scheduler - INFO - 找到 0 个待执行任务
2026-09-02 09:59:33,732 - agentgate.task.scheduler - INFO - 开始扫描 PENDING 状态任务...
2026-09-02 09:59:33,734 - agentgate.task.scheduler - INFO - 找到 0 个待执行任务
2026-09-02 09:59:43,744 - agentgate.task.scheduler - INFO - 开始扫描 PENDING 状态任务...
2026-09-02 09:59:43,745 - agentgate.task.scheduler - INFO - 找到 0 个待执行任务
2026-09-02 09:59:53,751 - agentgate.task.scheduler - INFO - 开始扫描 PENDING 状态任务...
2026-09-02 09:59:53,752 - agentgate.task.scheduler - INFO - 找到 0 个待执行任务
2026-09-02 10:00:03,756 - agentgate.task.scheduler - INFO - 开始扫描 PENDING 状态任务...
2026-09-02 10:00:03,757 - agentgate.task.scheduler - INFO - 找到 0 个待执行任务
2026-09-02 10:00:13,764 - agentgate.task.scheduler - INFO - 开始扫描 PENDING 状态任务...
2026-09-02 10:00:13,765 - agentgate.task.scheduler - INFO - 找到 0 个待执行任务
2026-09-02 10:00:23,766 - agentgate.task.scheduler - INFO - 开始扫描 PENDING 状态任务...
2026-09-02 10:00:23,768 - agentgate.task.scheduler - INFO - 找到 0 个待执行任务
2026-09-02 10:00:33,783 - agentgate.task.scheduler - INFO - 开始扫描 PENDING 状态任务...
2026-09-02 10:00:33,785 - agentgate.task.scheduler - INFO - 找到 0 个待执行任务
2026-09-02 10:00:43,790 - agentgate.task.scheduler - INFO - 开始扫描 PENDING 状态任务...
2026-09-02 10:00:43,792 - agentgate.task.scheduler - INFO - 找到 0 个待执行任务
2026-09-02 10:00:53,804 - agentgate.task.scheduler - INFO - 开始扫描 PENDING 状态任务...
2026-09-02 10:00:53,805 - agentgate.task.scheduler - INFO - 找到 0 个待执行任务
2026-09-02 10:01:03,819 - agentgate.task.scheduler - INFO - 开始扫描 PENDING 状态任务...
2026-09-02 10:01:03,821 - agentgate.task.scheduler - INFO - 找到 0 个待执行任务
2026-09-02 10:01:13,833 - agentgate.task.scheduler - INFO - 开始扫描 PENDING 状态任务...
2026-09-02 10:01:13,834 - agentgate.task.scheduler - INFO - 找到 0 个待执行任务
2026-09-02 10:01:23,847 - agentgate.task.scheduler - INFO - 开始扫描 PENDING 状态任务...
2026-09-02 10:01:23,849 - agentgate.task.scheduler - INFO - 找到 0 个待执行任务
2026-09-02 10:01:33,864 - agentgate.task.scheduler - INFO - 开始扫描 PENDING 状态任务...
2026-09-02 10:01:33,866 - agentgate.task.scheduler - INFO - 找到 0 个待执行任务
2026-09-02 10:01:43,874 - agentgate.task.scheduler - INFO - 开始扫描 PENDING 状态任务...
2026-09-02 10:01:43,875 - agentgate.task.scheduler - INFO - 找到 0 个待执行任务
2026-09-02 10:01:53,883 - agentgate.task.scheduler - INFO - 开始扫描 PENDING 状态任务...
2026-09-02 10:01:53,884 - agentgate.task.scheduler - INFO - 找到 0 个待执行任务
2026-09-02 10:02:03,897 - agentgate.task.scheduler - INFO - 开始扫描 PENDING 状态任务...
2026-09-02 10:02:03,899 - agentgate.task.scheduler - INFO - 找到 0 个待执行任务
2026-09-02 10:02:13,903 - agentgate.task.scheduler - INFO - 开始扫描 PENDING 状态任务...
2026-09-02 10:02:13,905 - agentgate.task.scheduler - INFO - 找到 0 个待执行任务
2026-09-02 10:02:23,911 - agentgate.task.scheduler - INFO - 开始扫描 PENDING 状态任务...
2026-09-02 10:02:23,913 - agentgate.task.scheduler - INFO - 找到 0 个待执行任务
2026-09-02 10:02:33,926 - agentgate.task.scheduler - INFO - 开始扫描 PENDING 状态任务...
2026-09-02 10:02:33,928 - agentgate.task.scheduler - INFO - 找到 0 个待执行任务
2026-09-02 10:02:43,931 - agentgate.task.scheduler - INFO - 开始扫描 PENDING 状态任务...
2026-09-02 10:02:43,933 - agentgate.task.scheduler - INFO - 找到 0 个待执行任务
2026-09-02 10:02:53,946 - agentgate.task.scheduler - INFO - 开始扫描 PENDING 状态任务...
2026-09-02 10:02:53,948 - agentgate.task.scheduler - INFO - 找到 0 个待执行任务
2026-09-02 10:03:03,953 - agentgate.task.scheduler - INFO - 开始扫描 PENDING 状态任务...
2026-09-02 10:03:03,955 - agentgate.task.scheduler - INFO - 找到 0 个待执行任务
2026-09-02 10:03:13,960 - agentgate.task.scheduler - INFO - 开始扫描 PENDING 状态任务...
2026-09-02 10:03:13,962 - agentgate.task.scheduler - INFO - 找到 0 个待执行任务
2026-09-02 10:03:23,969 - agentgate.task.scheduler - INFO - 开始扫描 PENDING 状态任务...
2026-09-02 10:03:23,971 - agentgate.task.scheduler - INFO - 找到 0 个待执行任务
2026-09-02 10:03:33,982 - agentgate.task.scheduler - INFO - 开始扫描 PENDING 状态任务...
2026-09-02 10:03:33,984 - agentgate.task.scheduler - INFO - 找到 0 个待执行任务
2026-09-02 10:03:43,988 - agentgate.task.scheduler - INFO - 开始扫描 PENDING 状态任务...
2026-09-02 10:03:43,989 - agentgate.task.scheduler - INFO - 找到 0 个待执行任务
2026-09-02 10:03:53,997 - agentgate.task.scheduler - INFO - 开始扫描 PENDING 状态任务...
2026-09-02 10:03:53,998 - agentgate.task.scheduler - INFO - 找到 0 个待执行任务
2026-09-02 10:04:04,004 - agentgate.task.scheduler - INFO - 开始扫描 PENDING 状态任务...
2026-09-02 10:04:04,005 - agentgate.task.scheduler - INFO - 找到 0 个待执行任务
2026-09-02 10:04:14,021 - agentgate.task.scheduler - INFO - 开始扫描 PENDING 状态任务...
2026-09-02 10:04:14,023 - agentgate.task.scheduler - INFO - 找到 0 个待执行任务
2026-09-02 10:04:24,037 - agentgate.task.scheduler - INFO - 开始扫描 PENDING 状态任务...
2026-09-02 10:04:24,038 - agentgate.task.scheduler - INFO - 找到 0 个待执行任务
2026-09-02 10:04:33,617 - agentgate.task.service - INFO - Created task: 55132c8a-4678-4b8b-baab-31e8d9679bfc, name: 接口测试任务
2026-09-02 10:04:34,043 - agentgate.task.scheduler - INFO - 开始扫描 PENDING 状态任务...
2026-09-02 10:04:34,044 - agentgate.task.scheduler - INFO - 找到 0 个待执行任务
2026-09-02 10:04:44,056 - agentgate.task.scheduler - INFO - 开始扫描 PENDING 状态任务...
2026-09-02 10:04:44,058 - agentgate.task.scheduler - INFO - 找到 0 个待执行任务
2026-09-02 10:04:54,069 - agentgate.task.scheduler - INFO - 开始扫描 PENDING 状态任务...
2026-09-02 10:04:54,071 - agentgate.task.scheduler - INFO - 找到 0 个待执行任务
2026-09-02 10:05:04,080 - agentgate.task.scheduler - INFO - 开始扫描 PENDING 状态任务...
2026-09-02 10:05:04,081 - agentgate.task.scheduler - INFO - 找到 0 个待执行任务
2026-09-02 10:05:14,097 - agentgate.task.scheduler - INFO - 开始扫描 PENDING 状态任务...
2026-09-02 10:05:14,099 - agentgate.task.scheduler - INFO - 找到 0 个待执行任务
2026-09-02 10:05:24,105 - agentgate.task.scheduler - INFO - 开始扫描 PENDING 状态任务...
2026-09-02 10:05:24,107 - agentgate.task.scheduler - INFO - 找到 0 个待执行任务
2026-09-02 10:05:34,108 - agentgate.task.scheduler - INFO - 开始扫描 PENDING 状态任务...
2026-09-02 10:05:34,109 - agentgate.task.scheduler - INFO - 找到 0 个待执行任务
2026-09-02 10:05:44,120 - agentgate.task.scheduler - INFO - 开始扫描 PENDING 状态任务...
2026-09-02 10:05:44,122 - agentgate.task.scheduler - INFO - 找到 0 个待执行任务
2026-09-02 10:05:54,126 - agentgate.task.scheduler - INFO - 开始扫描 PENDING 状态任务...
2026-09-02 10:05:54,127 - agentgate.task.scheduler - INFO - 找到 0 个待执行任务
2026-09-02 10:06:04,139 - agentgate.task.scheduler - INFO - 开始扫描 PENDING 状态任务...
2026-09-02 10:06:04,141 - agentgate.task.scheduler - INFO - 找到 0 个待执行任务
2026-09-02 10:06:14,143 - agentgate.task.scheduler - INFO - 开始扫描 PENDING 状态任务...
2026-09-02 10:06:14,145 - agentgate.task.scheduler - INFO - 找到 0 个待执行任务
2026-09-02 10:06:24,156 - agentgate.task.scheduler - INFO - 开始扫描 PENDING 状态任务...
2026-09-02 10:06:24,157 - agentgate.task.scheduler - INFO - 找到 0 个待执行任务
2026-09-02 10:06:34,163 - agentgate.task.scheduler - INFO - 开始扫描 PENDING 状态任务...
2026-09-02 10:06:34,164 - agentgate.task.scheduler - INFO - 找到 0 个待执行任务
2026-09-02 10:06:44,177 - agentgate.task.scheduler - INFO - 开始扫描 PENDING 状态任务...
2026-09-02 10:06:44,178 - agentgate.task.scheduler - INFO - 找到 0 个待执行任务
2026-09-02 10:06:54,188 - agentgate.task.scheduler - INFO - 开始扫描 PENDING 状态任务...
2026-09-02 10:06:54,190 - agentgate.task.scheduler - INFO - 找到 0 个待执行任务
2026-09-02 10:07:04,190 - agentgate.task.scheduler - INFO - 开始扫描 PENDING 状态任务...
2026-09-02 10:07:04,192 - agentgate.task.scheduler - INFO - 找到 0 个待执行任务
2026-09-02 10:07:14,199 - agentgate.task.scheduler - INFO - 开始扫描 PENDING 状态任务...
2026-09-02 10:07:14,200 - agentgate.task.scheduler - INFO - 找到 0 个待执行任务
2026-09-02 10:07:24,216 - agentgate.task.scheduler - INFO - 开始扫描 PENDING 状态任务...
2026-09-02 10:07:24,217 - agentgate.task.scheduler - INFO - 找到 0 个待执行任务
2026-09-02 10:07:34,231 - agentgate.task.scheduler - INFO - 开始扫描 PENDING 状态任务...
2026-09-02 10:07:34,233 - agentgate.task.scheduler - INFO - 找到 0 个待执行任务
2026-09-02 10:07:44,243 - agentgate.task.scheduler - INFO - 开始扫描 PENDING 状态任务...
2026-09-02 10:07:44,245 - agentgate.task.scheduler - INFO - 找到 0 个待执行任务
2026-09-02 10:07:54,260 - agentgate.task.scheduler - INFO - 开始扫描 PENDING 状态任务...
2026-09-02 10:07:54,262 - agentgate.task.scheduler - INFO - 找到 0 个待执行任务
2026-09-02 10:08:04,269 - agentgate.task.scheduler - INFO - 开始扫描 PENDING 状态任务...
2026-09-02 10:08:04,271 - agentgate.task.scheduler - INFO - 找到 0 个待执行任务
2026-09-02 10:08:14,272 - agentgate.task.scheduler - INFO - 开始扫描 PENDING 状态任务...
2026-09-02 10:08:14,274 - agentgate.task.scheduler - INFO - 找到 0 个待执行任务
2026-09-02 10:08:24,286 - agentgate.task.scheduler - INFO - 开始扫描 PENDING 状态任务...
2026-09-02 10:08:24,288 - agentgate.task.scheduler - INFO - 找到 0 个待执行任务
2026-09-02 10:08:34,301 - agentgate.task.scheduler - INFO - 开始扫描 PENDING 状态任务...
2026-09-02 10:08:34,302 - agentgate.task.scheduler - INFO - 找到 0 个待执行任务
2026-09-02 10:08:44,308 - agentgate.task.scheduler - INFO - 开始扫描 PENDING 状态任务...
2026-09-02 10:08:44,310 - agentgate.task.scheduler - INFO - 找到 0 个待执行任务
2026-09-02 10:08:54,321 - agentgate.task.scheduler - INFO - 开始扫描 PENDING 状态任务...
2026-09-02 10:08:54,322 - agentgate.task.scheduler - INFO - 找到 0 个待执行任务
2026-09-02 10:09:04,329 - agentgate.task.scheduler - INFO - 开始扫描 PENDING 状态任务...
2026-09-02 10:09:04,331 - agentgate.task.scheduler - INFO - 找到 0 个待执行任务
2026-09-02 10:09:14,346 - agentgate.task.scheduler - INFO - 开始扫描 PENDING 状态任务...
2026-09-02 10:09:14,346 - agentgate.task.scheduler - INFO - 找到 0 个待执行任务
2026-09-02 10:09:24,358 - agentgate.task.scheduler - INFO - 开始扫描 PENDING 状态任务...
2026-09-02 10:09:24,359 - agentgate.task.scheduler - INFO - 找到 0 个待执行任务
2026-09-02 10:09:34,365 - agentgate.task.scheduler - INFO - 开始扫描 PENDING 状态任务...
2026-09-02 10:09:34,366 - agentgate.task.scheduler - INFO - 找到 0 个待执行任务
2026-09-02 10:09:44,376 - agentgate.task.scheduler - INFO - 开始扫描 PENDING 状态任务...
2026-09-02 10:09:44,377 - agentgate.task.scheduler - INFO - 找到 0 个待执行任务
2026-09-02 10:09:54,384 - agentgate.task.scheduler - INFO - 开始扫描 PENDING 状态任务...
2026-09-02 10:09:54,385 - agentgate.task.scheduler - INFO - 找到 0 个待执行任务
2026-09-02 10:10:04,401 - agentgate.task.scheduler - INFO - 开始扫描 PENDING 状态任务...
2026-09-02 10:10:04,402 - agentgate.task.scheduler - INFO - 找到 0 个待执行任务
2026-09-02 10:10:14,408 - agentgate.task.scheduler - INFO - 开始扫描 PENDING 状态任务...
2026-09-02 10:10:14,409 - agentgate.task.scheduler - INFO - 找到 0 个待执行任务
2026-09-02 10:10:24,418 - agentgate.task.scheduler - INFO - 开始扫描 PENDING 状态任务...
2026-09-02 10:10:24,420 - agentgate.task.scheduler - INFO - 找到 0 个待执行任务
2026-09-02 10:10:34,429 - agentgate.task.scheduler - INFO - 开始扫描 PENDING 状态任务...
2026-09-02 10:10:34,430 - agentgate.task.scheduler - INFO - 找到 0 个待执行任务
2026-09-02 10:10:44,436 - agentgate.task.scheduler - INFO - 开始扫描 PENDING 状态任务...
2026-09-02 10:10:44,437 - agentgate.task.scheduler - INFO - 找到 0 个待执行任务
2026-09-02 10:10:54,439 - agentgate.task.scheduler - INFO - 开始扫描 PENDING 状态任务...
2026-09-02 10:10:54,441 - agentgate.task.scheduler - INFO - 找到 0 个待执行任务
2026-09-02 10:11:04,450 - agentgate.task.scheduler - INFO - 开始扫描 PENDING 状态任务...
2026-09-02 10:11:04,452 - agentgate.task.scheduler - INFO - 找到 0 个待执行任务
2026-09-02 10:11:14,466 - agentgate.task.scheduler - INFO - 开始扫描 PENDING 状态任务...
2026-09-02 10:11:14,467 - agentgate.task.scheduler - INFO - 找到 0 个待执行任务
2026-09-02 10:11:24,477 - agentgate.task.scheduler - INFO - 开始扫描 PENDING 状态任务...
2026-09-02 10:11:24,479 - agentgate.task.scheduler - INFO - 找到 0 个待执行任务
2026-09-02 10:11:34,483 - agentgate.task.scheduler - INFO - 开始扫描 PENDING 状态任务...
2026-09-02 10:11:34,485 - agentgate.task.scheduler - INFO - 找到 0 个待执行任务
2026-09-02 10:11:44,501 - agentgate.task.scheduler - INFO - 开始扫描 PENDING 状态任务...
2026-09-02 10:11:44,502 - agentgate.task.scheduler - INFO - 找到 0 个待执行任务
2026-09-02 10:11:54,510 - agentgate.task.scheduler - INFO - 开始扫描 PENDING 状态任务...
2026-09-02 10:11:54,511 - agentgate.task.scheduler - INFO - 找到 0 个待执行任务
2026-09-02 10:12:04,514 - agentgate.task.scheduler - INFO - 开始扫描 PENDING 状态任务...
2026-09-02 10:12:04,515 - agentgate.task.scheduler - INFO - 找到 0 个待执行任务
2026-09-02 10:12:14,516 - agentgate.task.scheduler - INFO - 开始扫描 PENDING 状态任务...
2026-09-02 10:12:14,518 - agentgate.task.scheduler - INFO - 找到 0 个待执行任务
2026-09-02 10:12:24,534 - agentgate.task.scheduler - INFO - 开始扫描 PENDING 状态任务...
2026-09-02 10:12:24,536 - agentgate.task.scheduler - INFO - 找到 0 个待执行任务
2026-09-02 10:12:34,541 - agentgate.task.scheduler - INFO - 开始扫描 PENDING 状态任务...
2026-09-02 10:12:34,543 - agentgate.task.scheduler - INFO - 找到 0 个待执行任务
2026-09-02 10:12:44,548 - agentgate.task.scheduler - INFO - 开始扫描 PENDING 状态任务...
2026-09-02 10:12:44,550 - agentgate.task.scheduler - INFO - 找到 0 个待执行任务
2026-09-02 10:12:54,552 - agentgate.task.scheduler - INFO - 开始扫描 PENDING 状态任务...
2026-09-02 10:12:54,554 - agentgate.task.scheduler - INFO - 找到 0 个待执行任务
2026-09-02 10:13:04,558 - agentgate.task.scheduler - INFO - 开始扫描 PENDING 状态任务...
2026-09-02 10:13:04,559 - agentgate.task.scheduler - INFO - 找到 0 个待执行任务
2026-09-02 10:13:14,572 - agentgate.task.scheduler - INFO - 开始扫描 PENDING 状态任务...
2026-09-02 10:13:14,573 - agentgate.task.scheduler - INFO - 找到 0 个待执行任务
2026-09-02 10:13:24,579 - agentgate.task.scheduler - INFO - 开始扫描 PENDING 状态任务...
2026-09-02 10:13:24,580 - agentgate.task.scheduler - INFO - 找到 0 个待执行任务
2026-09-02 10:13:34,589 - agentgate.task.scheduler - INFO - 开始扫描 PENDING 状态任务...
2026-09-02 10:13:34,591 - agentgate.task.scheduler - INFO - 找到 0 个待执行任务
2026-09-02 10:13:44,596 - agentgate.task.scheduler - INFO - 开始扫描 PENDING 状态任务...
2026-09-02 10:13:44,598 - agentgate.task.scheduler - INFO - 找到 0 个待执行任务
2026-09-02 10:13:54,604 - agentgate.task.scheduler - INFO - 开始扫描 PENDING 状态任务...
2026-09-02 10:13:54,605 - agentgate.task.scheduler - INFO - 找到 0 个待执行任务
2026-09-02 10:14:04,617 - agentgate.task.scheduler - INFO - 开始扫描 PENDING 状态任务...
2026-09-02 10:14:04,618 - agentgate.task.scheduler - INFO - 找到 0 个待执行任务
2026-09-02 10:14:14,623 - agentgate.task.scheduler - INFO - 开始扫描 PENDING 状态任务...
2026-09-02 10:14:14,624 - agentgate.task.scheduler - INFO - 找到 0 个待执行任务
2026-09-02 10:14:21,674 - agentgate.task.service - INFO - Created task: 9e72bd67-7453-40d5-80a7-114cff25ebfc, name: eeeee
2026-09-02 10:14:24,637 - agentgate.task.scheduler - INFO - 开始扫描 PENDING 状态任务...
2026-09-02 10:14:24,639 - agentgate.task.scheduler - INFO - 找到 0 个待执行任务
2026-09-02 10:14:27,540 - agentgate.task.service - INFO - Task 9e72bd67-7453-40d5-80a7-114cff25ebfc started, status changed to PENDING
2026-09-02 10:14:34,644 - agentgate.task.scheduler - INFO - 开始扫描 PENDING 状态任务...
2026-09-02 10:14:34,645 - agentgate.task.scheduler - INFO - 找到 1 个待执行任务
2026-09-02 10:14:34,645 - agentgate.task.scheduler - INFO - 开始执行任务: 9e72bd67-7453-40d5-80a7-114cff25ebfc, 名称: eeeee
2026-09-02 10:14:34,646 - agentgate.task.scheduler - INFO - 使用已有执行记录: run_id=8d8cac37-4919-463f-9297-49245b0ad755, run_no=1
2026-09-02 10:14:34,655 - agentgate.task.scheduler - INFO - 任务状态变更为 RUNNING: 9e72bd67-7453-40d5-80a7-114cff25ebfc
2026-09-02 10:14:34,657 - agentgate.task.scheduler - INFO - 通过数据集服务获取了 3 个用例
2026-09-02 10:14:34,657 - agentgate.task.scheduler - INFO - 从数据集加载了 3 个用例
2026-09-02 10:14:34,661 - agentgate.task.scheduler - INFO - 用例执行完成: case_id=0f1278fa-610c-4b92-9426-3639c3477be2, score=85.0
2026-09-02 10:14:34,664 - agentgate.task.scheduler - INFO - 用例执行完成: case_id=c0b24f99-eb66-4d36-8a7e-9fb977660884, score=85.0
2026-09-02 10:14:34,667 - agentgate.task.scheduler - INFO - 用例执行完成: case_id=e78f986a-1d31-46e8-88dc-53fb79298c6c, score=85.0
2026-09-02 10:14:34,675 - agentgate.task.scheduler - INFO - 任务执行完成: 9e72bd67-7453-40d5-80a7-114cff25ebfc, 共执行 3 个用例
2026-09-02 10:14:44,686 - agentgate.task.scheduler - INFO - 开始扫描 PENDING 状态任务...
2026-09-02 10:14:44,687 - agentgate.task.scheduler - INFO - 找到 0 个待执行任务
2026-09-02 10:14:54,702 - agentgate.task.scheduler - INFO - 开始扫描 PENDING 状态任务...
2026-09-02 10:14:54,703 - agentgate.task.scheduler - INFO - 找到 0 个待执行任务
2026-09-02 10:15:04,715 - agentgate.task.scheduler - INFO - 开始扫描 PENDING 状态任务...
2026-09-02 10:15:04,716 - agentgate.task.scheduler - INFO - 找到 0 个待执行任务
2026-09-02 10:15:14,724 - agentgate.task.scheduler - INFO - 开始扫描 PENDING 状态任务...
2026-09-02 10:15:14,725 - agentgate.task.scheduler - INFO - 找到 0 个待执行任务
2026-09-02 10:15:24,733 - agentgate.task.scheduler - INFO - 开始扫描 PENDING 状态任务...
2026-09-02 10:15:24,734 - agentgate.task.scheduler - INFO - 找到 0 个待执行任务
2026-09-02 10:15:34,740 - agentgate.task.scheduler - INFO - 开始扫描 PENDING 状态任务...
2026-09-02 10:15:34,741 - agentgate.task.scheduler - INFO - 找到 0 个待执行任务
2026-09-02 10:15:44,757 - agentgate.task.scheduler - INFO - 开始扫描 PENDING 状态任务...
2026-09-02 10:15:44,759 - agentgate.task.scheduler - INFO - 找到 0 个待执行任务
2026-09-02 10:15:54,771 - agentgate.task.scheduler - INFO - 开始扫描 PENDING 状态任务...
2026-09-02 10:15:54,772 - agentgate.task.scheduler - INFO - 找到 0 个待执行任务
2026-09-02 10:16:04,776 - agentgate.task.scheduler - INFO - 开始扫描 PENDING 状态任务...
2026-09-02 10:16:04,778 - agentgate.task.scheduler - INFO - 找到 0 个待执行任务
2026-09-02 10:16:14,794 - agentgate.task.scheduler - INFO - 开始扫描 PENDING 状态任务...
2026-09-02 10:16:14,796 - agentgate.task.scheduler - INFO - 找到 0 个待执行任务
2026-09-02 10:16:24,801 - agentgate.task.scheduler - INFO - 开始扫描 PENDING 状态任务...
2026-09-02 10:16:24,803 - agentgate.task.scheduler - INFO - 找到 0 个待执行任务
2026-09-02 10:16:34,805 - agentgate.task.scheduler - INFO - 开始扫描 PENDING 状态任务...
2026-09-02 10:16:34,807 - agentgate.task.scheduler - INFO - 找到 0 个待执行任务
2026-09-02 10:16:44,808 - agentgate.task.scheduler - INFO - 开始扫描 PENDING 状态任务...
2026-09-02 10:16:44,810 - agentgate.task.scheduler - INFO - 找到 0 个待执行任务
2026-09-02 10:16:54,817 - agentgate.task.scheduler - INFO - 开始扫描 PENDING 状态任务...
2026-09-02 10:16:54,818 - agentgate.task.scheduler - INFO - 找到 0 个待执行任务
2026-09-02 10:17:04,823 - agentgate.task.scheduler - INFO - 开始扫描 PENDING 状态任务...
2026-09-02 10:17:04,824 - agentgate.task.scheduler - INFO - 找到 0 个待执行任务
2026-09-02 10:17:14,825 - agentgate.task.scheduler - INFO - 开始扫描 PENDING 状态任务...
2026-09-02 10:17:14,827 - agentgate.task.scheduler - INFO - 找到 0 个待执行任务
2026-09-02 10:17:24,832 - agentgate.task.scheduler - INFO - 开始扫描 PENDING 状态任务...
2026-09-02 10:17:24,834 - agentgate.task.scheduler - INFO - 找到 0 个待执行任务
2026-09-02 10:17:34,848 - agentgate.task.scheduler - INFO - 开始扫描 PENDING 状态任务...
2026-09-02 10:17:34,850 - agentgate.task.scheduler - INFO - 找到 0 个待执行任务
2026-09-02 10:17:44,853 - agentgate.task.scheduler - INFO - 开始扫描 PENDING 状态任务...
2026-09-02 10:17:44,855 - agentgate.task.scheduler - INFO - 找到 0 个待执行任务
2026-09-02 10:17:54,856 - agentgate.task.scheduler - INFO - 开始扫描 PENDING 状态任务...
2026-09-02 10:17:54,858 - agentgate.task.scheduler - INFO - 找到 0 个待执行任务
2026-09-02 10:18:04,863 - agentgate.task.scheduler - INFO - 开始扫描 PENDING 状态任务...
2026-09-02 10:18:04,865 - agentgate.task.scheduler - INFO - 找到 0 个待执行任务
2026-09-02 10:18:14,865 - agentgate.task.scheduler - INFO - 开始扫描 PENDING 状态任务...
2026-09-02 10:18:14,866 - agentgate.task.scheduler - INFO - 找到 0 个待执行任务
2026-09-02 10:18:24,880 - agentgate.task.scheduler - INFO - 开始扫描 PENDING 状态任务...
2026-09-02 10:18:24,882 - agentgate.task.scheduler - INFO - 找到 0 个待执行任务
2026-09-02 10:18:34,888 - agentgate.task.scheduler - INFO - 开始扫描 PENDING 状态任务...
2026-09-02 10:18:34,890 - agentgate.task.scheduler - INFO - 找到 0 个待执行任务
2026-09-02 10:18:44,901 - agentgate.task.scheduler - INFO - 开始扫描 PENDING 状态任务...
2026-09-02 10:18:44,903 - agentgate.task.scheduler - INFO - 找到 0 个待执行任务
2026-09-02 10:18:54,913 - agentgate.task.scheduler - INFO - 开始扫描 PENDING 状态任务...
2026-09-02 10:18:54,914 - agentgate.task.scheduler - INFO - 找到 0 个待执行任务
2026-09-02 10:19:04,923 - agentgate.task.scheduler - INFO - 开始扫描 PENDING 状态任务...
2026-09-02 10:19:04,924 - agentgate.task.scheduler - INFO - 找到 0 个待执行任务
2026-09-02 10:19:14,937 - agentgate.task.scheduler - INFO - 开始扫描 PENDING 状态任务...
2026-09-02 10:19:14,939 - agentgate.task.scheduler - INFO - 找到 0 个待执行任务
2026-09-02 10:19:24,940 - agentgate.task.scheduler - INFO - 开始扫描 PENDING 状态任务...
2026-09-02 10:19:24,942 - agentgate.task.scheduler - INFO - 找到 0 个待执行任务
2026-09-02 10:19:34,951 - agentgate.task.scheduler - INFO - 开始扫描 PENDING 状态任务...
2026-09-02 10:19:34,952 - agentgate.task.scheduler - INFO - 找到 0 个待执行任务
2026-09-02 10:19:44,966 - agentgate.task.scheduler - INFO - 开始扫描 PENDING 状态任务...
2026-09-02 10:19:44,967 - agentgate.task.scheduler - INFO - 找到 0 个待执行任务
2026-09-02 10:19:54,968 - agentgate.task.scheduler - INFO - 开始扫描 PENDING 状态任务...
2026-09-02 10:19:54,969 - agentgate.task.scheduler - INFO - 找到 0 个待执行任务
2026-09-02 10:20:04,974 - agentgate.task.scheduler - INFO - 开始扫描 PENDING 状态任务...
2026-09-02 10:20:04,976 - agentgate.task.scheduler - INFO - 找到 0 个待执行任务
2026-09-02 10:20:14,980 - agentgate.task.scheduler - INFO - 开始扫描 PENDING 状态任务...
2026-09-02 10:20:14,982 - agentgate.task.scheduler - INFO - 找到 0 个待执行任务
2026-09-02 10:20:24,997 - agentgate.task.scheduler - INFO - 开始扫描 PENDING 状态任务...
2026-09-02 10:20:24,999 - agentgate.task.scheduler - INFO - 找到 0 个待执行任务
2026-09-02 10:20:35,000 - agentgate.task.scheduler - INFO - 开始扫描 PENDING 状态任务...
2026-09-02 10:20:35,002 - agentgate.task.scheduler - INFO - 找到 0 个待执行任务
2026-09-02 10:20:45,006 - agentgate.task.scheduler - INFO - 开始扫描 PENDING 状态任务...
2026-09-02 10:20:45,007 - agentgate.task.scheduler - INFO - 找到 0 个待执行任务
2026-09-02 10:20:55,012 - agentgate.task.scheduler - INFO - 开始扫描 PENDING 状态任务...
2026-09-02 10:20:55,015 - agentgate.task.scheduler - INFO - 找到 0 个待执行任务
2026-09-02 10:21:05,028 - agentgate.task.scheduler - INFO - 开始扫描 PENDING 状态任务...
2026-09-02 10:21:05,030 - agentgate.task.scheduler - INFO - 找到 0 个待执行任务
2026-09-02 10:21:15,046 - agentgate.task.scheduler - INFO - 开始扫描 PENDING 状态任务...
2026-09-02 10:21:15,048 - agentgate.task.scheduler - INFO - 找到 0 个待执行任务
2026-09-02 10:21:25,054 - agentgate.task.scheduler - INFO - 开始扫描 PENDING 状态任务...
2026-09-02 10:21:25,056 - agentgate.task.scheduler - INFO - 找到 0 个待执行任务
2026-09-02 10:21:35,066 - agentgate.task.scheduler - INFO - 开始扫描 PENDING 状态任务...
2026-09-02 10:21:35,068 - agentgate.task.scheduler - INFO - 找到 0 个待执行任务
2026-09-02 10:21:45,071 - agentgate.task.scheduler - INFO - 开始扫描 PENDING 状态任务...
2026-09-02 10:21:45,072 - agentgate.task.scheduler - INFO - 找到 0 个待执行任务
2026-09-02 10:21:55,074 - agentgate.task.scheduler - INFO - 开始扫描 PENDING 状态任务...
2026-09-02 10:21:55,076 - agentgate.task.scheduler - INFO - 找到 0 个待执行任务
2026-09-02 10:22:05,081 - agentgate.task.scheduler - INFO - 开始扫描 PENDING 状态任务...
2026-09-02 10:22:05,082 - agentgate.task.scheduler - INFO - 找到 0 个待执行任务
2026-09-02 10:22:15,097 - agentgate.task.scheduler - INFO - 开始扫描 PENDING 状态任务...
2026-09-02 10:22:15,098 - agentgate.task.scheduler - INFO - 找到 0 个待执行任务
2026-09-02 10:22:25,099 - agentgate.task.scheduler - INFO - 开始扫描 PENDING 状态任务...
2026-09-02 10:22:25,100 - agentgate.task.scheduler - INFO - 找到 0 个待执行任务
2026-09-02 10:22:35,117 - agentgate.task.scheduler - INFO - 开始扫描 PENDING 状态任务...
2026-09-02 10:22:35,118 - agentgate.task.scheduler - INFO - 找到 0 个待执行任务
2026-09-02 10:22:45,130 - agentgate.task.scheduler - INFO - 开始扫描 PENDING 状态任务...
2026-09-02 10:22:45,131 - agentgate.task.scheduler - INFO - 找到 0 个待执行任务
2026-09-02 10:22:55,137 - agentgate.task.scheduler - INFO - 开始扫描 PENDING 状态任务...
2026-09-02 10:22:55,139 - agentgate.task.scheduler - INFO - 找到 0 个待执行任务
2026-09-02 10:23:05,142 - agentgate.task.scheduler - INFO - 开始扫描 PENDING 状态任务...
2026-09-02 10:23:05,143 - agentgate.task.scheduler - INFO - 找到 0 个待执行任务
2026-09-02 10:23:15,144 - agentgate.task.scheduler - INFO - 开始扫描 PENDING 状态任务...
2026-09-02 10:23:15,146 - agentgate.task.scheduler - INFO - 找到 0 个待执行任务
2026-09-02 10:23:25,149 - agentgate.task.scheduler - INFO - 开始扫描 PENDING 状态任务...
2026-09-02 10:23:25,152 - agentgate.task.scheduler - INFO - 找到 0 个待执行任务
2026-09-02 10:23:35,163 - agentgate.task.scheduler - INFO - 开始扫描 PENDING 状态任务...
2026-09-02 10:23:35,164 - agentgate.task.scheduler - INFO - 找到 0 个待执行任务
2026-09-02 10:23:45,181 - agentgate.task.scheduler - INFO - 开始扫描 PENDING 状态任务...
2026-09-02 10:23:45,182 - agentgate.task.scheduler - INFO - 找到 0 个待执行任务
2026-09-02 10:23:55,198 - agentgate.task.scheduler - INFO - 开始扫描 PENDING 状态任务...
2026-09-02 10:23:55,199 - agentgate.task.scheduler - INFO - 找到 0 个待执行任务
2026-09-02 10:24:05,208 - agentgate.task.scheduler - INFO - 开始扫描 PENDING 状态任务...
2026-09-02 10:24:05,210 - agentgate.task.scheduler - INFO - 找到 0 个待执行任务
2026-09-02 10:24:15,213 - agentgate.task.scheduler - INFO - 开始扫描 PENDING 状态任务...
2026-09-02 10:24:15,214 - agentgate.task.scheduler - INFO - 找到 0 个待执行任务
2026-09-02 10:24:25,222 - agentgate.task.scheduler - INFO - 开始扫描 PENDING 状态任务...
2026-09-02 10:24:25,223 - agentgate.task.scheduler - INFO - 找到 0 个待执行任务
2026-09-02 10:24:35,237 - agentgate.task.scheduler - INFO - 开始扫描 PENDING 状态任务...
2026-09-02 10:24:35,238 - agentgate.task.scheduler - INFO - 找到 0 个待执行任务
2026-09-02 10:24:45,248 - agentgate.task.scheduler - INFO - 开始扫描 PENDING 状态任务...
2026-09-02 10:24:45,250 - agentgate.task.scheduler - INFO - 找到 0 个待执行任务
2026-09-02 10:24:55,255 - agentgate.task.scheduler - INFO - 开始扫描 PENDING 状态任务...
2026-09-02 10:24:55,256 - agentgate.task.scheduler - INFO - 找到 0 个待执行任务
2026-09-02 10:25:05,265 - agentgate.task.scheduler - INFO - 开始扫描 PENDING 状态任务...
2026-09-02 10:25:05,266 - agentgate.task.scheduler - INFO - 找到 0 个待执行任务
2026-09-02 10:25:15,279 - agentgate.task.scheduler - INFO - 开始扫描 PENDING 状态任务...
2026-09-02 10:25:15,281 - agentgate.task.scheduler - INFO - 找到 0 个待执行任务
2026-09-02 10:25:25,284 - agentgate.task.scheduler - INFO - 开始扫描 PENDING 状态任务...
2026-09-02 10:25:25,285 - agentgate.task.scheduler - INFO - 找到 0 个待执行任务
2026-09-02 10:25:35,292 - agentgate.task.scheduler - INFO - 开始扫描 PENDING 状态任务...
2026-09-02 10:25:35,293 - agentgate.task.scheduler - INFO - 找到 0 个待执行任务
2026-09-02 10:25:45,294 - agentgate.task.scheduler - INFO - 开始扫描 PENDING 状态任务...
2026-09-02 10:25:45,296 - agentgate.task.scheduler - INFO - 找到 0 个待执行任务
2026-09-02 10:25:55,311 - agentgate.task.scheduler - INFO - 开始扫描 PENDING 状态任务...
2026-09-02 10:25:55,313 - agentgate.task.scheduler - INFO - 找到 0 个待执行任务
2026-09-02 10:26:05,325 - agentgate.task.scheduler - INFO - 开始扫描 PENDING 状态任务...
2026-09-02 10:26:05,327 - agentgate.task.scheduler - INFO - 找到 0 个待执行任务
2026-09-02 10:26:15,341 - agentgate.task.scheduler - INFO - 开始扫描 PENDING 状态任务...
2026-09-02 10:26:15,342 - agentgate.task.scheduler - INFO - 找到 0 个待执行任务
2026-09-02 10:26:25,346 - agentgate.task.scheduler - INFO - 开始扫描 PENDING 状态任务...
2026-09-02 10:26:25,348 - agentgate.task.scheduler - INFO - 找到 0 个待执行任务
2026-09-02 10:26:35,356 - agentgate.task.scheduler - INFO - 开始扫描 PENDING 状态任务...
2026-09-02 10:26:35,357 - agentgate.task.scheduler - INFO - 找到 0 个待执行任务
2026-09-02 10:26:45,365 - agentgate.task.scheduler - INFO - 开始扫描 PENDING 状态任务...
2026-09-02 10:26:45,366 - agentgate.task.scheduler - INFO - 找到 0 个待执行任务
2026-09-02 10:26:55,370 - agentgate.task.scheduler - INFO - 开始扫描 PENDING 状态任务...
2026-09-02 10:26:55,371 - agentgate.task.scheduler - INFO - 找到 0 个待执行任务
2026-09-02 10:27:05,378 - agentgate.task.scheduler - INFO - 开始扫描 PENDING 状态任务...
2026-09-02 10:27:05,379 - agentgate.task.scheduler - INFO - 找到 0 个待执行任务
2026-09-02 10:27:15,387 - agentgate.task.scheduler - INFO - 开始扫描 PENDING 状态任务...
2026-09-02 10:27:15,389 - agentgate.task.scheduler - INFO - 找到 0 个待执行任务
2026-09-02 10:27:25,399 - agentgate.task.scheduler - INFO - 开始扫描 PENDING 状态任务...
2026-09-02 10:27:25,401 - agentgate.task.scheduler - INFO - 找到 0 个待执行任务
2026-09-02 10:27:35,410 - agentgate.task.scheduler - INFO - 开始扫描 PENDING 状态任务...
2026-09-02 10:27:35,412 - agentgate.task.scheduler - INFO - 找到 0 个待执行任务
2026-09-02 10:27:45,424 - agentgate.task.scheduler - INFO - 开始扫描 PENDING 状态任务...
2026-09-02 10:27:45,426 - agentgate.task.scheduler - INFO - 找到 0 个待执行任务
2026-09-02 10:27:55,437 - agentgate.task.scheduler - INFO - 开始扫描 PENDING 状态任务...
2026-09-02 10:27:55,438 - agentgate.task.scheduler - INFO - 找到 0 个待执行任务
2026-09-02 10:28:05,439 - agentgate.task.scheduler - INFO - 开始扫描 PENDING 状态任务...
2026-09-02 10:28:05,440 - agentgate.task.scheduler - INFO - 找到 0 个待执行任务
2026-09-02 10:28:15,455 - agentgate.task.scheduler - INFO - 开始扫描 PENDING 状态任务...
2026-09-02 10:28:15,457 - agentgate.task.scheduler - INFO - 找到 0 个待执行任务
2026-09-02 10:28:25,463 - agentgate.task.scheduler - INFO - 开始扫描 PENDING 状态任务...
2026-09-02 10:28:25,464 - agentgate.task.scheduler - INFO - 找到 0 个待执行任务
2026-09-02 10:28:35,466 - agentgate.task.scheduler - INFO - 开始扫描 PENDING 状态任务...
2026-09-02 10:28:35,467 - agentgate.task.scheduler - INFO - 找到 0 个待执行任务
2026-09-02 10:28:45,477 - agentgate.task.scheduler - INFO - 开始扫描 PENDING 状态任务...
2026-09-02 10:28:45,479 - agentgate.task.scheduler - INFO - 找到 0 个待执行任务
2026-09-02 10:28:55,480 - agentgate.task.scheduler - INFO - 开始扫描 PENDING 状态任务...
2026-09-02 10:28:55,481 - agentgate.task.scheduler - INFO - 找到 0 个待执行任务
2026-09-02 10:29:05,484 - agentgate.task.scheduler - INFO - 开始扫描 PENDING 状态任务...
2026-09-02 10:29:05,486 - agentgate.task.scheduler - INFO - 找到 0 个待执行任务
2026-09-02 10:29:15,497 - agentgate.task.scheduler - INFO - 开始扫描 PENDING 状态任务...
2026-09-02 10:29:15,499 - agentgate.task.scheduler - INFO - 找到 0 个待执行任务
2026-09-02 10:29:25,501 - agentgate.task.scheduler - INFO - 开始扫描 PENDING 状态任务...
2026-09-02 10:29:25,502 - agentgate.task.scheduler - INFO - 找到 0 个待执行任务
2026-09-02 10:29:35,510 - agentgate.task.scheduler - INFO - 开始扫描 PENDING 状态任务...
2026-09-02 10:29:35,511 - agentgate.task.scheduler - INFO - 找到 0 个待执行任务
2026-09-02 10:29:45,519 - agentgate.task.scheduler - INFO - 开始扫描 PENDING 状态任务...
2026-09-02 10:29:45,520 - agentgate.task.scheduler - INFO - 找到 0 个待执行任务
2026-09-02 10:29:55,536 - agentgate.task.scheduler - INFO - 开始扫描 PENDING 状态任务...
2026-09-02 10:29:55,537 - agentgate.task.scheduler - INFO - 找到 0 个待执行任务
2026-09-02 10:30:05,548 - agentgate.task.scheduler - INFO - 开始扫描 PENDING 状态任务...
2026-09-02 10:30:05,549 - agentgate.task.scheduler - INFO - 找到 0 个待执行任务
2026-09-02 10:30:15,565 - agentgate.task.scheduler - INFO - 开始扫描 PENDING 状态任务...
2026-09-02 10:30:15,566 - agentgate.task.scheduler - INFO - 找到 0 个待执行任务
2026-09-02 10:30:25,576 - agentgate.task.scheduler - INFO - 开始扫描 PENDING 状态任务...
2026-09-02 10:30:25,578 - agentgate.task.scheduler - INFO - 找到 0 个待执行任务
2026-09-02 10:30:35,586 - agentgate.task.scheduler - INFO - 开始扫描 PENDING 状态任务...
2026-09-02 10:30:35,587 - agentgate.task.scheduler - INFO - 找到 0 个待执行任务
2026-09-02 10:30:45,603 - agentgate.task.scheduler - INFO - 开始扫描 PENDING 状态任务...
2026-09-02 10:30:45,605 - agentgate.task.scheduler - INFO - 找到 0 个待执行任务
2026-09-02 10:30:55,614 - agentgate.task.scheduler - INFO - 开始扫描 PENDING 状态任务...
2026-09-02 10:30:55,615 - agentgate.task.scheduler - INFO - 找到 0 个待执行任务
2026-09-02 10:31:05,628 - agentgate.task.scheduler - INFO - 开始扫描 PENDING 状态任务...
2026-09-02 10:31:05,630 - agentgate.task.scheduler - INFO - 找到 0 个待执行任务
2026-09-02 10:31:15,639 - agentgate.task.scheduler - INFO - 开始扫描 PENDING 状态任务...
2026-09-02 10:31:15,641 - agentgate.task.scheduler - INFO - 找到 0 个待执行任务
2026-09-02 10:31:25,651 - agentgate.task.scheduler - INFO - 开始扫描 PENDING 状态任务...
2026-09-02 10:31:25,653 - agentgate.task.scheduler - INFO - 找到 0 个待执行任务
2026-09-02 10:31:35,662 - agentgate.task.scheduler - INFO - 开始扫描 PENDING 状态任务...
2026-09-02 10:31:35,664 - agentgate.task.scheduler - INFO - 找到 0 个待执行任务
2026-09-02 10:31:45,666 - agentgate.task.scheduler - INFO - 开始扫描 PENDING 状态任务...
2026-09-02 10:31:45,668 - agentgate.task.scheduler - INFO - 找到 0 个待执行任务
2026-09-02 10:31:55,673 - agentgate.task.scheduler - INFO - 开始扫描 PENDING 状态任务...
2026-09-02 10:31:55,674 - agentgate.task.scheduler - INFO - 找到 0 个待执行任务
2026-09-02 10:32:05,685 - agentgate.task.scheduler - INFO - 开始扫描 PENDING 状态任务...
2026-09-02 10:32:05,687 - agentgate.task.scheduler - INFO - 找到 0 个待执行任务
2026-09-02 10:32:15,700 - agentgate.task.scheduler - INFO - 开始扫描 PENDING 状态任务...
2026-09-02 10:32:15,701 - agentgate.task.scheduler - INFO - 找到 0 个待执行任务
2026-09-02 10:32:25,714 - agentgate.task.scheduler - INFO - 开始扫描 PENDING 状态任务...
2026-09-02 10:32:25,716 - agentgate.task.scheduler - INFO - 找到 0 个待执行任务
2026-09-02 10:32:35,724 - agentgate.task.scheduler - INFO - 开始扫描 PENDING 状态任务...
2026-09-02 10:32:35,725 - agentgate.task.scheduler - INFO - 找到 0 个待执行任务
2026-09-02 10:32:45,734 - agentgate.task.scheduler - INFO - 开始扫描 PENDING 状态任务...
2026-09-02 10:32:45,735 - agentgate.task.scheduler - INFO - 找到 0 个待执行任务
2026-09-02 10:32:55,745 - agentgate.task.scheduler - INFO - 开始扫描 PENDING 状态任务...
2026-09-02 10:32:55,746 - agentgate.task.scheduler - INFO - 找到 0 个待执行任务
2026-09-02 10:33:05,761 - agentgate.task.scheduler - INFO - 开始扫描 PENDING 状态任务...
2026-09-02 10:33:05,762 - agentgate.task.scheduler - INFO - 找到 0 个待执行任务
2026-09-02 10:33:15,778 - agentgate.task.scheduler - INFO - 开始扫描 PENDING 状态任务...
2026-09-02 10:33:15,779 - agentgate.task.scheduler - INFO - 找到 0 个待执行任务
2026-09-02 10:33:25,796 - agentgate.task.scheduler - INFO - 开始扫描 PENDING 状态任务...
2026-09-02 10:33:25,797 - agentgate.task.scheduler - INFO - 找到 0 个待执行任务
2026-09-02 10:33:35,803 - agentgate.task.scheduler - INFO - 开始扫描 PENDING 状态任务...
2026-09-02 10:33:35,804 - agentgate.task.scheduler - INFO - 找到 0 个待执行任务
2026-09-02 10:33:45,810 - agentgate.task.scheduler - INFO - 开始扫描 PENDING 状态任务...
2026-09-02 10:33:45,812 - agentgate.task.scheduler - INFO - 找到 0 个待执行任务
2026-09-02 10:33:55,821 - agentgate.task.scheduler - INFO - 开始扫描 PENDING 状态任务...
2026-09-02 10:33:55,823 - agentgate.task.scheduler - INFO - 找到 0 个待执行任务
2026-09-02 10:34:05,825 - agentgate.task.scheduler - INFO - 开始扫描 PENDING 状态任务...
2026-09-02 10:34:05,826 - agentgate.task.scheduler - INFO - 找到 0 个待执行任务
2026-09-02 10:34:15,833 - agentgate.task.scheduler - INFO - 开始扫描 PENDING 状态任务...
2026-09-02 10:34:15,834 - agentgate.task.scheduler - INFO - 找到 0 个待执行任务
2026-09-02 10:34:25,839 - agentgate.task.scheduler - INFO - 开始扫描 PENDING 状态任务...
2026-09-02 10:34:25,840 - agentgate.task.scheduler - INFO - 找到 0 个待执行任务
2026-09-02 10:34:35,843 - agentgate.task.scheduler - INFO - 开始扫描 PENDING 状态任务...
2026-09-02 10:34:35,845 - agentgate.task.scheduler - INFO - 找到 0 个待执行任务
2026-09-02 10:34:45,848 - agentgate.task.scheduler - INFO - 开始扫描 PENDING 状态任务...
2026-09-02 10:34:45,849 - agentgate.task.scheduler - INFO - 找到 0 个待执行任务
2026-09-02 10:34:55,855 - agentgate.task.scheduler - INFO - 开始扫描 PENDING 状态任务...
2026-09-02 10:34:55,856 - agentgate.task.scheduler - INFO - 找到 0 个待执行任务
2026-09-02 10:35:05,860 - agentgate.task.scheduler - INFO - 开始扫描 PENDING 状态任务...
2026-09-02 10:35:05,861 - agentgate.task.scheduler - INFO - 找到 0 个待执行任务
2026-09-02 10:35:15,867 - agentgate.task.scheduler - INFO - 开始扫描 PENDING 状态任务...
2026-09-02 10:35:15,868 - agentgate.task.scheduler - INFO - 找到 0 个待执行任务
2026-09-02 10:35:25,873 - agentgate.task.scheduler - INFO - 开始扫描 PENDING 状态任务...
2026-09-02 10:35:25,875 - agentgate.task.scheduler - INFO - 找到 0 个待执行任务
2026-09-02 10:35:35,890 - agentgate.task.scheduler - INFO - 开始扫描 PENDING 状态任务...
2026-09-02 10:35:35,892 - agentgate.task.scheduler - INFO - 找到 0 个待执行任务
2026-09-02 10:35:45,900 - agentgate.task.scheduler - INFO - 开始扫描 PENDING 状态任务...
2026-09-02 10:35:45,902 - agentgate.task.scheduler - INFO - 找到 0 个待执行任务
2026-09-02 10:35:55,907 - agentgate.task.scheduler - INFO - 开始扫描 PENDING 状态任务...
2026-09-02 10:35:55,908 - agentgate.task.scheduler - INFO - 找到 0 个待执行任务
2026-09-02 10:36:05,921 - agentgate.task.scheduler - INFO - 开始扫描 PENDING 状态任务...
2026-09-02 10:36:05,923 - agentgate.task.scheduler - INFO - 找到 0 个待执行任务
2026-09-02 10:36:15,936 - agentgate.task.scheduler - INFO - 开始扫描 PENDING 状态任务...
2026-09-02 10:36:15,937 - agentgate.task.scheduler - INFO - 找到 0 个待执行任务
2026-09-02 10:36:25,953 - agentgate.task.scheduler - INFO - 开始扫描 PENDING 状态任务...
2026-09-02 10:36:25,955 - agentgate.task.scheduler - INFO - 找到 0 个待执行任务
2026-09-02 10:36:35,960 - agentgate.task.scheduler - INFO - 开始扫描 PENDING 状态任务...
2026-09-02 10:36:35,962 - agentgate.task.scheduler - INFO - 找到 0 个待执行任务
2026-09-02 10:36:45,977 - agentgate.task.scheduler - INFO - 开始扫描 PENDING 状态任务...
2026-09-02 10:36:45,978 - agentgate.task.scheduler - INFO - 找到 0 个待执行任务
2026-09-02 10:36:55,994 - agentgate.task.scheduler - INFO - 开始扫描 PENDING 状态任务...
2026-09-02 10:36:55,996 - agentgate.task.scheduler - INFO - 找到 0 个待执行任务
2026-09-02 10:37:05,997 - agentgate.task.scheduler - INFO - 开始扫描 PENDING 状态任务...
2026-09-02 10:37:05,999 - agentgate.task.scheduler - INFO - 找到 0 个待执行任务
2026-09-02 10:37:16,001 - agentgate.task.scheduler - INFO - 开始扫描 PENDING 状态任务...
2026-09-02 10:37:16,002 - agentgate.task.scheduler - INFO - 找到 0 个待执行任务
2026-09-02 10:37:26,014 - agentgate.task.scheduler - INFO - 开始扫描 PENDING 状态任务...
2026-09-02 10:37:26,015 - agentgate.task.scheduler - INFO - 找到 0 个待执行任务
2026-09-02 10:37:36,022 - agentgate.task.scheduler - INFO - 开始扫描 PENDING 状态任务...
2026-09-02 10:37:36,023 - agentgate.task.scheduler - INFO - 找到 0 个待执行任务
2026-09-02 10:37:46,028 - agentgate.task.scheduler - INFO - 开始扫描 PENDING 状态任务...
2026-09-02 10:37:46,030 - agentgate.task.scheduler - INFO - 找到 0 个待执行任务
2026-09-02 10:37:56,045 - agentgate.task.scheduler - INFO - 开始扫描 PENDING 状态任务...
2026-09-02 10:37:56,047 - agentgate.task.scheduler - INFO - 找到 0 个待执行任务
2026-09-02 10:38:06,056 - agentgate.task.scheduler - INFO - 开始扫描 PENDING 状态任务...
2026-09-02 10:38:06,058 - agentgate.task.scheduler - INFO - 找到 0 个待执行任务
2026-09-02 10:38:16,071 - agentgate.task.scheduler - INFO - 开始扫描 PENDING 状态任务...
2026-09-02 10:38:16,073 - agentgate.task.scheduler - INFO - 找到 0 个待执行任务
2026-09-02 10:38:26,075 - agentgate.task.scheduler - INFO - 开始扫描 PENDING 状态任务...
2026-09-02 10:38:26,077 - agentgate.task.scheduler - INFO - 找到 0 个待执行任务
2026-09-02 10:38:36,090 - agentgate.task.scheduler - INFO - 开始扫描 PENDING 状态任务...
2026-09-02 10:38:36,091 - agentgate.task.scheduler - INFO - 找到 0 个待执行任务
2026-09-02 10:38:46,106 - agentgate.task.scheduler - INFO - 开始扫描 PENDING 状态任务...
2026-09-02 10:38:46,107 - agentgate.task.scheduler - INFO - 找到 0 个待执行任务
2026-09-02 10:38:56,120 - agentgate.task.scheduler - INFO - 开始扫描 PENDING 状态任务...
2026-09-02 10:38:56,122 - agentgate.task.scheduler - INFO - 找到 0 个待执行任务
2026-09-02 10:39:06,131 - agentgate.task.scheduler - INFO - 开始扫描 PENDING 状态任务...
2026-09-02 10:39:06,133 - agentgate.task.scheduler - INFO - 找到 0 个待执行任务
2026-09-02 10:39:16,134 - agentgate.task.scheduler - INFO - 开始扫描 PENDING 状态任务...
2026-09-02 10:39:16,136 - agentgate.task.scheduler - INFO - 找到 0 个待执行任务
2026-09-02 10:39:26,139 - agentgate.task.scheduler - INFO - 开始扫描 PENDING 状态任务...
2026-09-02 10:39:26,140 - agentgate.task.scheduler - INFO - 找到 0 个待执行任务
2026-09-02 10:39:36,155 - agentgate.task.scheduler - INFO - 开始扫描 PENDING 状态任务...
2026-09-02 10:39:36,156 - agentgate.task.scheduler - INFO - 找到 0 个待执行任务
2026-09-02 10:39:46,164 - agentgate.task.scheduler - INFO - 开始扫描 PENDING 状态任务...
2026-09-02 10:39:46,166 - agentgate.task.scheduler - INFO - 找到 0 个待执行任务
2026-09-02 10:39:56,176 - agentgate.task.scheduler - INFO - 开始扫描 PENDING 状态任务...
2026-09-02 10:39:56,178 - agentgate.task.scheduler - INFO - 找到 0 个待执行任务
2026-09-02 10:40:06,187 - agentgate.task.scheduler - INFO - 开始扫描 PENDING 状态任务...
2026-09-02 10:40:06,189 - agentgate.task.scheduler - INFO - 找到 0 个待执行任务
2026-09-02 10:40:16,194 - agentgate.task.scheduler - INFO - 开始扫描 PENDING 状态任务...
2026-09-02 10:40:16,196 - agentgate.task.scheduler - INFO - 找到 0 个待执行任务
2026-09-02 10:40:26,209 - agentgate.task.scheduler - INFO - 开始扫描 PENDING 状态任务...
2026-09-02 10:40:26,211 - agentgate.task.scheduler - INFO - 找到 0 个待执行任务
2026-09-02 10:40:36,221 - agentgate.task.scheduler - INFO - 开始扫描 PENDING 状态任务...
2026-09-02 10:40:36,223 - agentgate.task.scheduler - INFO - 找到 0 个待执行任务
2026-09-02 10:40:46,229 - agentgate.task.scheduler - INFO - 开始扫描 PENDING 状态任务...
2026-09-02 10:40:46,231 - agentgate.task.scheduler - INFO - 找到 0 个待执行任务
2026-09-02 10:40:56,244 - agentgate.task.scheduler - INFO - 开始扫描 PENDING 状态任务...
2026-09-02 10:40:56,246 - agentgate.task.scheduler - INFO - 找到 0 个待执行任务
2026-09-02 10:41:06,251 - agentgate.task.scheduler - INFO - 开始扫描 PENDING 状态任务...
2026-09-02 10:41:06,253 - agentgate.task.scheduler - INFO - 找到 0 个待执行任务
2026-09-02 10:41:16,262 - agentgate.task.scheduler - INFO - 开始扫描 PENDING 状态任务...
2026-09-02 10:41:16,264 - agentgate.task.scheduler - INFO - 找到 0 个待执行任务
2026-09-02 10:41:26,277 - agentgate.task.scheduler - INFO - 开始扫描 PENDING 状态任务...
2026-09-02 10:41:26,278 - agentgate.task.scheduler - INFO - 找到 0 个待执行任务
2026-09-02 10:41:36,287 - agentgate.task.scheduler - INFO - 开始扫描 PENDING 状态任务...
2026-09-02 10:41:36,289 - agentgate.task.scheduler - INFO - 找到 0 个待执行任务
2026-09-02 10:41:46,300 - agentgate.task.scheduler - INFO - 开始扫描 PENDING 状态任务...
2026-09-02 10:41:46,302 - agentgate.task.scheduler - INFO - 找到 0 个待执行任务
2026-09-02 10:41:56,303 - agentgate.task.scheduler - INFO - 开始扫描 PENDING 状态任务...
2026-09-02 10:41:56,305 - agentgate.task.scheduler - INFO - 找到 0 个待执行任务
2026-09-02 10:42:06,319 - agentgate.task.scheduler - INFO - 开始扫描 PENDING 状态任务...
2026-09-02 10:42:06,321 - agentgate.task.scheduler - INFO - 找到 0 个待执行任务
2026-09-02 10:42:16,324 - agentgate.task.scheduler - INFO - 开始扫描 PENDING 状态任务...
2026-09-02 10:42:16,326 - agentgate.task.scheduler - INFO - 找到 0 个待执行任务
2026-09-02 10:42:26,327 - agentgate.task.scheduler - INFO - 开始扫描 PENDING 状态任务...
2026-09-02 10:42:26,328 - agentgate.task.scheduler - INFO - 找到 0 个待执行任务
2026-09-02 10:42:36,340 - agentgate.task.scheduler - INFO - 开始扫描 PENDING 状态任务...
2026-09-02 10:42:36,342 - agentgate.task.scheduler - INFO - 找到 0 个待执行任务
2026-09-02 10:42:46,354 - agentgate.task.scheduler - INFO - 开始扫描 PENDING 状态任务...
2026-09-02 10:42:46,357 - agentgate.task.scheduler - INFO - 找到 0 个待执行任务
2026-09-02 10:42:56,362 - agentgate.task.scheduler - INFO - 开始扫描 PENDING 状态任务...
2026-09-02 10:42:56,364 - agentgate.task.scheduler - INFO - 找到 0 个待执行任务
2026-09-02 10:43:06,370 - agentgate.task.scheduler - INFO - 开始扫描 PENDING 状态任务...
2026-09-02 10:43:06,371 - agentgate.task.scheduler - INFO - 找到 0 个待执行任务
2026-09-02 10:43:16,386 - agentgate.task.scheduler - INFO - 开始扫描 PENDING 状态任务...
2026-09-02 10:43:16,388 - agentgate.task.scheduler - INFO - 找到 0 个待执行任务
2026-09-02 10:43:26,393 - agentgate.task.scheduler - INFO - 开始扫描 PENDING 状态任务...
2026-09-02 10:43:26,395 - agentgate.task.scheduler - INFO - 找到 0 个待执行任务
2026-09-02 10:43:36,399 - agentgate.task.scheduler - INFO - 开始扫描 PENDING 状态任务...
2026-09-02 10:43:36,400 - agentgate.task.scheduler - INFO - 找到 0 个待执行任务
2026-09-02 10:43:46,406 - agentgate.task.scheduler - INFO - 开始扫描 PENDING 状态任务...
2026-09-02 10:43:46,408 - agentgate.task.scheduler - INFO - 找到 0 个待执行任务
2026-09-02 10:43:56,421 - agentgate.task.scheduler - INFO - 开始扫描 PENDING 状态任务...
2026-09-02 10:43:56,422 - agentgate.task.scheduler - INFO - 找到 0 个待执行任务
2026-09-02 10:44:06,426 - agentgate.task.scheduler - INFO - 开始扫描 PENDING 状态任务...
2026-09-02 10:44:06,427 - agentgate.task.scheduler - INFO - 找到 0 个待执行任务
2026-09-02 10:44:16,429 - agentgate.task.scheduler - INFO - 开始扫描 PENDING 状态任务...
2026-09-02 10:44:16,431 - agentgate.task.scheduler - INFO - 找到 0 个待执行任务
2026-09-02 10:44:26,444 - agentgate.task.scheduler - INFO - 开始扫描 PENDING 状态任务...
2026-09-02 10:44:26,445 - agentgate.task.scheduler - INFO - 找到 0 个待执行任务
2026-09-02 10:44:36,450 - agentgate.task.scheduler - INFO - 开始扫描 PENDING 状态任务...
2026-09-02 10:44:36,451 - agentgate.task.scheduler - INFO - 找到 0 个待执行任务
2026-09-02 10:44:46,454 - agentgate.task.scheduler - INFO - 开始扫描 PENDING 状态任务...
2026-09-02 10:44:46,455 - agentgate.task.scheduler - INFO - 找到 0 个待执行任务
2026-09-02 10:44:56,468 - agentgate.task.scheduler - INFO - 开始扫描 PENDING 状态任务...
2026-09-02 10:44:56,469 - agentgate.task.scheduler - INFO - 找到 0 个待执行任务
2026-09-02 10:45:06,480 - agentgate.task.scheduler - INFO - 开始扫描 PENDING 状态任务...
2026-09-02 10:45:06,482 - agentgate.task.scheduler - INFO - 找到 0 个待执行任务
2026-09-02 10:45:16,494 - agentgate.task.scheduler - INFO - 开始扫描 PENDING 状态任务...
2026-09-02 10:45:16,496 - agentgate.task.scheduler - INFO - 找到 0 个待执行任务
2026-09-02 10:45:26,502 - agentgate.task.scheduler - INFO - 开始扫描 PENDING 状态任务...
2026-09-02 10:45:26,503 - agentgate.task.scheduler - INFO - 找到 0 个待执行任务
2026-09-02 10:45:36,505 - agentgate.task.scheduler - INFO - 开始扫描 PENDING 状态任务...
2026-09-02 10:45:36,507 - agentgate.task.scheduler - INFO - 找到 0 个待执行任务
2026-09-02 10:45:46,522 - agentgate.task.scheduler - INFO - 开始扫描 PENDING 状态任务...
2026-09-02 10:45:46,523 - agentgate.task.scheduler - INFO - 找到 0 个待执行任务
2026-09-02 10:45:56,539 - agentgate.task.scheduler - INFO - 开始扫描 PENDING 状态任务...
2026-09-02 10:45:56,540 - agentgate.task.scheduler - INFO - 找到 0 个待执行任务
2026-09-02 10:46:06,548 - agentgate.task.scheduler - INFO - 开始扫描 PENDING 状态任务...
2026-09-02 10:46:06,550 - agentgate.task.scheduler - INFO - 找到 0 个待执行任务
2026-09-02 10:46:16,555 - agentgate.task.scheduler - INFO - 开始扫描 PENDING 状态任务...
2026-09-02 10:46:16,557 - agentgate.task.scheduler - INFO - 找到 0 个待执行任务
2026-09-02 10:46:26,573 - agentgate.task.scheduler - INFO - 开始扫描 PENDING 状态任务...
2026-09-02 10:46:26,574 - agentgate.task.scheduler - INFO - 找到 0 个待执行任务
2026-09-02 10:46:36,585 - agentgate.task.scheduler - INFO - 开始扫描 PENDING 状态任务...
2026-09-02 10:46:36,586 - agentgate.task.scheduler - INFO - 找到 0 个待执行任务
2026-09-02 10:46:46,595 - agentgate.task.scheduler - INFO - 开始扫描 PENDING 状态任务...
2026-09-02 10:46:46,596 - agentgate.task.scheduler - INFO - 找到 0 个待执行任务
2026-09-02 10:46:56,605 - agentgate.task.scheduler - INFO - 开始扫描 PENDING 状态任务...
2026-09-02 10:46:56,607 - agentgate.task.scheduler - INFO - 找到 0 个待执行任务
2026-09-02 10:47:06,611 - agentgate.task.scheduler - INFO - 开始扫描 PENDING 状态任务...
2026-09-02 10:47:06,612 - agentgate.task.scheduler - INFO - 找到 0 个待执行任务
2026-09-02 10:47:16,620 - agentgate.task.scheduler - INFO - 开始扫描 PENDING 状态任务...
2026-09-02 10:47:16,622 - agentgate.task.scheduler - INFO - 找到 0 个待执行任务
2026-09-02 10:47:26,625 - agentgate.task.scheduler - INFO - 开始扫描 PENDING 状态任务...
2026-09-02 10:47:26,626 - agentgate.task.scheduler - INFO - 找到 0 个待执行任务
2026-09-02 10:47:36,640 - agentgate.task.scheduler - INFO - 开始扫描 PENDING 状态任务...
2026-09-02 10:47:36,641 - agentgate.task.scheduler - INFO - 找到 0 个待执行任务
2026-09-02 10:47:46,653 - agentgate.task.scheduler - INFO - 开始扫描 PENDING 状态任务...
2026-09-02 10:47:46,654 - agentgate.task.scheduler - INFO - 找到 0 个待执行任务
2026-09-02 10:47:56,659 - agentgate.task.scheduler - INFO - 开始扫描 PENDING 状态任务...
2026-09-02 10:47:56,661 - agentgate.task.scheduler - INFO - 找到 0 个待执行任务
2026-09-02 10:48:06,669 - agentgate.task.scheduler - INFO - 开始扫描 PENDING 状态任务...
2026-09-02 10:48:06,670 - agentgate.task.scheduler - INFO - 找到 0 个待执行任务
2026-09-02 10:48:16,678 - agentgate.task.scheduler - INFO - 开始扫描 PENDING 状态任务...
2026-09-02 10:48:16,679 - agentgate.task.scheduler - INFO - 找到 0 个待执行任务
2026-09-02 10:48:26,687 - agentgate.task.scheduler - INFO - 开始扫描 PENDING 状态任务...
2026-09-02 10:48:26,688 - agentgate.task.scheduler - INFO - 找到 0 个待执行任务
2026-09-02 10:48:36,691 - agentgate.task.scheduler - INFO - 开始扫描 PENDING 状态任务...
2026-09-02 10:48:36,693 - agentgate.task.scheduler - INFO - 找到 0 个待执行任务
2026-09-02 10:48:46,698 - agentgate.task.scheduler - INFO - 开始扫描 PENDING 状态任务...
2026-09-02 10:48:46,700 - agentgate.task.scheduler - INFO - 找到 0 个待执行任务
2026-09-02 10:48:56,709 - agentgate.task.scheduler - INFO - 开始扫描 PENDING 状态任务...
2026-09-02 10:48:56,710 - agentgate.task.scheduler - INFO - 找到 0 个待执行任务
2026-09-02 10:49:06,717 - agentgate.task.scheduler - INFO - 开始扫描 PENDING 状态任务...
2026-09-02 10:49:06,718 - agentgate.task.scheduler - INFO - 找到 0 个待执行任务
2026-09-02 10:49:16,729 - agentgate.task.scheduler - INFO - 开始扫描 PENDING 状态任务...
2026-09-02 10:49:16,730 - agentgate.task.scheduler - INFO - 找到 0 个待执行任务
2026-09-02 10:49:26,741 - agentgate.task.scheduler - INFO - 开始扫描 PENDING 状态任务...
2026-09-02 10:49:26,743 - agentgate.task.scheduler - INFO - 找到 0 个待执行任务
2026-09-02 10:49:36,758 - agentgate.task.scheduler - INFO - 开始扫描 PENDING 状态任务...
2026-09-02 10:49:36,759 - agentgate.task.scheduler - INFO - 找到 0 个待执行任务
2026-09-02 10:49:46,768 - agentgate.task.scheduler - INFO - 开始扫描 PENDING 状态任务...
2026-09-02 10:49:46,770 - agentgate.task.scheduler - INFO - 找到 0 个待执行任务
2026-09-02 10:49:56,774 - agentgate.task.scheduler - INFO - 开始扫描 PENDING 状态任务...
2026-09-02 10:49:56,776 - agentgate.task.scheduler - INFO - 找到 0 个待执行任务
2026-09-02 10:50:06,787 - agentgate.task.scheduler - INFO - 开始扫描 PENDING 状态任务...
2026-09-02 10:50:06,789 - agentgate.task.scheduler - INFO - 找到 0 个待执行任务
2026-09-02 10:50:16,803 - agentgate.task.scheduler - INFO - 开始扫描 PENDING 状态任务...
2026-09-02 10:50:16,804 - agentgate.task.scheduler - INFO - 找到 0 个待执行任务
2026-09-02 10:50:26,812 - agentgate.task.scheduler - INFO - 开始扫描 PENDING 状态任务...
2026-09-02 10:50:26,814 - agentgate.task.scheduler - INFO - 找到 0 个待执行任务
2026-09-02 10:50:36,823 - agentgate.task.scheduler - INFO - 开始扫描 PENDING 状态任务...
2026-09-02 10:50:36,824 - agentgate.task.scheduler - INFO - 找到 0 个待执行任务
2026-09-02 10:50:46,839 - agentgate.task.scheduler - INFO - 开始扫描 PENDING 状态任务...
2026-09-02 10:50:46,840 - agentgate.task.scheduler - INFO - 找到 0 个待执行任务
2026-09-02 10:50:56,856 - agentgate.task.scheduler - INFO - 开始扫描 PENDING 状态任务...
2026-09-02 10:50:56,857 - agentgate.task.scheduler - INFO - 找到 0 个待执行任务
2026-09-02 10:51:06,864 - agentgate.task.scheduler - INFO - 开始扫描 PENDING 状态任务...
2026-09-02 10:51:06,865 - agentgate.task.scheduler - INFO - 找到 0 个待执行任务
2026-09-02 10:51:16,876 - agentgate.task.scheduler - INFO - 开始扫描 PENDING 状态任务...
2026-09-02 10:51:16,878 - agentgate.task.scheduler - INFO - 找到 0 个待执行任务
2026-09-02 10:51:26,890 - agentgate.task.scheduler - INFO - 开始扫描 PENDING 状态任务...
2026-09-02 10:51:26,892 - agentgate.task.scheduler - INFO - 找到 0 个待执行任务
2026-09-02 10:51:36,902 - agentgate.task.scheduler - INFO - 开始扫描 PENDING 状态任务...
2026-09-02 10:51:36,904 - agentgate.task.scheduler - INFO - 找到 0 个待执行任务
2026-09-02 10:51:46,911 - agentgate.task.scheduler - INFO - 开始扫描 PENDING 状态任务...
2026-09-02 10:51:46,912 - agentgate.task.scheduler - INFO - 找到 0 个待执行任务
2026-09-02 10:51:56,914 - agentgate.task.scheduler - INFO - 开始扫描 PENDING 状态任务...
2026-09-02 10:51:56,915 - agentgate.task.scheduler - INFO - 找到 0 个待执行任务
2026-09-02 10:52:06,929 - agentgate.task.scheduler - INFO - 开始扫描 PENDING 状态任务...
2026-09-02 10:52:06,930 - agentgate.task.scheduler - INFO - 找到 0 个待执行任务
2026-09-02 10:52:16,937 - agentgate.task.scheduler - INFO - 开始扫描 PENDING 状态任务...
2026-09-02 10:52:16,939 - agentgate.task.scheduler - INFO - 找到 0 个待执行任务
2026-09-02 10:52:26,946 - agentgate.task.scheduler - INFO - 开始扫描 PENDING 状态任务...
2026-09-02 10:52:26,947 - agentgate.task.scheduler - INFO - 找到 0 个待执行任务
2026-09-02 10:52:36,951 - agentgate.task.scheduler - INFO - 开始扫描 PENDING 状态任务...
2026-09-02 10:52:36,952 - agentgate.task.scheduler - INFO - 找到 0 个待执行任务
2026-09-02 10:52:46,958 - agentgate.task.scheduler - INFO - 开始扫描 PENDING 状态任务...
2026-09-02 10:52:46,959 - agentgate.task.scheduler - INFO - 找到 0 个待执行任务
2026-09-02 10:52:56,973 - agentgate.task.scheduler - INFO - 开始扫描 PENDING 状态任务...
2026-09-02 10:52:56,974 - agentgate.task.scheduler - INFO - 找到 0 个待执行任务
2026-09-02 10:53:06,987 - agentgate.task.scheduler - INFO - 开始扫描 PENDING 状态任务...
2026-09-02 10:53:06,988 - agentgate.task.scheduler - INFO - 找到 0 个待执行任务
2026-09-02 10:53:16,990 - agentgate.task.scheduler - INFO - 开始扫描 PENDING 状态任务...
2026-09-02 10:53:16,991 - agentgate.task.scheduler - INFO - 找到 0 个待执行任务
2026-09-02 10:53:27,004 - agentgate.task.scheduler - INFO - 开始扫描 PENDING 状态任务...
2026-09-02 10:53:27,006 - agentgate.task.scheduler - INFO - 找到 0 个待执行任务
2026-09-02 10:53:37,009 - agentgate.task.scheduler - INFO - 开始扫描 PENDING 状态任务...
2026-09-02 10:53:37,010 - agentgate.task.scheduler - INFO - 找到 0 个待执行任务
2026-09-02 10:53:47,015 - agentgate.task.scheduler - INFO - 开始扫描 PENDING 状态任务...
2026-09-02 10:53:47,016 - agentgate.task.scheduler - INFO - 找到 0 个待执行任务
2026-09-02 10:53:57,026 - agentgate.task.scheduler - INFO - 开始扫描 PENDING 状态任务...
2026-09-02 10:53:57,028 - agentgate.task.scheduler - INFO - 找到 0 个待执行任务
2026-09-02 10:54:07,030 - agentgate.task.scheduler - INFO - 开始扫描 PENDING 状态任务...
2026-09-02 10:54:07,032 - agentgate.task.scheduler - INFO - 找到 0 个待执行任务
2026-09-02 10:54:17,034 - agentgate.task.scheduler - INFO - 开始扫描 PENDING 状态任务...
2026-09-02 10:54:17,036 - agentgate.task.scheduler - INFO - 找到 0 个待执行任务
2026-09-02 10:54:27,039 - agentgate.task.scheduler - INFO - 开始扫描 PENDING 状态任务...
2026-09-02 10:54:27,040 - agentgate.task.scheduler - INFO - 找到 0 个待执行任务
2026-09-02 10:54:37,055 - agentgate.task.scheduler - INFO - 开始扫描 PENDING 状态任务...
2026-09-02 10:54:37,056 - agentgate.task.scheduler - INFO - 找到 0 个待执行任务
2026-09-02 10:54:47,070 - agentgate.task.scheduler - INFO - 开始扫描 PENDING 状态任务...
2026-09-02 10:54:47,072 - agentgate.task.scheduler - INFO - 找到 0 个待执行任务
2026-09-02 10:54:57,085 - agentgate.task.scheduler - INFO - 开始扫描 PENDING 状态任务...
2026-09-02 10:54:57,086 - agentgate.task.scheduler - INFO - 找到 0 个待执行任务
2026-09-02 10:55:07,094 - agentgate.task.scheduler - INFO - 开始扫描 PENDING 状态任务...
2026-09-02 10:55:07,095 - agentgate.task.scheduler - INFO - 找到 0 个待执行任务
2026-09-02 10:55:17,101 - agentgate.task.scheduler - INFO - 开始扫描 PENDING 状态任务...
2026-09-02 10:55:17,103 - agentgate.task.scheduler - INFO - 找到 0 个待执行任务
2026-09-02 10:55:27,115 - agentgate.task.scheduler - INFO - 开始扫描 PENDING 状态任务...
2026-09-02 10:55:27,116 - agentgate.task.scheduler - INFO - 找到 0 个待执行任务
2026-09-02 10:55:37,125 - agentgate.task.scheduler - INFO - 开始扫描 PENDING 状态任务...
2026-09-02 10:55:37,127 - agentgate.task.scheduler - INFO - 找到 0 个待执行任务
2026-09-02 10:55:47,131 - agentgate.task.scheduler - INFO - 开始扫描 PENDING 状态任务...
2026-09-02 10:55:47,133 - agentgate.task.scheduler - INFO - 找到 0 个待执行任务
2026-09-02 10:55:57,147 - agentgate.task.scheduler - INFO - 开始扫描 PENDING 状态任务...
2026-09-02 10:55:57,149 - agentgate.task.scheduler - INFO - 找到 0 个待执行任务
2026-09-02 10:56:07,164 - agentgate.task.scheduler - INFO - 开始扫描 PENDING 状态任务...
2026-09-02 10:56:07,165 - agentgate.task.scheduler - INFO - 找到 0 个待执行任务
2026-09-02 10:56:17,168 - agentgate.task.scheduler - INFO - 开始扫描 PENDING 状态任务...
2026-09-02 10:56:17,169 - agentgate.task.scheduler - INFO - 找到 0 个待执行任务
2026-09-02 10:56:27,175 - agentgate.task.scheduler - INFO - 开始扫描 PENDING 状态任务...
2026-09-02 10:56:27,176 - agentgate.task.scheduler - INFO - 找到 0 个待执行任务
2026-09-02 10:56:37,181 - agentgate.task.scheduler - INFO - 开始扫描 PENDING 状态任务...
2026-09-02 10:56:37,182 - agentgate.task.scheduler - INFO - 找到 0 个待执行任务
2026-09-02 10:56:47,198 - agentgate.task.scheduler - INFO - 开始扫描 PENDING 状态任务...
2026-09-02 10:56:47,200 - agentgate.task.scheduler - INFO - 找到 0 个待执行任务
2026-09-02 10:56:57,206 - agentgate.task.scheduler - INFO - 开始扫描 PENDING 状态任务...
2026-09-02 10:56:57,208 - agentgate.task.scheduler - INFO - 找到 0 个待执行任务
2026-09-02 10:57:07,210 - agentgate.task.scheduler - INFO - 开始扫描 PENDING 状态任务...
2026-09-02 10:57:07,211 - agentgate.task.scheduler - INFO - 找到 0 个待执行任务
2026-09-02 10:57:17,221 - agentgate.task.scheduler - INFO - 开始扫描 PENDING 状态任务...
2026-09-02 10:57:17,222 - agentgate.task.scheduler - INFO - 找到 0 个待执行任务
2026-09-02 10:57:27,234 - agentgate.task.scheduler - INFO - 开始扫描 PENDING 状态任务...
2026-09-02 10:57:27,235 - agentgate.task.scheduler - INFO - 找到 0 个待执行任务
2026-09-02 10:57:37,249 - agentgate.task.scheduler - INFO - 开始扫描 PENDING 状态任务...
2026-09-02 10:57:37,251 - agentgate.task.scheduler - INFO - 找到 0 个待执行任务
2026-09-02 10:57:47,257 - agentgate.task.scheduler - INFO - 开始扫描 PENDING 状态任务...
2026-09-02 10:57:47,258 - agentgate.task.scheduler - INFO - 找到 0 个待执行任务
2026-09-02 10:57:57,264 - agentgate.task.scheduler - INFO - 开始扫描 PENDING 状态任务...
2026-09-02 10:57:57,266 - agentgate.task.scheduler - INFO - 找到 0 个待执行任务
2026-09-02 10:58:07,278 - agentgate.task.scheduler - INFO - 开始扫描 PENDING 状态任务...
2026-09-02 10:58:07,280 - agentgate.task.scheduler - INFO - 找到 0 个待执行任务
2026-09-02 10:58:17,289 - agentgate.task.scheduler - INFO - 开始扫描 PENDING 状态任务...
2026-09-02 10:58:17,291 - agentgate.task.scheduler - INFO - 找到 0 个待执行任务
2026-09-02 10:58:27,293 - agentgate.task.scheduler - INFO - 开始扫描 PENDING 状态任务...
2026-09-02 10:58:27,295 - agentgate.task.scheduler - INFO - 找到 0 个待执行任务
2026-09-02 10:58:37,303 - agentgate.task.scheduler - INFO - 开始扫描 PENDING 状态任务...
2026-09-02 10:58:37,304 - agentgate.task.scheduler - INFO - 找到 0 个待执行任务
2026-09-02 10:58:47,307 - agentgate.task.scheduler - INFO - 开始扫描 PENDING 状态任务...
2026-09-02 10:58:47,310 - agentgate.task.scheduler - INFO - 找到 0 个待执行任务
2026-09-02 10:58:57,320 - agentgate.task.scheduler - INFO - 开始扫描 PENDING 状态任务...
2026-09-02 10:58:57,322 - agentgate.task.scheduler - INFO - 找到 0 个待执行任务
2026-09-02 10:59:07,329 - agentgate.task.scheduler - INFO - 开始扫描 PENDING 状态任务...
2026-09-02 10:59:07,331 - agentgate.task.scheduler - INFO - 找到 0 个待执行任务
2026-09-02 10:59:17,336 - agentgate.task.scheduler - INFO - 开始扫描 PENDING 状态任务...
2026-09-02 10:59:17,337 - agentgate.task.scheduler - INFO - 找到 0 个待执行任务
2026-09-02 10:59:27,349 - agentgate.task.scheduler - INFO - 开始扫描 PENDING 状态任务...
2026-09-02 10:59:27,351 - agentgate.task.scheduler - INFO - 找到 0 个待执行任务
2026-09-02 10:59:37,365 - agentgate.task.scheduler - INFO - 开始扫描 PENDING 状态任务...
2026-09-02 10:59:37,366 - agentgate.task.scheduler - INFO - 找到 0 个待执行任务
2026-09-02 10:59:47,379 - agentgate.task.scheduler - INFO - 开始扫描 PENDING 状态任务...
2026-09-02 10:59:47,380 - agentgate.task.scheduler - INFO - 找到 0 个待执行任务
2026-09-02 10:59:57,383 - agentgate.task.scheduler - INFO - 开始扫描 PENDING 状态任务...
2026-09-02 10:59:57,385 - agentgate.task.scheduler - INFO - 找到 0 个待执行任务
2026-09-02 11:00:07,389 - agentgate.task.scheduler - INFO - 开始扫描 PENDING 状态任务...
2026-09-02 11:00:07,390 - agentgate.task.scheduler - INFO - 找到 0 个待执行任务
2026-09-02 11:00:17,396 - agentgate.task.scheduler - INFO - 开始扫描 PENDING 状态任务...
2026-09-02 11:00:17,398 - agentgate.task.scheduler - INFO - 找到 0 个待执行任务
2026-09-02 11:00:27,410 - agentgate.task.scheduler - INFO - 开始扫描 PENDING 状态任务...
2026-09-02 11:00:27,411 - agentgate.task.scheduler - INFO - 找到 0 个待执行任务
2026-09-02 11:00:37,422 - agentgate.task.scheduler - INFO - 开始扫描 PENDING 状态任务...
2026-09-02 11:00:37,424 - agentgate.task.scheduler - INFO - 找到 0 个待执行任务
2026-09-02 11:00:47,438 - agentgate.task.scheduler - INFO - 开始扫描 PENDING 状态任务...
2026-09-02 11:00:47,439 - agentgate.task.scheduler - INFO - 找到 0 个待执行任务
2026-09-02 11:00:57,443 - agentgate.task.scheduler - INFO - 开始扫描 PENDING 状态任务...
2026-09-02 11:00:57,444 - agentgate.task.scheduler - INFO - 找到 0 个待执行任务
2026-09-02 11:01:07,448 - agentgate.task.scheduler - INFO - 开始扫描 PENDING 状态任务...
2026-09-02 11:01:07,449 - agentgate.task.scheduler - INFO - 找到 0 个待执行任务
2026-09-02 11:01:17,458 - agentgate.task.scheduler - INFO - 开始扫描 PENDING 状态任务...
2026-09-02 11:01:17,459 - agentgate.task.scheduler - INFO - 找到 0 个待执行任务
2026-09-02 11:01:27,464 - agentgate.task.scheduler - INFO - 开始扫描 PENDING 状态任务...
2026-09-02 11:01:27,466 - agentgate.task.scheduler - INFO - 找到 0 个待执行任务
2026-09-02 11:01:37,474 - agentgate.task.scheduler - INFO - 开始扫描 PENDING 状态任务...
2026-09-02 11:01:37,476 - agentgate.task.scheduler - INFO - 找到 0 个待执行任务
2026-09-02 11:01:47,482 - agentgate.task.scheduler - INFO - 开始扫描 PENDING 状态任务...
2026-09-02 11:01:47,484 - agentgate.task.scheduler - INFO - 找到 0 个待执行任务
2026-09-02 11:01:57,496 - agentgate.task.scheduler - INFO - 开始扫描 PENDING 状态任务...
2026-09-02 11:01:57,498 - agentgate.task.scheduler - INFO - 找到 0 个待执行任务
2026-09-02 11:02:07,513 - agentgate.task.scheduler - INFO - 开始扫描 PENDING 状态任务...
2026-09-02 11:02:07,514 - agentgate.task.scheduler - INFO - 找到 0 个待执行任务
2026-09-02 11:02:17,521 - agentgate.task.scheduler - INFO - 开始扫描 PENDING 状态任务...
2026-09-02 11:02:17,523 - agentgate.task.scheduler - INFO - 找到 0 个待执行任务
2026-09-02 11:02:27,530 - agentgate.task.scheduler - INFO - 开始扫描 PENDING 状态任务...
2026-09-02 11:02:27,532 - agentgate.task.scheduler - INFO - 找到 0 个待执行任务
2026-09-02 11:02:37,542 - agentgate.task.scheduler - INFO - 开始扫描 PENDING 状态任务...
2026-09-02 11:02:37,544 - agentgate.task.scheduler - INFO - 找到 0 个待执行任务
2026-09-02 11:02:47,546 - agentgate.task.scheduler - INFO - 开始扫描 PENDING 状态任务...
2026-09-02 11:02:47,547 - agentgate.task.scheduler - INFO - 找到 0 个待执行任务
2026-09-02 11:02:57,561 - agentgate.task.scheduler - INFO - 开始扫描 PENDING 状态任务...
2026-09-02 11:02:57,562 - agentgate.task.scheduler - INFO - 找到 0 个待执行任务
2026-09-02 11:03:07,574 - agentgate.task.scheduler - INFO - 开始扫描 PENDING 状态任务...
2026-09-02 11:03:07,576 - agentgate.task.scheduler - INFO - 找到 0 个待执行任务
2026-09-02 11:03:17,583 - agentgate.task.scheduler - INFO - 开始扫描 PENDING 状态任务...
2026-09-02 11:03:17,585 - agentgate.task.scheduler - INFO - 找到 0 个待执行任务
2026-09-02 11:03:27,588 - agentgate.task.scheduler - INFO - 开始扫描 PENDING 状态任务...
2026-09-02 11:03:27,589 - agentgate.task.scheduler - INFO - 找到 0 个待执行任务
2026-09-02 11:03:37,594 - agentgate.task.scheduler - INFO - 开始扫描 PENDING 状态任务...
2026-09-02 11:03:37,596 - agentgate.task.scheduler - INFO - 找到 0 个待执行任务
2026-09-02 11:03:47,605 - agentgate.task.scheduler - INFO - 开始扫描 PENDING 状态任务...
2026-09-02 11:03:47,606 - agentgate.task.scheduler - INFO - 找到 0 个待执行任务
2026-09-02 11:03:57,615 - agentgate.task.scheduler - INFO - 开始扫描 PENDING 状态任务...
2026-09-02 11:03:57,616 - agentgate.task.scheduler - INFO - 找到 0 个待执行任务
2026-09-02 11:04:07,625 - agentgate.task.scheduler - INFO - 开始扫描 PENDING 状态任务...
2026-09-02 11:04:07,626 - agentgate.task.scheduler - INFO - 找到 0 个待执行任务
2026-09-02 11:04:17,633 - agentgate.task.scheduler - INFO - 开始扫描 PENDING 状态任务...
2026-09-02 11:04:17,634 - agentgate.task.scheduler - INFO - 找到 0 个待执行任务
2026-09-02 11:04:27,647 - agentgate.task.scheduler - INFO - 开始扫描 PENDING 状态任务...
2026-09-02 11:04:27,648 - agentgate.task.scheduler - INFO - 找到 0 个待执行任务
2026-09-02 11:04:37,654 - agentgate.task.scheduler - INFO - 开始扫描 PENDING 状态任务...
2026-09-02 11:04:37,655 - agentgate.task.scheduler - INFO - 找到 0 个待执行任务
2026-09-02 11:04:47,663 - agentgate.task.scheduler - INFO - 开始扫描 PENDING 状态任务...
2026-09-02 11:04:47,665 - agentgate.task.scheduler - INFO - 找到 0 个待执行任务
2026-09-02 11:04:57,676 - agentgate.task.scheduler - INFO - 开始扫描 PENDING 状态任务...
2026-09-02 11:04:57,678 - agentgate.task.scheduler - INFO - 找到 0 个待执行任务
2026-09-02 11:05:07,687 - agentgate.task.scheduler - INFO - 开始扫描 PENDING 状态任务...
2026-09-02 11:05:07,689 - agentgate.task.scheduler - INFO - 找到 0 个待执行任务
2026-09-02 11:05:17,690 - agentgate.task.scheduler - INFO - 开始扫描 PENDING 状态任务...
2026-09-02 11:05:17,691 - agentgate.task.scheduler - INFO - 找到 0 个待执行任务
2026-09-02 11:05:27,697 - agentgate.task.scheduler - INFO - 开始扫描 PENDING 状态任务...
2026-09-02 11:05:27,698 - agentgate.task.scheduler - INFO - 找到 0 个待执行任务
2026-09-02 11:05:37,711 - agentgate.task.scheduler - INFO - 开始扫描 PENDING 状态任务...
2026-09-02 11:05:37,712 - agentgate.task.scheduler - INFO - 找到 0 个待执行任务
2026-09-02 11:05:47,727 - agentgate.task.scheduler - INFO - 开始扫描 PENDING 状态任务...
2026-09-02 11:05:47,728 - agentgate.task.scheduler - INFO - 找到 0 个待执行任务
2026-09-02 11:05:57,741 - agentgate.task.scheduler - INFO - 开始扫描 PENDING 状态任务...
2026-09-02 11:05:57,743 - agentgate.task.scheduler - INFO - 找到 0 个待执行任务
2026-09-02 11:06:07,755 - agentgate.task.scheduler - INFO - 开始扫描 PENDING 状态任务...
2026-09-02 11:06:07,757 - agentgate.task.scheduler - INFO - 找到 0 个待执行任务
2026-09-02 11:06:17,770 - agentgate.task.scheduler - INFO - 开始扫描 PENDING 状态任务...
2026-09-02 11:06:17,771 - agentgate.task.scheduler - INFO - 找到 0 个待执行任务
2026-09-02 11:06:27,777 - agentgate.task.scheduler - INFO - 开始扫描 PENDING 状态任务...
2026-09-02 11:06:27,778 - agentgate.task.scheduler - INFO - 找到 0 个待执行任务
2026-09-02 11:06:37,791 - agentgate.task.scheduler - INFO - 开始扫描 PENDING 状态任务...
2026-09-02 11:06:37,792 - agentgate.task.scheduler - INFO - 找到 0 个待执行任务
2026-09-02 11:06:47,799 - agentgate.task.scheduler - INFO - 开始扫描 PENDING 状态任务...
2026-09-02 11:06:47,800 - agentgate.task.scheduler - INFO - 找到 0 个待执行任务
2026-09-02 11:06:57,803 - agentgate.task.scheduler - INFO - 开始扫描 PENDING 状态任务...
2026-09-02 11:06:57,804 - agentgate.task.scheduler - INFO - 找到 0 个待执行任务
2026-09-02 11:07:07,819 - agentgate.task.scheduler - INFO - 开始扫描 PENDING 状态任务...
2026-09-02 11:07:07,820 - agentgate.task.scheduler - INFO - 找到 0 个待执行任务
2026-09-02 11:07:17,835 - agentgate.task.scheduler - INFO - 开始扫描 PENDING 状态任务...
2026-09-02 11:07:17,836 - agentgate.task.scheduler - INFO - 找到 0 个待执行任务
2026-09-02 11:07:27,844 - agentgate.task.scheduler - INFO - 开始扫描 PENDING 状态任务...
2026-09-02 11:07:27,845 - agentgate.task.scheduler - INFO - 找到 0 个待执行任务
2026-09-02 11:07:37,860 - agentgate.task.scheduler - INFO - 开始扫描 PENDING 状态任务...
2026-09-02 11:07:37,861 - agentgate.task.scheduler - INFO - 找到 0 个待执行任务
2026-09-02 11:07:47,864 - agentgate.task.scheduler - INFO - 开始扫描 PENDING 状态任务...
2026-09-02 11:07:47,865 - agentgate.task.scheduler - INFO - 找到 0 个待执行任务
2026-09-02 11:07:57,871 - agentgate.task.scheduler - INFO - 开始扫描 PENDING 状态任务...
2026-09-02 11:07:57,873 - agentgate.task.scheduler - INFO - 找到 0 个待执行任务
2026-09-02 11:08:07,876 - agentgate.task.scheduler - INFO - 开始扫描 PENDING 状态任务...
2026-09-02 11:08:07,877 - agentgate.task.scheduler - INFO - 找到 0 个待执行任务
2026-09-02 11:08:17,886 - agentgate.task.scheduler - INFO - 开始扫描 PENDING 状态任务...
2026-09-02 11:08:17,887 - agentgate.task.scheduler - INFO - 找到 0 个待执行任务
2026-09-02 11:08:27,898 - agentgate.task.scheduler - INFO - 开始扫描 PENDING 状态任务...
2026-09-02 11:08:27,899 - agentgate.task.scheduler - INFO - 找到 0 个待执行任务
2026-09-02 11:08:37,903 - agentgate.task.scheduler - INFO - 开始扫描 PENDING 状态任务...
2026-09-02 11:08:37,904 - agentgate.task.scheduler - INFO - 找到 0 个待执行任务
2026-09-02 11:08:47,909 - agentgate.task.scheduler - INFO - 开始扫描 PENDING 状态任务...
2026-09-02 11:08:47,910 - agentgate.task.scheduler - INFO - 找到 0 个待执行任务
2026-09-02 11:08:57,922 - agentgate.task.scheduler - INFO - 开始扫描 PENDING 状态任务...
2026-09-02 11:08:57,923 - agentgate.task.scheduler - INFO - 找到 0 个待执行任务
2026-09-02 11:09:07,926 - agentgate.task.scheduler - INFO - 开始扫描 PENDING 状态任务...
2026-09-02 11:09:07,927 - agentgate.task.scheduler - INFO - 找到 0 个待执行任务
2026-09-02 11:09:17,941 - agentgate.task.scheduler - INFO - 开始扫描 PENDING 状态任务...
2026-09-02 11:09:17,943 - agentgate.task.scheduler - INFO - 找到 0 个待执行任务
2026-09-02 11:09:27,949 - agentgate.task.scheduler - INFO - 开始扫描 PENDING 状态任务...
2026-09-02 11:09:27,951 - agentgate.task.scheduler - INFO - 找到 0 个待执行任务
2026-09-02 11:09:37,954 - agentgate.task.scheduler - INFO - 开始扫描 PENDING 状态任务...
2026-09-02 11:09:37,956 - agentgate.task.scheduler - INFO - 找到 0 个待执行任务
2026-09-02 11:09:47,969 - agentgate.task.scheduler - INFO - 开始扫描 PENDING 状态任务...
2026-09-02 11:09:47,970 - agentgate.task.scheduler - INFO - 找到 0 个待执行任务
2026-09-02 11:09:57,986 - agentgate.task.scheduler - INFO - 开始扫描 PENDING 状态任务...
2026-09-02 11:09:57,988 - agentgate.task.scheduler - INFO - 找到 0 个待执行任务
2026-09-02 11:10:07,999 - agentgate.task.scheduler - INFO - 开始扫描 PENDING 状态任务...
2026-09-02 11:10:08,000 - agentgate.task.scheduler - INFO - 找到 0 个待执行任务
2026-09-02 11:10:18,005 - agentgate.task.scheduler - INFO - 开始扫描 PENDING 状态任务...
2026-09-02 11:10:18,007 - agentgate.task.scheduler - INFO - 找到 0 个待执行任务
2026-09-02 11:10:28,014 - agentgate.task.scheduler - INFO - 开始扫描 PENDING 状态任务...
2026-09-02 11:10:28,016 - agentgate.task.scheduler - INFO - 找到 0 个待执行任务
2026-09-02 11:10:38,028 - agentgate.task.scheduler - INFO - 开始扫描 PENDING 状态任务...
2026-09-02 11:10:38,029 - agentgate.task.scheduler - INFO - 找到 0 个待执行任务
2026-09-02 11:10:48,041 - agentgate.task.scheduler - INFO - 开始扫描 PENDING 状态任务...
2026-09-02 11:10:48,042 - agentgate.task.scheduler - INFO - 找到 0 个待执行任务
2026-09-02 11:10:58,050 - agentgate.task.scheduler - INFO - 开始扫描 PENDING 状态任务...
2026-09-02 11:10:58,052 - agentgate.task.scheduler - INFO - 找到 0 个待执行任务
2026-09-02 11:11:08,066 - agentgate.task.scheduler - INFO - 开始扫描 PENDING 状态任务...
2026-09-02 11:11:08,067 - agentgate.task.scheduler - INFO - 找到 0 个待执行任务
2026-09-02 11:11:18,074 - agentgate.task.scheduler - INFO - 开始扫描 PENDING 状态任务...
2026-09-02 11:11:18,075 - agentgate.task.scheduler - INFO - 找到 0 个待执行任务
2026-09-02 11:11:28,082 - agentgate.task.scheduler - INFO - 开始扫描 PENDING 状态任务...
2026-09-02 11:11:28,083 - agentgate.task.scheduler - INFO - 找到 0 个待执行任务
2026-09-02 11:11:38,092 - agentgate.task.scheduler - INFO - 开始扫描 PENDING 状态任务...
2026-09-02 11:11:38,094 - agentgate.task.scheduler - INFO - 找到 0 个待执行任务
2026-09-02 11:11:48,100 - agentgate.task.scheduler - INFO - 开始扫描 PENDING 状态任务...
2026-09-02 11:11:48,101 - agentgate.task.scheduler - INFO - 找到 0 个待执行任务
2026-09-02 11:11:58,113 - agentgate.task.scheduler - INFO - 开始扫描 PENDING 状态任务...
2026-09-02 11:11:58,114 - agentgate.task.scheduler - INFO - 找到 0 个待执行任务
2026-09-02 11:12:08,128 - agentgate.task.scheduler - INFO - 开始扫描 PENDING 状态任务...
2026-09-02 11:12:08,129 - agentgate.task.scheduler - INFO - 找到 0 个待执行任务
2026-09-02 11:12:18,144 - agentgate.task.scheduler - INFO - 开始扫描 PENDING 状态任务...
2026-09-02 11:12:18,145 - agentgate.task.scheduler - INFO - 找到 0 个待执行任务
2026-09-02 11:12:28,152 - agentgate.task.scheduler - INFO - 开始扫描 PENDING 状态任务...
2026-09-02 11:12:28,153 - agentgate.task.scheduler - INFO - 找到 0 个待执行任务
2026-09-02 11:12:38,154 - agentgate.task.scheduler - INFO - 开始扫描 PENDING 状态任务...
2026-09-02 11:12:38,156 - agentgate.task.scheduler - INFO - 找到 0 个待执行任务
2026-09-02 11:12:48,163 - agentgate.task.scheduler - INFO - 开始扫描 PENDING 状态任务...
2026-09-02 11:12:48,164 - agentgate.task.scheduler - INFO - 找到 0 个待执行任务
2026-09-02 11:12:58,171 - agentgate.task.scheduler - INFO - 开始扫描 PENDING 状态任务...
2026-09-02 11:12:58,172 - agentgate.task.scheduler - INFO - 找到 0 个待执行任务
2026-09-02 11:13:08,175 - agentgate.task.scheduler - INFO - 开始扫描 PENDING 状态任务...
2026-09-02 11:13:08,177 - agentgate.task.scheduler - INFO - 找到 0 个待执行任务
2026-09-02 11:13:15,489 - agentgate.task.service - INFO - Created task: 6ae79717-e01c-4dec-82b6-ac8e72d2d0c0, name: 33333
2026-09-02 11:13:18,179 - agentgate.task.scheduler - INFO - 开始扫描 PENDING 状态任务...
2026-09-02 11:13:18,180 - agentgate.task.scheduler - INFO - 找到 0 个待执行任务
2026-09-02 11:13:22,752 - agentgate.task.service - INFO - Task 6ae79717-e01c-4dec-82b6-ac8e72d2d0c0 started, status changed to PENDING
2026-09-02 11:13:28,183 - agentgate.task.scheduler - INFO - 开始扫描 PENDING 状态任务...
2026-09-02 11:13:28,185 - agentgate.task.scheduler - INFO - 找到 1 个待执行任务
2026-09-02 11:13:28,185 - agentgate.task.scheduler - INFO - 开始执行任务: 6ae79717-e01c-4dec-82b6-ac8e72d2d0c0, 名称: 33333
2026-09-02 11:13:28,186 - agentgate.task.scheduler - INFO - 使用已有执行记录: run_id=41a654da-993a-4d27-8e47-bfb95d9f1031, run_no=1
2026-09-02 11:13:28,194 - agentgate.task.scheduler - INFO - 任务状态变更为 RUNNING: 6ae79717-e01c-4dec-82b6-ac8e72d2d0c0
2026-09-02 11:13:28,196 - agentgate.task.scheduler - INFO - 通过数据集服务获取了 3 个用例
2026-09-02 11:13:28,196 - agentgate.task.scheduler - INFO - 从数据集加载了 3 个用例
2026-09-02 11:13:28,199 - agentgate.task.scheduler - INFO - 用例执行完成: case_id=0f1278fa-610c-4b92-9426-3639c3477be2, score=85.0
2026-09-02 11:13:28,202 - agentgate.task.scheduler - INFO - 用例执行完成: case_id=c0b24f99-eb66-4d36-8a7e-9fb977660884, score=85.0
2026-09-02 11:13:28,205 - agentgate.task.scheduler - INFO - 用例执行完成: case_id=e78f986a-1d31-46e8-88dc-53fb79298c6c, score=85.0
2026-09-02 11:13:28,210 - agentgate.task.scheduler - INFO - 任务执行完成: 6ae79717-e01c-4dec-82b6-ac8e72d2d0c0, 共执行 3 个用例
2026-09-02 11:13:38,213 - agentgate.task.scheduler - INFO - 开始扫描 PENDING 状态任务...
2026-09-02 11:13:38,214 - agentgate.task.scheduler - INFO - 找到 0 个待执行任务
2026-09-02 11:13:48,227 - agentgate.task.scheduler - INFO - 开始扫描 PENDING 状态任务...
2026-09-02 11:13:48,228 - agentgate.task.scheduler - INFO - 找到 0 个待执行任务
2026-09-02 11:13:58,231 - agentgate.task.scheduler - INFO - 开始扫描 PENDING 状态任务...
2026-09-02 11:13:58,232 - agentgate.task.scheduler - INFO - 找到 0 个待执行任务
2026-09-02 11:14:08,243 - agentgate.task.scheduler - INFO - 开始扫描 PENDING 状态任务...
2026-09-02 11:14:08,245 - agentgate.task.scheduler - INFO - 找到 0 个待执行任务
2026-09-02 11:14:18,261 - agentgate.task.scheduler - INFO - 开始扫描 PENDING 状态任务...
2026-09-02 11:14:18,263 - agentgate.task.scheduler - INFO - 找到 0 个待执行任务
2026-09-02 11:14:28,269 - agentgate.task.scheduler - INFO - 开始扫描 PENDING 状态任务...
2026-09-02 11:14:28,270 - agentgate.task.scheduler - INFO - 找到 0 个待执行任务
2026-09-02 11:14:38,278 - agentgate.task.scheduler - INFO - 开始扫描 PENDING 状态任务...
2026-09-02 11:14:38,279 - agentgate.task.scheduler - INFO - 找到 0 个待执行任务
2026-09-02 11:14:48,288 - agentgate.task.scheduler - INFO - 开始扫描 PENDING 状态任务...
2026-09-02 11:14:48,290 - agentgate.task.scheduler - INFO - 找到 0 个待执行任务
2026-09-02 11:14:58,295 - agentgate.task.scheduler - INFO - 开始扫描 PENDING 状态任务...
2026-09-02 11:14:58,296 - agentgate.task.scheduler - INFO - 找到 0 个待执行任务
2026-09-02 11:15:08,305 - agentgate.task.scheduler - INFO - 开始扫描 PENDING 状态任务...
2026-09-02 11:15:08,307 - agentgate.task.scheduler - INFO - 找到 0 个待执行任务
2026-09-02 11:15:18,312 - agentgate.task.scheduler - INFO - 开始扫描 PENDING 状态任务...
2026-09-02 11:15:18,314 - agentgate.task.scheduler - INFO - 找到 0 个待执行任务
2026-09-02 11:15:28,315 - agentgate.task.scheduler - INFO - 开始扫描 PENDING 状态任务...
2026-09-02 11:15:28,317 - agentgate.task.scheduler - INFO - 找到 0 个待执行任务
2026-09-02 11:15:38,328 - agentgate.task.scheduler - INFO - 开始扫描 PENDING 状态任务...
2026-09-02 11:15:38,329 - agentgate.task.scheduler - INFO - 找到 0 个待执行任务
2026-09-02 11:15:48,342 - agentgate.task.scheduler - INFO - 开始扫描 PENDING 状态任务...
2026-09-02 11:15:48,343 - agentgate.task.scheduler - INFO - 找到 0 个待执行任务
2026-09-02 11:15:58,358 - agentgate.task.scheduler - INFO - 开始扫描 PENDING 状态任务...
2026-09-02 11:15:58,360 - agentgate.task.scheduler - INFO - 找到 0 个待执行任务
2026-09-02 11:16:08,368 - agentgate.task.scheduler - INFO - 开始扫描 PENDING 状态任务...
2026-09-02 11:16:08,370 - agentgate.task.scheduler - INFO - 找到 0 个待执行任务
2026-09-02 11:16:18,373 - agentgate.task.scheduler - INFO - 开始扫描 PENDING 状态任务...
2026-09-02 11:16:18,374 - agentgate.task.scheduler - INFO - 找到 0 个待执行任务
2026-09-02 11:16:28,387 - agentgate.task.scheduler - INFO - 开始扫描 PENDING 状态任务...
2026-09-02 11:16:28,389 - agentgate.task.scheduler - INFO - 找到 0 个待执行任务
2026-09-02 11:16:38,406 - agentgate.task.scheduler - INFO - 开始扫描 PENDING 状态任务...
2026-09-02 11:16:38,407 - agentgate.task.scheduler - INFO - 找到 0 个待执行任务
2026-09-02 11:16:48,421 - agentgate.task.scheduler - INFO - 开始扫描 PENDING 状态任务...
2026-09-02 11:16:48,423 - agentgate.task.scheduler - INFO - 找到 0 个待执行任务
2026-09-02 11:16:58,430 - agentgate.task.scheduler - INFO - 开始扫描 PENDING 状态任务...
2026-09-02 11:16:58,431 - agentgate.task.scheduler - INFO - 找到 0 个待执行任务
2026-09-02 11:17:08,440 - agentgate.task.scheduler - INFO - 开始扫描 PENDING 状态任务...
2026-09-02 11:17:08,442 - agentgate.task.scheduler - INFO - 找到 0 个待执行任务
2026-09-02 11:17:18,449 - agentgate.task.scheduler - INFO - 开始扫描 PENDING 状态任务...
2026-09-02 11:17:18,450 - agentgate.task.scheduler - INFO - 找到 0 个待执行任务
2026-09-02 11:17:28,466 - agentgate.task.scheduler - INFO - 开始扫描 PENDING 状态任务...
2026-09-02 11:17:28,468 - agentgate.task.scheduler - INFO - 找到 0 个待执行任务
2026-09-02 11:17:38,472 - agentgate.task.scheduler - INFO - 开始扫描 PENDING 状态任务...
2026-09-02 11:17:38,474 - agentgate.task.scheduler - INFO - 找到 0 个待执行任务
2026-09-02 11:17:48,483 - agentgate.task.scheduler - INFO - 开始扫描 PENDING 状态任务...
2026-09-02 11:17:48,484 - agentgate.task.scheduler - INFO - 找到 0 个待执行任务
2026-09-02 11:17:58,498 - agentgate.task.scheduler - INFO - 开始扫描 PENDING 状态任务...
2026-09-02 11:17:58,499 - agentgate.task.scheduler - INFO - 找到 0 个待执行任务
2026-09-02 11:18:08,506 - agentgate.task.scheduler - INFO - 开始扫描 PENDING 状态任务...
2026-09-02 11:18:08,508 - agentgate.task.scheduler - INFO - 找到 0 个待执行任务
2026-09-02 11:18:18,522 - agentgate.task.scheduler - INFO - 开始扫描 PENDING 状态任务...
2026-09-02 11:18:18,524 - agentgate.task.scheduler - INFO - 找到 0 个待执行任务
2026-09-02 11:18:28,533 - agentgate.task.scheduler - INFO - 开始扫描 PENDING 状态任务...
2026-09-02 11:18:28,534 - agentgate.task.scheduler - INFO - 找到 0 个待执行任务
2026-09-02 11:18:38,548 - agentgate.task.scheduler - INFO - 开始扫描 PENDING 状态任务...
2026-09-02 11:18:38,549 - agentgate.task.scheduler - INFO - 找到 0 个待执行任务
2026-09-02 11:18:48,552 - agentgate.task.scheduler - INFO - 开始扫描 PENDING 状态任务...
2026-09-02 11:18:48,554 - agentgate.task.scheduler - INFO - 找到 0 个待执行任务
2026-09-02 11:18:58,555 - agentgate.task.scheduler - INFO - 开始扫描 PENDING 状态任务...
2026-09-02 11:18:58,557 - agentgate.task.scheduler - INFO - 找到 0 个待执行任务
2026-09-02 11:19:08,568 - agentgate.task.scheduler - INFO - 开始扫描 PENDING 状态任务...
2026-09-02 11:19:08,570 - agentgate.task.scheduler - INFO - 找到 0 个待执行任务
2026-09-02 11:19:18,576 - agentgate.task.scheduler - INFO - 开始扫描 PENDING 状态任务...
2026-09-02 11:19:18,578 - agentgate.task.scheduler - INFO - 找到 0 个待执行任务
2026-09-02 11:19:28,579 - agentgate.task.scheduler - INFO - 开始扫描 PENDING 状态任务...
2026-09-02 11:19:28,581 - agentgate.task.scheduler - INFO - 找到 0 个待执行任务
2026-09-02 11:19:38,592 - agentgate.task.scheduler - INFO - 开始扫描 PENDING 状态任务...
2026-09-02 11:19:38,593 - agentgate.task.scheduler - INFO - 找到 0 个待执行任务
2026-09-02 11:19:48,608 - agentgate.task.scheduler - INFO - 开始扫描 PENDING 状态任务...
2026-09-02 11:19:48,610 - agentgate.task.scheduler - INFO - 找到 0 个待执行任务
2026-09-02 11:19:58,614 - agentgate.task.scheduler - INFO - 开始扫描 PENDING 状态任务...
2026-09-02 11:19:58,615 - agentgate.task.scheduler - INFO - 找到 0 个待执行任务
2026-09-02 11:20:08,620 - agentgate.task.scheduler - INFO - 开始扫描 PENDING 状态任务...
2026-09-02 11:20:08,621 - agentgate.task.scheduler - INFO - 找到 0 个待执行任务
2026-09-02 11:20:18,625 - agentgate.task.scheduler - INFO - 开始扫描 PENDING 状态任务...
2026-09-02 11:20:18,627 - agentgate.task.scheduler - INFO - 找到 0 个待执行任务
2026-09-02 11:20:28,631 - agentgate.task.scheduler - INFO - 开始扫描 PENDING 状态任务...
2026-09-02 11:20:28,633 - agentgate.task.scheduler - INFO - 找到 0 个待执行任务
2026-09-02 11:20:38,637 - agentgate.task.scheduler - INFO - 开始扫描 PENDING 状态任务...
2026-09-02 11:20:38,639 - agentgate.task.scheduler - INFO - 找到 0 个待执行任务
2026-09-02 11:20:48,641 - agentgate.task.scheduler - INFO - 开始扫描 PENDING 状态任务...
2026-09-02 11:20:48,642 - agentgate.task.scheduler - INFO - 找到 0 个待执行任务
2026-09-02 11:20:58,646 - agentgate.task.scheduler - INFO - 开始扫描 PENDING 状态任务...
2026-09-02 11:20:58,647 - agentgate.task.scheduler - INFO - 找到 0 个待执行任务
2026-09-02 11:21:08,656 - agentgate.task.scheduler - INFO - 开始扫描 PENDING 状态任务...
2026-09-02 11:21:08,657 - agentgate.task.scheduler - INFO - 找到 0 个待执行任务
2026-09-02 11:21:18,671 - agentgate.task.scheduler - INFO - 开始扫描 PENDING 状态任务...
2026-09-02 11:21:18,673 - agentgate.task.scheduler - INFO - 找到 0 个待执行任务
2026-09-02 11:21:28,681 - agentgate.task.scheduler - INFO - 开始扫描 PENDING 状态任务...
2026-09-02 11:21:28,683 - agentgate.task.scheduler - INFO - 找到 0 个待执行任务
2026-09-02 11:21:38,685 - agentgate.task.scheduler - INFO - 开始扫描 PENDING 状态任务...
2026-09-02 11:21:38,687 - agentgate.task.scheduler - INFO - 找到 0 个待执行任务
2026-09-02 11:21:48,699 - agentgate.task.scheduler - INFO - 开始扫描 PENDING 状态任务...
2026-09-02 11:21:48,700 - agentgate.task.scheduler - INFO - 找到 0 个待执行任务
2026-09-02 11:21:58,714 - agentgate.task.scheduler - INFO - 开始扫描 PENDING 状态任务...
2026-09-02 11:21:58,715 - agentgate.task.scheduler - INFO - 找到 0 个待执行任务
2026-09-02 11:22:08,731 - agentgate.task.scheduler - INFO - 开始扫描 PENDING 状态任务...
2026-09-02 11:22:08,732 - agentgate.task.scheduler - INFO - 找到 0 个待执行任务
2026-09-02 11:22:18,742 - agentgate.task.scheduler - INFO - 开始扫描 PENDING 状态任务...
2026-09-02 11:22:18,744 - agentgate.task.scheduler - INFO - 找到 0 个待执行任务
2026-09-02 11:22:28,747 - agentgate.task.scheduler - INFO - 开始扫描 PENDING 状态任务...
2026-09-02 11:22:28,748 - agentgate.task.scheduler - INFO - 找到 0 个待执行任务
2026-09-02 11:22:38,754 - agentgate.task.scheduler - INFO - 开始扫描 PENDING 状态任务...
2026-09-02 11:22:38,755 - agentgate.task.scheduler - INFO - 找到 0 个待执行任务
2026-09-02 11:22:48,764 - agentgate.task.scheduler - INFO - 开始扫描 PENDING 状态任务...
2026-09-02 11:22:48,766 - agentgate.task.scheduler - INFO - 找到 0 个待执行任务
2026-09-02 11:22:58,770 - agentgate.task.scheduler - INFO - 开始扫描 PENDING 状态任务...
2026-09-02 11:22:58,772 - agentgate.task.scheduler - INFO - 找到 0 个待执行任务
2026-09-02 11:23:08,780 - agentgate.task.scheduler - INFO - 开始扫描 PENDING 状态任务...
2026-09-02 11:23:08,781 - agentgate.task.scheduler - INFO - 找到 0 个待执行任务
2026-09-02 11:23:18,791 - agentgate.task.scheduler - INFO - 开始扫描 PENDING 状态任务...
2026-09-02 11:23:18,793 - agentgate.task.scheduler - INFO - 找到 0 个待执行任务
2026-09-02 11:23:28,796 - agentgate.task.scheduler - INFO - 开始扫描 PENDING 状态任务...
2026-09-02 11:23:28,798 - agentgate.task.scheduler - INFO - 找到 0 个待执行任务
2026-09-02 11:23:38,814 - agentgate.task.scheduler - INFO - 开始扫描 PENDING 状态任务...
2026-09-02 11:23:38,815 - agentgate.task.scheduler - INFO - 找到 0 个待执行任务
2026-09-02 11:23:48,832 - agentgate.task.scheduler - INFO - 开始扫描 PENDING 状态任务...
2026-09-02 11:23:48,833 - agentgate.task.scheduler - INFO - 找到 0 个待执行任务
2026-09-02 11:23:58,848 - agentgate.task.scheduler - INFO - 开始扫描 PENDING 状态任务...
2026-09-02 11:23:58,850 - agentgate.task.scheduler - INFO - 找到 0 个待执行任务
2026-09-02 11:24:08,856 - agentgate.task.scheduler - INFO - 开始扫描 PENDING 状态任务...
2026-09-02 11:24:08,858 - agentgate.task.scheduler - INFO - 找到 0 个待执行任务
2026-09-02 11:24:18,862 - agentgate.task.scheduler - INFO - 开始扫描 PENDING 状态任务...
2026-09-02 11:24:18,863 - agentgate.task.scheduler - INFO - 找到 0 个待执行任务
2026-09-02 11:24:28,868 - agentgate.task.scheduler - INFO - 开始扫描 PENDING 状态任务...
2026-09-02 11:24:28,870 - agentgate.task.scheduler - INFO - 找到 0 个待执行任务
2026-09-02 11:24:38,885 - agentgate.task.scheduler - INFO - 开始扫描 PENDING 状态任务...
2026-09-02 11:24:38,887 - agentgate.task.scheduler - INFO - 找到 0 个待执行任务
2026-09-02 11:24:48,888 - agentgate.task.scheduler - INFO - 开始扫描 PENDING 状态任务...
2026-09-02 11:24:48,889 - agentgate.task.scheduler - INFO - 找到 0 个待执行任务
2026-09-02 11:24:58,894 - agentgate.task.scheduler - INFO - 开始扫描 PENDING 状态任务...
2026-09-02 11:24:58,896 - agentgate.task.scheduler - INFO - 找到 0 个待执行任务
2026-09-02 11:25:08,910 - agentgate.task.scheduler - INFO - 开始扫描 PENDING 状态任务...
2026-09-02 11:25:08,911 - agentgate.task.scheduler - INFO - 找到 0 个待执行任务
2026-09-02 11:25:18,918 - agentgate.task.scheduler - INFO - 开始扫描 PENDING 状态任务...
2026-09-02 11:25:18,920 - agentgate.task.scheduler - INFO - 找到 0 个待执行任务
2026-09-02 11:25:28,933 - agentgate.task.scheduler - INFO - 开始扫描 PENDING 状态任务...
2026-09-02 11:25:28,936 - agentgate.task.scheduler - INFO - 找到 0 个待执行任务
2026-09-02 11:25:38,950 - agentgate.task.scheduler - INFO - 开始扫描 PENDING 状态任务...
2026-09-02 11:25:38,951 - agentgate.task.scheduler - INFO - 找到 0 个待执行任务
2026-09-02 11:25:48,967 - agentgate.task.scheduler - INFO - 开始扫描 PENDING 状态任务...
2026-09-02 11:25:48,968 - agentgate.task.scheduler - INFO - 找到 0 个待执行任务
2026-09-02 11:25:58,976 - agentgate.task.scheduler - INFO - 开始扫描 PENDING 状态任务...
2026-09-02 11:25:58,977 - agentgate.task.scheduler - INFO - 找到 0 个待执行任务
2026-09-02 11:26:08,993 - agentgate.task.scheduler - INFO - 开始扫描 PENDING 状态任务...
2026-09-02 11:26:08,995 - agentgate.task.scheduler - INFO - 找到 0 个待执行任务
2026-09-02 11:26:19,007 - agentgate.task.scheduler - INFO - 开始扫描 PENDING 状态任务...
2026-09-02 11:26:19,009 - agentgate.task.scheduler - INFO - 找到 0 个待执行任务
2026-09-02 11:26:29,011 - agentgate.task.scheduler - INFO - 开始扫描 PENDING 状态任务...
2026-09-02 11:26:29,012 - agentgate.task.scheduler - INFO - 找到 0 个待执行任务
2026-09-02 11:26:39,019 - agentgate.task.scheduler - INFO - 开始扫描 PENDING 状态任务...
2026-09-02 11:26:39,021 - agentgate.task.scheduler - INFO - 找到 0 个待执行任务
2026-09-02 11:26:49,028 - agentgate.task.scheduler - INFO - 开始扫描 PENDING 状态任务...
2026-09-02 11:26:49,029 - agentgate.task.scheduler - INFO - 找到 0 个待执行任务
2026-09-02 11:26:59,032 - agentgate.task.scheduler - INFO - 开始扫描 PENDING 状态任务...
2026-09-02 11:26:59,034 - agentgate.task.scheduler - INFO - 找到 0 个待执行任务
2026-09-02 11:27:09,048 - agentgate.task.scheduler - INFO - 开始扫描 PENDING 状态任务...
2026-09-02 11:27:09,049 - agentgate.task.scheduler - INFO - 找到 0 个待执行任务
2026-09-02 11:27:19,054 - agentgate.task.scheduler - INFO - 开始扫描 PENDING 状态任务...
2026-09-02 11:27:19,055 - agentgate.task.scheduler - INFO - 找到 0 个待执行任务
2026-09-02 11:27:29,063 - agentgate.task.scheduler - INFO - 开始扫描 PENDING 状态任务...
2026-09-02 11:27:29,065 - agentgate.task.scheduler - INFO - 找到 0 个待执行任务
2026-09-02 11:27:39,068 - agentgate.task.scheduler - INFO - 开始扫描 PENDING 状态任务...
2026-09-02 11:27:39,069 - agentgate.task.scheduler - INFO - 找到 0 个待执行任务
2026-09-02 11:27:49,084 - agentgate.task.scheduler - INFO - 开始扫描 PENDING 状态任务...
2026-09-02 11:27:49,085 - agentgate.task.scheduler - INFO - 找到 0 个待执行任务
2026-09-02 11:27:59,092 - agentgate.task.scheduler - INFO - 开始扫描 PENDING 状态任务...
2026-09-02 11:27:59,094 - agentgate.task.scheduler - INFO - 找到 0 个待执行任务
2026-09-02 11:28:09,096 - agentgate.task.scheduler - INFO - 开始扫描 PENDING 状态任务...
2026-09-02 11:28:09,098 - agentgate.task.scheduler - INFO - 找到 0 个待执行任务
2026-09-02 11:28:19,108 - agentgate.task.scheduler - INFO - 开始扫描 PENDING 状态任务...
2026-09-02 11:28:19,110 - agentgate.task.scheduler - INFO - 找到 0 个待执行任务
2026-09-02 11:28:29,113 - agentgate.task.scheduler - INFO - 开始扫描 PENDING 状态任务...
2026-09-02 11:28:29,115 - agentgate.task.scheduler - INFO - 找到 0 个待执行任务
2026-09-02 11:28:39,118 - agentgate.task.scheduler - INFO - 开始扫描 PENDING 状态任务...
2026-09-02 11:28:39,120 - agentgate.task.scheduler - INFO - 找到 0 个待执行任务
2026-09-02 11:28:49,130 - agentgate.task.scheduler - INFO - 开始扫描 PENDING 状态任务...
2026-09-02 11:28:49,132 - agentgate.task.scheduler - INFO - 找到 0 个待执行任务
2026-09-02 11:28:59,134 - agentgate.task.scheduler - INFO - 开始扫描 PENDING 状态任务...
2026-09-02 11:28:59,135 - agentgate.task.scheduler - INFO - 找到 0 个待执行任务
2026-09-02 11:29:09,139 - agentgate.task.scheduler - INFO - 开始扫描 PENDING 状态任务...
2026-09-02 11:29:09,141 - agentgate.task.scheduler - INFO - 找到 0 个待执行任务
2026-09-02 11:29:19,157 - agentgate.task.scheduler - INFO - 开始扫描 PENDING 状态任务...
2026-09-02 11:29:19,158 - agentgate.task.scheduler - INFO - 找到 0 个待执行任务
2026-09-02 11:29:29,160 - agentgate.task.scheduler - INFO - 开始扫描 PENDING 状态任务...
2026-09-02 11:29:29,162 - agentgate.task.scheduler - INFO - 找到 0 个待执行任务
2026-09-02 11:29:39,176 - agentgate.task.scheduler - INFO - 开始扫描 PENDING 状态任务...
2026-09-02 11:29:39,178 - agentgate.task.scheduler - INFO - 找到 0 个待执行任务
2026-09-02 11:29:49,189 - agentgate.task.scheduler - INFO - 开始扫描 PENDING 状态任务...
2026-09-02 11:29:49,190 - agentgate.task.scheduler - INFO - 找到 0 个待执行任务
2026-09-02 11:29:59,199 - agentgate.task.scheduler - INFO - 开始扫描 PENDING 状态任务...
2026-09-02 11:29:59,201 - agentgate.task.scheduler - INFO - 找到 0 个待执行任务
2026-09-02 11:30:09,204 - agentgate.task.scheduler - INFO - 开始扫描 PENDING 状态任务...
2026-09-02 11:30:09,205 - agentgate.task.scheduler - INFO - 找到 0 个待执行任务
2026-09-02 11:30:19,209 - agentgate.task.scheduler - INFO - 开始扫描 PENDING 状态任务...
2026-09-02 11:30:19,211 - agentgate.task.scheduler - INFO - 找到 0 个待执行任务
2026-09-02 11:30:29,222 - agentgate.task.scheduler - INFO - 开始扫描 PENDING 状态任务...
2026-09-02 11:30:29,224 - agentgate.task.scheduler - INFO - 找到 0 个待执行任务
2026-09-02 11:30:39,239 - agentgate.task.scheduler - INFO - 开始扫描 PENDING 状态任务...
2026-09-02 11:30:39,241 - agentgate.task.scheduler - INFO - 找到 0 个待执行任务
2026-09-02 11:30:49,250 - agentgate.task.scheduler - INFO - 开始扫描 PENDING 状态任务...
2026-09-02 11:30:49,252 - agentgate.task.scheduler - INFO - 找到 0 个待执行任务
2026-09-02 11:30:59,263 - agentgate.task.scheduler - INFO - 开始扫描 PENDING 状态任务...
2026-09-02 11:30:59,265 - agentgate.task.scheduler - INFO - 找到 0 个待执行任务
2026-09-02 11:31:09,275 - agentgate.task.scheduler - INFO - 开始扫描 PENDING 状态任务...
2026-09-02 11:31:09,277 - agentgate.task.scheduler - INFO - 找到 0 个待执行任务
2026-09-02 11:31:19,292 - agentgate.task.scheduler - INFO - 开始扫描 PENDING 状态任务...
2026-09-02 11:31:19,293 - agentgate.task.scheduler - INFO - 找到 0 个待执行任务
2026-09-02 11:31:29,307 - agentgate.task.scheduler - INFO - 开始扫描 PENDING 状态任务...
2026-09-02 11:31:29,308 - agentgate.task.scheduler - INFO - 找到 0 个待执行任务
2026-09-02 11:31:39,315 - agentgate.task.scheduler - INFO - 开始扫描 PENDING 状态任务...
2026-09-02 11:31:39,317 - agentgate.task.scheduler - INFO - 找到 0 个待执行任务
2026-09-02 11:31:49,326 - agentgate.task.scheduler - INFO - 开始扫描 PENDING 状态任务...
2026-09-02 11:31:49,327 - agentgate.task.scheduler - INFO - 找到 0 个待执行任务
2026-09-02 11:31:59,333 - agentgate.task.scheduler - INFO - 开始扫描 PENDING 状态任务...
2026-09-02 11:31:59,335 - agentgate.task.scheduler - INFO - 找到 0 个待执行任务
2026-09-02 11:32:09,347 - agentgate.task.scheduler - INFO - 开始扫描 PENDING 状态任务...
2026-09-02 11:32:09,349 - agentgate.task.scheduler - INFO - 找到 0 个待执行任务
2026-09-02 11:32:19,356 - agentgate.task.scheduler - INFO - 开始扫描 PENDING 状态任务...
2026-09-02 11:32:19,358 - agentgate.task.scheduler - INFO - 找到 0 个待执行任务
2026-09-02 11:32:29,366 - agentgate.task.scheduler - INFO - 开始扫描 PENDING 状态任务...
2026-09-02 11:32:29,368 - agentgate.task.scheduler - INFO - 找到 0 个待执行任务
2026-09-02 11:32:39,378 - agentgate.task.scheduler - INFO - 开始扫描 PENDING 状态任务...
2026-09-02 11:32:39,380 - agentgate.task.scheduler - INFO - 找到 0 个待执行任务
2026-09-02 11:32:49,384 - agentgate.task.scheduler - INFO - 开始扫描 PENDING 状态任务...
2026-09-02 11:32:49,385 - agentgate.task.scheduler - INFO - 找到 0 个待执行任务
2026-09-02 11:32:59,395 - agentgate.task.scheduler - INFO - 开始扫描 PENDING 状态任务...
2026-09-02 11:32:59,396 - agentgate.task.scheduler - INFO - 找到 0 个待执行任务
2026-09-02 11:33:09,402 - agentgate.task.scheduler - INFO - 开始扫描 PENDING 状态任务...
2026-09-02 11:33:09,403 - agentgate.task.scheduler - INFO - 找到 0 个待执行任务
2026-09-02 11:33:19,411 - agentgate.task.scheduler - INFO - 开始扫描 PENDING 状态任务...
2026-09-02 11:33:19,413 - agentgate.task.scheduler - INFO - 找到 0 个待执行任务
2026-09-02 11:33:29,423 - agentgate.task.scheduler - INFO - 开始扫描 PENDING 状态任务...
2026-09-02 11:33:29,425 - agentgate.task.scheduler - INFO - 找到 0 个待执行任务
2026-09-02 11:33:39,428 - agentgate.task.scheduler - INFO - 开始扫描 PENDING 状态任务...
2026-09-02 11:33:39,429 - agentgate.task.scheduler - INFO - 找到 0 个待执行任务
2026-09-02 11:33:49,445 - agentgate.task.scheduler - INFO - 开始扫描 PENDING 状态任务...
2026-09-02 11:33:49,447 - agentgate.task.scheduler - INFO - 找到 0 个待执行任务
2026-09-02 11:33:59,456 - agentgate.task.scheduler - INFO - 开始扫描 PENDING 状态任务...
2026-09-02 11:33:59,457 - agentgate.task.scheduler - INFO - 找到 0 个待执行任务
2026-09-02 11:34:09,469 - agentgate.task.scheduler - INFO - 开始扫描 PENDING 状态任务...
2026-09-02 11:34:09,471 - agentgate.task.scheduler - INFO - 找到 0 个待执行任务
2026-09-02 11:34:19,472 - agentgate.task.scheduler - INFO - 开始扫描 PENDING 状态任务...
2026-09-02 11:34:19,474 - agentgate.task.scheduler - INFO - 找到 0 个待执行任务
2026-09-02 11:34:29,484 - agentgate.task.scheduler - INFO - 开始扫描 PENDING 状态任务...
2026-09-02 11:34:29,486 - agentgate.task.scheduler - INFO - 找到 0 个待执行任务
2026-09-02 11:34:39,500 - agentgate.task.scheduler - INFO - 开始扫描 PENDING 状态任务...
2026-09-02 11:34:39,501 - agentgate.task.scheduler - INFO - 找到 0 个待执行任务
2026-09-02 11:34:49,503 - agentgate.task.scheduler - INFO - 开始扫描 PENDING 状态任务...
2026-09-02 11:34:49,505 - agentgate.task.scheduler - INFO - 找到 0 个待执行任务
2026-09-02 11:34:59,511 - agentgate.task.scheduler - INFO - 开始扫描 PENDING 状态任务...
2026-09-02 11:34:59,513 - agentgate.task.scheduler - INFO - 找到 0 个待执行任务
2026-09-02 11:35:09,524 - agentgate.task.scheduler - INFO - 开始扫描 PENDING 状态任务...
2026-09-02 11:35:09,526 - agentgate.task.scheduler - INFO - 找到 0 个待执行任务
2026-09-02 11:35:19,531 - agentgate.task.scheduler - INFO - 开始扫描 PENDING 状态任务...
2026-09-02 11:35:19,532 - agentgate.task.scheduler - INFO - 找到 0 个待执行任务
2026-09-02 11:35:29,535 - agentgate.task.scheduler - INFO - 开始扫描 PENDING 状态任务...
2026-09-02 11:35:29,537 - agentgate.task.scheduler - INFO - 找到 0 个待执行任务
2026-09-02 11:35:39,549 - agentgate.task.scheduler - INFO - 开始扫描 PENDING 状态任务...
2026-09-02 11:35:39,550 - agentgate.task.scheduler - INFO - 找到 0 个待执行任务
2026-09-02 11:35:49,552 - agentgate.task.scheduler - INFO - 开始扫描 PENDING 状态任务...
2026-09-02 11:35:49,553 - agentgate.task.scheduler - INFO - 找到 0 个待执行任务
2026-09-02 11:35:59,554 - agentgate.task.scheduler - INFO - 开始扫描 PENDING 状态任务...
2026-09-02 11:35:59,556 - agentgate.task.scheduler - INFO - 找到 0 个待执行任务
2026-09-02 11:36:09,570 - agentgate.task.scheduler - INFO - 开始扫描 PENDING 状态任务...
2026-09-02 11:36:09,571 - agentgate.task.scheduler - INFO - 找到 0 个待执行任务
2026-09-02 11:36:19,585 - agentgate.task.scheduler - INFO - 开始扫描 PENDING 状态任务...
2026-09-02 11:36:19,586 - agentgate.task.scheduler - INFO - 找到 0 个待执行任务
2026-09-02 11:36:29,593 - agentgate.task.scheduler - INFO - 开始扫描 PENDING 状态任务...
2026-09-02 11:36:29,594 - agentgate.task.scheduler - INFO - 找到 0 个待执行任务
2026-09-02 11:36:39,605 - agentgate.task.scheduler - INFO - 开始扫描 PENDING 状态任务...
2026-09-02 11:36:39,607 - agentgate.task.scheduler - INFO - 找到 0 个待执行任务
2026-09-02 11:36:49,611 - agentgate.task.scheduler - INFO - 开始扫描 PENDING 状态任务...
2026-09-02 11:36:49,613 - agentgate.task.scheduler - INFO - 找到 0 个待执行任务
2026-09-02 11:36:59,624 - agentgate.task.scheduler - INFO - 开始扫描 PENDING 状态任务...
2026-09-02 11:36:59,626 - agentgate.task.scheduler - INFO - 找到 0 个待执行任务
2026-09-02 11:37:09,639 - agentgate.task.scheduler - INFO - 开始扫描 PENDING 状态任务...
2026-09-02 11:37:09,640 - agentgate.task.scheduler - INFO - 找到 0 个待执行任务
2026-09-02 11:37:19,650 - agentgate.task.scheduler - INFO - 开始扫描 PENDING 状态任务...
2026-09-02 11:37:19,652 - agentgate.task.scheduler - INFO - 找到 0 个待执行任务
2026-09-02 11:37:29,655 - agentgate.task.scheduler - INFO - 开始扫描 PENDING 状态任务...
2026-09-02 11:37:29,657 - agentgate.task.scheduler - INFO - 找到 0 个待执行任务
2026-09-02 11:37:39,658 - agentgate.task.scheduler - INFO - 开始扫描 PENDING 状态任务...
2026-09-02 11:37:39,659 - agentgate.task.scheduler - INFO - 找到 0 个待执行任务
2026-09-02 11:37:49,665 - agentgate.task.scheduler - INFO - 开始扫描 PENDING 状态任务...
2026-09-02 11:37:49,666 - agentgate.task.scheduler - INFO - 找到 0 个待执行任务
2026-09-02 11:37:59,668 - agentgate.task.scheduler - INFO - 开始扫描 PENDING 状态任务...
2026-09-02 11:37:59,669 - agentgate.task.scheduler - INFO - 找到 0 个待执行任务
2026-09-02 11:38:09,671 - agentgate.task.scheduler - INFO - 开始扫描 PENDING 状态任务...
2026-09-02 11:38:09,672 - agentgate.task.scheduler - INFO - 找到 0 个待执行任务
2026-09-02 11:38:19,686 - agentgate.task.scheduler - INFO - 开始扫描 PENDING 状态任务...
2026-09-02 11:38:19,687 - agentgate.task.scheduler - INFO - 找到 0 个待执行任务
2026-09-02 11:38:29,694 - agentgate.task.scheduler - INFO - 开始扫描 PENDING 状态任务...
2026-09-02 11:38:29,695 - agentgate.task.scheduler - INFO - 找到 0 个待执行任务
2026-09-02 11:38:39,710 - agentgate.task.scheduler - INFO - 开始扫描 PENDING 状态任务...
2026-09-02 11:38:39,712 - agentgate.task.scheduler - INFO - 找到 0 个待执行任务
2026-09-02 11:38:49,718 - agentgate.task.scheduler - INFO - 开始扫描 PENDING 状态任务...
2026-09-02 11:38:49,720 - agentgate.task.scheduler - INFO - 找到 0 个待执行任务
2026-09-02 11:38:59,734 - agentgate.task.scheduler - INFO - 开始扫描 PENDING 状态任务...
2026-09-02 11:38:59,736 - agentgate.task.scheduler - INFO - 找到 0 个待执行任务
2026-09-02 11:39:09,751 - agentgate.task.scheduler - INFO - 开始扫描 PENDING 状态任务...
2026-09-02 11:39:09,752 - agentgate.task.scheduler - INFO - 找到 0 个待执行任务
2026-09-02 11:39:19,756 - agentgate.task.scheduler - INFO - 开始扫描 PENDING 状态任务...
2026-09-02 11:39:19,757 - agentgate.task.scheduler - INFO - 找到 0 个待执行任务
2026-09-02 11:39:29,761 - agentgate.task.scheduler - INFO - 开始扫描 PENDING 状态任务...
2026-09-02 11:39:29,763 - agentgate.task.scheduler - INFO - 找到 0 个待执行任务
2026-09-02 11:39:39,767 - agentgate.task.scheduler - INFO - 开始扫描 PENDING 状态任务...
2026-09-02 11:39:39,770 - agentgate.task.scheduler - INFO - 找到 0 个待执行任务
2026-09-02 11:39:49,779 - agentgate.task.scheduler - INFO - 开始扫描 PENDING 状态任务...
2026-09-02 11:39:49,782 - agentgate.task.scheduler - INFO - 找到 0 个待执行任务
2026-09-02 11:39:59,786 - agentgate.task.scheduler - INFO - 开始扫描 PENDING 状态任务...
2026-09-02 11:39:59,787 - agentgate.task.scheduler - INFO - 找到 0 个待执行任务
2026-09-02 11:40:09,804 - agentgate.task.scheduler - INFO - 开始扫描 PENDING 状态任务...
2026-09-02 11:40:09,805 - agentgate.task.scheduler - INFO - 找到 0 个待执行任务
2026-09-02 11:40:19,822 - agentgate.task.scheduler - INFO - 开始扫描 PENDING 状态任务...
2026-09-02 11:40:19,823 - agentgate.task.scheduler - INFO - 找到 0 个待执行任务
2026-09-02 11:40:29,829 - agentgate.task.scheduler - INFO - 开始扫描 PENDING 状态任务...
2026-09-02 11:40:29,831 - agentgate.task.scheduler - INFO - 找到 0 个待执行任务
2026-09-02 11:40:39,840 - agentgate.task.scheduler - INFO - 开始扫描 PENDING 状态任务...
2026-09-02 11:40:39,841 - agentgate.task.scheduler - INFO - 找到 0 个待执行任务
2026-09-02 11:40:49,845 - agentgate.task.scheduler - INFO - 开始扫描 PENDING 状态任务...
2026-09-02 11:40:49,847 - agentgate.task.scheduler - INFO - 找到 0 个待执行任务
2026-09-02 11:40:59,851 - agentgate.task.scheduler - INFO - 开始扫描 PENDING 状态任务...
2026-09-02 11:40:59,853 - agentgate.task.scheduler - INFO - 找到 0 个待执行任务
2026-09-02 11:41:09,862 - agentgate.task.scheduler - INFO - 开始扫描 PENDING 状态任务...
2026-09-02 11:41:09,865 - agentgate.task.scheduler - INFO - 找到 0 个待执行任务
